location,Basel,Basel,Basel,Basel
lat,47.75000,47.75000,47.75000,47.75000
lon,7.50000,7.50000,7.50000,7.50000
asl,363.653,363.653,363.653,363.653
variable,Temperature,Relative Humidity,Wind Speed,Wind Direction
unit,°C,%,km/h,°
level,2 m elevation corrected,2 m,10 m,10 m
resolution,hourly,hourly,hourly,hourly
aggregation,None,None,None,None
timestamp,Basel Temperature [2 m elevation corrected],Basel Relative Humidity [2 m],Basel Wind Speed [10 m],Basel Wind Direction [10 m]
20240101T0000,6.5302453,81.2849,15.94601,208.30075
20240101T0100,6.2402453,83.22755,15.683774,211.86598
20240101T0200,6.210245,84.7112,16.704155,217.11687
20240101T0300,6.170245,84.94641,16.363178,219.64418
20240101T0400,6.1602454,83.80913,16.323528,221.42366
20240101T0500,6.130245,84.10285,15.629971,218.4537
20240101T0600,6.020245,84.32747,15.9134655,217.64761
20240101T0700,6.040245,84.449776,15.192682,216.32683
20240101T0800,6.290245,82.822174,14.693999,210.96376
20240101T0900,6.8402452,81.61914,15.696165,216.60707
20240101T1000,7.4302454,78.20641,14.291592,220.91438
20240101T1100,8.080246,75.3871,16.323528,228.57634
20240101T1200,8.210245,75.784424,16.279802,234.90419
20240101T1300,8.190246,76.4252,14.57889,237.09476
20240101T1400,8.290245,75.05355,13.089354,238.49574
20240101T1500,8.080246,75.12102,9.504272,232.69606
20240101T1600,7.0102453,79.64705,7.928177,219.47246
20240101T1700,5.7202454,85.010635,7.342588,191.30994
20240101T1800,5.2602453,86.418076,7.92,180.0
20240101T1900,5.420245,85.39759,7.928178,182.60257
20240101T2000,5.110245,86.277504,8.64,180.0
20240101T2100,5.3102455,84.65669,8.647496,177.61406
20240101T2200,5.6002455,84.45306,10.086427,177.95459
20240101T2300,5.8302455,82.46372,10.538843,187.85332
20240102T0000,6.1602454,80.252014,12.371645,188.36589
20240102T0100,6.6402454,77.46423,15.192682,193.70695
20240102T0200,7.3502455,72.56643,17.309973,196.92752
20240102T0300,7.5702453,75.34709,19.721298,201.41296
20240102T0400,7.7202454,79.81503,22.057161,206.14685
20240102T0500,7.960245,82.068115,23.675304,208.12373
20240102T0600,8.350245,82.065636,24.162947,208.4742
20240102T0700,8.590245,81.8136,24.514387,209.95361
20240102T0800,8.820246,82.017204,24.863466,214.38034
20240102T0900,9.110246,81.716576,24.569836,219.05313
20240102T1000,9.270246,82.8227,22.392464,216.50143
20240102T1100,9.8102455,80.58039,23.710857,210.06859
20240102T1200,9.890245,80.59219,25.071098,212.09259
20240102T1300,9.820246,82.49687,24.850431,218.53018
20240102T1400,9.690246,85.31209,25.133053,218.01895
20240102T1500,9.670245,86.19404,25.199997,216.8699
20240102T1600,9.740245,85.788315,25.376808,211.66075
20240102T1700,9.930245,85.34003,24.967499,204.71744
20240102T1800,10.280245,83.643074,25.759504,206.56505
20240102T1900,10.590245,81.530655,27.871534,215.53767
20240102T2000,10.770246,81.33253,29.301876,222.51045
20240102T2100,10.940246,79.42699,29.784426,224.5103
20240102T2200,11.170245,76.72658,27.026386,228.2397
20240102T2300,11.150246,76.09163,27.80403,228.6745
20240103T0000,10.960245,79.53919,25.772078,228.96466
20240103T0100,10.930245,80.08247,23.507751,229.96974
20240103T0200,10.930245,79.589264,21.897945,226.33223
20240103T0300,10.760245,80.112114,21.897945,226.33223
20240103T0400,10.670245,80.87297,23.113008,232.59465
20240103T0500,10.670245,78.84078,23.4,233.1301
20240103T0600,10.630245,76.74078,23.557316,231.20346
20240103T0700,10.520246,75.56196,24.216522,228.01279
20240103T0800,10.790245,72.42809,24.703974,223.22853
20240103T0900,11.270246,67.461555,24.951921,223.83087
20240103T1000,11.630245,65.40755,24.122686,232.27501
20240103T1100,11.880245,63.438194,23.979893,234.16235
20240103T1200,12.270246,65.00892,23.557316,231.20346
20240103T1300,12.360246,65.66552,24.522314,229.76364
20240103T1400,12.230246,66.55447,25.537172,229.57393
20240103T1500,11.680245,69.11898,23.950148,227.43665
20240103T1600,11.340245,68.75921,23.419376,225.0
20240103T1700,11.000245,68.11295,26.478971,226.10172
20240103T1800,10.100245,78.64177,28.963785,237.69266
20240103T1900,9.920245,77.90736,27.553524,241.09082
20240103T2000,10.000245,75.943535,27.047956,243.0939
20240103T2100,9.880245,73.67892,25.284714,241.9755
20240103T2200,9.600245,73.21427,22.366402,236.82149
20240103T2300,9.540245,73.71763,24.766848,237.46494
20240104T0000,9.330245,73.98857,25.683926,238.76079
20240104T0100,9.160245,75.212715,25.376808,238.33925
20240104T0200,8.980246,75.70946,26.727423,242.74467
20240104T0300,8.760245,79.25285,24.472057,243.81189
20240104T0400,8.490246,80.89044,23.510508,244.61209
20240104T0500,8.360246,80.92777,20.929594,243.43495
20240104T0600,8.480246,78.60014,21.413193,243.00417
20240104T0700,8.330246,78.74142,19.513195,240.12401
20240104T0800,8.350245,78.74465,17.673029,236.63364
20240104T0900,8.480246,82.25587,18.775303,237.52881
20240104T1000,8.730246,81.09537,17.208603,232.65065
20240104T1100,9.210245,78.71801,18.723461,232.0284
20240104T1200,9.740245,77.76958,19.386593,238.67131
20240104T1300,9.940246,76.03872,16.179987,237.72437
20240104T1400,9.890245,74.14545,12.88981,234.09029
20240104T1500,9.380245,75.78089,9.220499,231.3402
20240104T1600,7.3902454,82.79874,6.9247384,207.89728
20240104T1700,8.090245,79.87262,5.771239,176.42366
20240104T1800,5.480245,90.58234,4.896529,162.89728
20240104T1900,5.1202455,92.62564,5.8048253,150.25511
20240104T2000,4.7602453,93.589226,6.6087217,150.64224
20240104T2100,4.2402453,95.70598,6.6087217,150.64224
20240104T2200,3.9602456,95.42036,6.297428,149.03624
20240104T2300,4.0502453,95.76462,8.373386,154.53665
20240105T0000,4.150245,95.90553,7.9036193,149.93141
20240105T0100,4.3302455,95.37175,7.4128532,150.94539
20240105T0200,4.380245,94.29815,7.24486,153.43495
20240105T0300,4.4402456,93.104416,6.763786,154.79887
20240105T0400,4.770245,91.68544,6.439876,153.43495
20240105T0500,5.0502453,90.67364,6.439876,153.43495
20240105T0600,5.5602455,88.68788,6.9527545,158.7495
20240105T0700,5.8902454,88.84601,6.763786,154.79887
20240105T0800,5.8902454,90.68127,6.12,151.9275
20240105T0900,6.5902452,90.10664,6.151683,159.44395
20240105T1000,6.900245,91.337685,6.87779,173.991
20240105T1100,7.4302454,91.37885,6.849467,183.01279
20240105T1200,7.900245,90.344864,6.2145634,190.00798
20240105T1300,8.240246,88.45523,6.5693827,189.46233
20240105T1400,8.280246,89.01207,5.7599998,180.0
20240105T1500,8.090245,89.67528,5.04,180.0
20240105T1600,7.420245,91.061104,5.4119864,183.81407
20240105T1700,7.110245,92.05645,4.6938252,175.60129
20240105T1800,6.4902453,94.15688,4.73506,171.25385
20240105T1900,5.9702454,95.85516,3.2599385,173.6598
20240105T2000,5.650245,95.63918,2.2768397,198.43495
20240105T2100,5.860245,93.72487,3.6179552,275.7106
20240105T2200,5.9502454,93.07531,4.6938257,302.4712
20240105T2300,5.790245,92.28286,6.4096174,321.84277
20240106T0000,5.7402453,92.14943,5.3517847,317.72632
20240106T0100,5.630245,91.236595,4.5536795,288.43497
20240106T0200,5.4102454,90.4483,5.2416787,285.9454
20240106T0300,5.210245,89.91965,4.3349743,265.23636
20240106T0400,5.040245,89.96792,4.379589,260.5377
20240106T0500,4.920245,90.59809,3.9763298,264.80557
20240106T0600,4.8502455,90.39915,3.7585104,253.30075
20240106T0700,4.5802455,91.02076,4.0249224,259.69516
20240106T0800,4.6602454,89.933075,3.2599385,263.65982
20240106T0900,5.2002454,89.030235,4.1046314,285.25513
20240106T1000,5.5602455,87.06864,5.506941,281.30994
20240106T1100,5.980245,84.561966,5.815978,291.8014
20240106T1200,6.2602453,82.23217,4.829907,296.56506
20240106T1300,6.2602453,81.998856,5.1165614,309.2894
20240106T1400,6.0702453,83.44102,6.792466,327.99463
20240106T1500,5.860245,84.06746,5.495161,328.39252
20240106T1600,5.4702454,85.952255,3.8939953,326.30994
20240106T1700,5.210245,86.227806,4.510787,331.38956
20240106T1800,5.1602454,86.59128,4.198285,329.03625
20240106T1900,5.1202455,87.32979,4.8965297,323.97263
20240106T2000,4.960245,88.375725,6.4096174,321.84277
20240106T2100,4.790245,89.49821,6.489992,326.30994
20240106T2200,4.730245,91.68229,4.1046314,344.74487
20240106T2300,4.6002455,92.325615,6.924738,351.02737
20240107T0000,4.5702453,92.586044,8.669949,355.23636
20240107T0100,4.4902453,93.77111,9.746631,355.7636
20240107T0200,4.3302455,94.832115,10.823973,356.18594
20240107T0300,4.1902456,95.83943,11.183201,356.30862
20240107T0400,4.0902452,95.3593,11.165805,358.1524
20240107T0500,3.8402452,95.21054,11.542478,356.42368
20240107T0600,3.6002455,95.19762,11.183201,356.30862
20240107T0700,3.4702454,96.14667,11.212135,354.47247
20240107T0800,3.4102454,96.14385,12.015589,351.38434
20240107T0900,3.5402455,96.149956,14.154915,352.69427
20240107T1000,4.1002455,95.76707,12.181625,341.0296
20240107T1100,4.3702455,92.90125,13.138765,350.5377
20240107T1200,4.7402453,88.47911,13.039754,353.65985
20240107T1300,4.730245,88.03747,12.6462,355.1009
20240107T1400,4.5402455,88.52173,15.856356,2.6025543
20240107T1500,4.0402455,88.5971,15.188415,5.440323
20240107T1600,3.4702454,89.49933,15.745627,10.539185
20240107T1700,2.7902455,90.27736,16.454008,10.080597
20240107T1800,2.2102454,90.68294,15.893093,13.091873
20240107T1900,1.7202454,91.16808,15.893093,13.091873
20240107T2000,1.3402455,90.53691,16.418526,15.255127
20240107T2100,0.9502454,89.11544,15.111424,12.380737
20240107T2200,0.4902454,88.93581,13.493999,9.211014
20240107T2300,0.080245405,87.45406,15.39184,10.7842865
20240108T0000,-0.35975462,86.6239,16.167967,11.560135
20240108T0100,-0.72975457,85.547104,15.39184,10.7842865
20240108T0200,-0.9597546,84.81319,14.917212,8.325638
20240108T0300,-1.1597546,83.51814,14.685176,11.309921
20240108T0400,-1.1797546,81.460526,14.408997,12.994629
20240108T0500,-1.1897546,79.14838,13.896187,16.557053
20240108T0600,-1.1797546,77.308586,13.450708,15.524109
20240108T0700,-1.1797546,75.90907,13.1041975,15.945404
20240108T0800,-1.0897546,74.892456,13.32,18.924637
20240108T0900,-0.9497546,74.63593,14.33234,25.27771
20240108T1000,-0.7197546,71.5616,15.484185,35.53766
20240108T1100,-0.61975455,69.63993,14.982228,35.217575
20240108T1200,-0.3797546,68.53212,14.84318,39.09384
20240108T1300,-0.28975457,67.978546,15.021105,44.028976
20240108T1400,-0.2697546,68.03541,15.273505,44.999985
20240108T1500,-0.34975457,68.22504,15.30741,48.81407
20240108T1600,-0.5697546,68.80295,11.720751,42.510437
20240108T1700,-0.76975465,69.445244,11.525623,38.659805
20240108T1800,-0.9597546,70.04352,11.246759,39.805573
20240108T1900,-1.0797546,71.09922,10.233123,39.2894
20240108T2000,-0.98975456,71.173904,9.931042,43.53119
20240108T2100,-1.0197546,71.82452,11.457958,43.726974
20240108T2200,-0.9597546,73.279915,10.685391,32.619232
20240108T2300,-1.0397546,73.76836,9.826088,28.442917
20240109T0000,-1.1997546,73.509674,9.983106,25.640991
20240109T0100,-1.5697545,74.224075,10.163227,22.932098
20240109T0200,-1.9097546,74.72531,10.144082,27.474426
20240109T0300,-2.1097546,74.62677,9.19939,30.579224
20240109T0400,-2.6397548,76.38059,9.085988,33.690063
20240109T0500,-2.7997546,75.12037,8.435069,39.805573
20240109T0600,-2.8797545,73.492256,7.653705,41.18593
20240109T0700,-2.9797544,72.33781,7.127636,44.999985
20240109T0800,-2.9897547,74.041084,7.2,53.130096
20240109T0900,-2.8297548,72.42716,7.4128532,60.945396
20240109T1000,-2.7397547,75.42347,7.24486,63.43495
20240109T1100,-2.4497547,74.90242,5.815978,68.19859
20240109T1200,-2.1897545,74.897995,6.1305785,49.76364
20240109T1300,-1.9597546,74.31415,5.1165614,50.7106
20240109T1400,-1.8497547,74.3941,4.1046314,37.87497
20240109T1500,-1.9097546,76.230736,4.8433046,48.01277
20240109T1600,-2.7297544,83.85702,5.0911684,44.999985
20240109T1700,-2.5297546,82.30205,5.0911684,44.999985
20240109T1800,-2.3197546,83.40833,4.6938257,57.5288
20240109T1900,-2.5497546,87.33327,4.2136917,70.016884
20240109T2000,-2.6197548,88.05649,4.452954,75.96376
20240109T2100,-2.4497547,86.03032,4.6938252,85.60129
20240109T2200,-2.5597544,90.97576,4.379589,80.537674
20240109T2300,-2.6297545,91.31327,4.5536795,108.434944
20240110T0000,-2.6497545,91.79538,4.510787,118.61046
20240110T0100,-2.7097545,92.067665,2.6208394,105.9454
20240110T0200,-2.8797545,93.24274,2.1897945,80.537674
20240110T0300,-2.7497544,92.34266,2.1897945,80.537674
20240110T0400,-2.8797545,91.6357,2.5455842,81.869896
20240110T0500,-3.0297546,91.13705,1.8,89.99999
20240110T0600,-3.2197547,89.81249,2.1897945,99.46232
20240110T0700,-3.3897548,88.97692,3.2599385,96.34019
20240110T0800,-3.2197547,87.31645,2.9024127,97.125015
20240110T0900,-2.3397546,85.65405,3.319036,102.52881
20240110T1000,-1.3397546,83.743935,4.32,89.99999
20240110T1100,-0.4297546,82.814476,5.634891,116.56505
20240110T1200,0.23024541,81.32003,4.6938257,122.47119
20240110T1300,0.8202454,81.051346,3.9763298,84.805565
20240110T1400,0.9502454,80.35215,5.0142193,68.96249
20240110T1500,0.100245416,87.13257,4.829907,63.43495
20240110T1600,-1.3197546,86.893906,5.692099,55.304832
20240110T1700,-2.1197548,90.47174,6.193674,54.46232
20240110T1800,-2.0697546,90.81773,5.95906,64.98311
20240110T1900,-2.1897545,91.76784,6.6185193,67.61986
20240110T2000,-2.5497546,91.183044,6.6185193,67.61986
20240110T2100,-2.8097544,91.711464,6.6185193,67.61986
20240110T2200,-2.9097548,91.0796,5.6920996,71.56504
20240110T2300,-3.1097546,90.71539,4.3349743,94.76365
20240111T0000,-3.3197546,91.10898,3.4152596,71.56504
20240111T0100,-3.3797545,90.55046,3.8268526,41.18593
20240111T0200,-3.519755,89.16612,4.1046314,52.125
20240111T0300,-3.5397549,88.21562,2.6208394,74.054596
20240111T0400,-3.4497547,86.02789,2.6208394,74.054596
20240111T0500,-4.0097547,87.41808,4.1046314,52.125
20240111T0600,-4.1097546,87.742004,5.3517847,47.726303
20240111T0700,-4.369755,88.59176,6.3690495,47.29059
20240111T0800,-3.8697548,89.12675,6.3690495,47.29059
20240111T0900,-2.4897547,85.04981,4.8965297,36.027374
20240111T1000,-3.6697545,85.14428,4.6102495,51.34018
20240111T1100,-2.1897545,84.70507,5.5887027,75.06858
20240111T1200,-1.4197546,83.10207,5.991594,57.26477
20240111T1300,-0.8197546,82.75533,6.3690495,42.70938
20240111T1400,-0.97975457,83.356255,6.297428,30.963745
20240111T1500,-2.3597546,85.45649,4.896529,17.102722
20240111T1600,-2.8797545,85.77664,7.172949,17.525558
20240111T1700,-4.309755,87.91999,8.699793,24.443954
20240111T1800,-4.1297545,89.16565,7.145796,40.914368
20240111T1900,-5.0697546,90.93498,7.653705,48.81407
20240111T2000,-4.8597546,91.02635,7.8954163,46.847595
20240111T2100,-4.459755,90.09265,6.6087217,60.64225
20240111T2200,-4.559755,89.25407,4.3349743,94.76365
20240111T2300,-4.829755,89.36116,4.896529,107.10272
20240112T0000,-5.1897545,88.97525,4.2136917,109.9831
20240112T0100,-5.309755,88.41118,4.5536795,71.56504
20240112T0200,-5.4897547,88.80216,5.2416787,74.054596
20240112T0300,-5.559755,89.90368,5.6920996,71.56504
20240112T0400,-5.639755,89.5465,5.6920996,71.56504
20240112T0500,-6.1097546,90.263626,5.0528407,85.91438
20240112T0600,-6.4697547,90.436066,4.73506,98.74616
20240112T0700,-6.389755,90.79842,5.0528407,85.91438
20240112T0800,-5.209755,90.43026,4.68,89.99999
20240112T0900,-3.5397549,85.68674,3.319036,77.47118
20240112T1000,-2.9297547,80.800255,3.4152596,71.56504
20240112T1100,-3.6797547,86.459854,3.2599385,83.65981
20240112T1200,-2.6397548,83.67865,3.6,53.130096
20240112T1300,-2.0997548,82.87261,4.6938257,32.47119
20240112T1400,-2.2197547,83.23325,3.8773184,21.801407
20240112T1500,-2.8197546,84.22872,4.6938252,4.398697
20240112T1600,-3.8997545,88.03751,6.5693827,9.462311
20240112T1700,-4.289755,91.01352,5.95906,25.016876
20240112T1800,-3.769755,90.92613,5.0911684,44.999985
20240112T1900,-4.3997545,92.54983,5.692099,55.304832
20240112T2000,-4.6097546,92.176994,5.315336,61.699234
20240112T2100,-4.3397546,91.70865,4.896529,72.89727
20240112T2200,-5.1997547,92.193695,3.2599385,96.34019
20240112T2300,-5.5697546,93.09043,4.39436,124.99202
20240113T0000,-5.289755,92.54173,4.1046314,127.874985
20240113T0100,-4.6597548,91.186516,3.0547013,135.0
20240113T0200,-4.7597547,90.33835,2.0364676,135.0
20240113T0300,-4.849755,89.35889,3.0547013,135.0
20240113T0400,-5.1697545,89.3917,3.6,143.1301
20240113T0500,-5.7197547,91.93139,4.39436,145.00798
20240113T0600,-6.119755,93.47709,4.198285,149.03624
20240113T0700,-6.039755,93.628914,3.7064266,150.94539
20240113T0800,-7.249755,94.632065,3.8773184,158.1986
20240113T0900,-7.269755,93.67189,4.510787,151.38954
20240113T1000,-5.0697546,90.93498,3.6179552,174.28941
20240113T1100,-3.9197545,86.49453,4.32,180.0
20240113T1200,-2.9497547,83.31285,4.2136917,199.98311
20240113T1300,-2.4497547,83.071556,5.154415,204.77515
20240113T1400,-2.0897546,80.387764,5.154415,204.77515
20240113T1500,-1.8897547,79.38657,4.802999,192.99461
20240113T1600,-1.9797546,81.57829,5.3999996,180.0
20240113T1700,-3.769755,87.9858,5.4477882,172.40535
20240113T1800,-4.709755,91.603096,5.8048253,172.87498
20240113T1900,-4.709755,91.603096,6.87779,173.991
20240113T2000,-4.749755,91.037415,6.924738,171.02737
20240113T2100,-4.869755,90.18758,6.28713,166.75948
20240113T2200,-4.8997545,88.66583,5.5887027,165.06857
20240113T2300,-5.1497545,88.77352,6.28713,166.75948
20240114T0000,-5.269755,88.621864,6.28713,166.75948
20240114T0100,-5.619755,89.34037,6.725354,164.47589
20240114T0200,-6.099755,89.77367,6.725354,164.47589
20240114T0300,-6.349755,88.83815,6.924738,171.02737
20240114T0400,-6.499755,89.308235,6.489992,176.82018
20240114T0500,-6.459755,87.925064,5.8603754,169.38034
20240114T0600,-6.6597548,87.41776,6.6185193,157.61987
20240114T0700,-6.6297545,86.73746,6.489992,146.30994
20240114T0800,-6.079755,83.408844,5.3999996,143.1301
20240114T0900,-4.829755,82.37732,2.968636,165.96376
20240114T1000,-5.209755,86.85971,5.8048253,172.87498
20240114T1100,-2.8397546,77.707695,6.489992,183.17982
20240114T1200,-1.1997546,70.04216,6.9899354,191.88866
20240114T1300,-0.8097546,70.88783,6.9527545,201.2505
20240114T1400,0.1202454,69.17516,5.634891,206.56505
20240114T1500,-0.9197546,81.01195,7.968939,198.43495
20240114T1600,-1.7597545,81.05778,7.69592,190.7843
20240114T1700,-1.1197546,77.496346,6.725354,195.52411
20240114T1800,-0.75975454,76.97783,8.39657,210.96376
20240114T1900,-0.48975456,84.81446,9.504272,232.69606
20240114T2000,-0.6797546,87.23329,8.534353,242.35403
20240114T2100,-0.3097546,86.30788,7.5942082,238.57043
20240114T2200,-0.51975465,89.55692,7.145796,220.91438
20240114T2300,-0.49975455,89.02767,7.8954163,223.15239
20240115T0000,-1.0097545,89.907646,8.0899935,237.72437
20240115T0100,-1.0997546,89.36266,7.8954163,245.77226
20240115T0200,-1.0197546,86.28188,8.0899935,237.72437
20240115T0300,-1.1397547,85.87866,7.289445,237.09476
20240115T0400,-0.61975455,84.037476,6.696387,233.74615
20240115T0500,-0.62975454,84.28842,6.193674,234.46233
20240115T0600,-0.4297546,83.938866,6.638072,220.6013
20240115T0700,-1.0897546,83.7174,6.989936,214.50853
20240115T0800,-1.0097545,83.28908,7.9036193,210.06859
20240115T0900,-0.34975457,82.57865,6.9153743,218.65982
20240115T1000,1.5202454,75.01767,10.514218,231.95296
20240115T1100,2.0202456,72.10111,13.363711,242.74467
20240115T1200,2.1202455,71.7467,15.978484,247.47943
20240115T1300,2.0402455,73.07982,15.39184,259.2157
20240115T1400,1.9802454,74.82919,14.471821,264.28943
20240115T1500,1.7302454,76.923965,13.684735,268.49255
20240115T1600,1.5102453,78.85028,12.261158,266.63354
20240115T1700,1.1102455,80.497955,10.105681,265.91437
20240115T1800,0.5902454,78.27861,9.007196,267.7094
20240115T1900,-0.46975458,78.976425,7.9526596,264.80557
20240115T2000,-0.8497546,80.59661,6.162207,263.29016
20240115T2100,-2.4797544,81.37231,4.802999,257.00537
20240115T2200,-1.6297547,80.71067,5.771239,266.42368
20240115T2300,-2.8997545,83.96001,6.28713,256.7595
20240116T0000,-3.7797546,85.0633,5.1919937,236.30994
20240116T0100,-4.2797546,85.58444,5.1919937,213.69006
20240116T0200,-5.209755,87.062256,4.6938252,184.39871
20240116T0300,-5.8997545,89.865974,4.1046314,164.74487
20240116T0400,-6.3197546,91.089485,3.6,143.1301
20240116T0500,-6.6297545,90.4895,4.39436,124.99202
20240116T0600,-6.9097548,90.88572,5.0911684,135.0
20240116T0700,-6.6697545,89.638916,5.1165614,140.71059
20240116T0800,-5.789755,87.94078,5.0911684,135.0
20240116T0900,-3.5497546,83.992226,3.096837,125.537674
20240116T1000,-2.2397547,81.722725,3.7064266,150.94539
20240116T1100,-0.6797546,75.03223,4.896529,162.89728
20240116T1200,0.5402454,68.38361,5.6920996,161.56505
20240116T1300,1.4602454,64.08035,5.1544156,167.90524
20240116T1400,1.8202454,62.58501,3.219938,153.43495
20240116T1500,1.5902454,59.49782,3.8939953,123.69006
20240116T1600,0.9502454,64.43986,4.39436,124.99202
20240116T1700,-2.0797548,78.08904,5.4833565,113.19859
20240116T1800,-3.6297545,86.13563,4.379589,99.46232
20240116T1900,-3.3697548,87.03128,4.2136917,109.9831
20240116T2000,-2.4497547,84.09029,3.8939953,123.69006
20240116T2100,-1.6697546,81.44281,4.6102495,141.34018
20240116T2200,-1.1897546,81.64383,3.0547013,135.0
20240116T2300,-0.9697546,84.62088,5.00128,149.74356
20240117T0000,-0.6697546,89.47469,5.00128,149.74356
20240117T0100,-0.49975455,94.39894,5.1919937,146.30994
20240117T0200,-0.24975461,95.88794,5.692099,145.30484
20240117T0300,0.040245414,96.752235,6.3690495,137.2906
20240117T0400,0.2702454,97.3314,7.145796,139.08562
20240117T0500,0.6602454,98.20312,7.6367526,135.0
20240117T0600,0.89024544,98.64041,8.404285,133.26428
20240117T0700,1.4902453,97.66435,8.14587,135.0
20240117T0800,1.9902455,97.472015,8.287822,145.61966
20240117T0900,2.5402455,97.21345,9.085988,146.30994
20240117T1000,2.5102453,97.0727,10.137692,163.49564
20240117T1100,4.150245,95.02435,10.390226,165.96376
20240117T1200,5.7002454,94.17682,11.212135,174.47246
20240117T1300,8.210245,90.37079,12.245294,181.68468
20240117T1400,9.760245,87.334946,11.885453,181.7357
20240117T1500,10.200245,87.61889,11.252519,187.35239
20240117T1600,10.160245,89.42645,13.009903,194.42078
20240117T1700,10.200245,91.21186,15.937878,198.43495
20240117T1800,10.500245,90.98692,17.917007,202.44275
20240117T1900,10.530245,90.12921,17.114204,202.24902
20240117T2000,10.490245,89.75948,15.937878,198.43495
20240117T2100,10.710245,89.77796,16.516901,200.40988
20240117T2200,10.850245,88.04131,14.168641,207.21611
20240117T2300,10.930245,88.768364,15.496736,210.73549
20240118T0000,10.870245,89.48777,15.2947035,206.56505
20240118T0100,10.700245,89.10967,15.778518,207.14969
20240118T0200,10.520246,88.55014,17.174677,213.02386
20240118T0300,10.240245,87.62288,15.315873,209.57784
20240118T0400,9.500245,88.57572,13.207634,197.44719
20240118T0500,9.410245,88.3244,14.84318,194.03624
20240118T0600,10.130245,86.244705,18.514643,206.56505
20240118T0700,10.3102455,87.093285,18.678415,207.55281
20240118T0800,10.580245,86.6475,20.969807,214.50851
20240118T0900,10.640245,86.24147,21.915691,222.337
20240118T1000,10.500245,86.34398,18.440998,231.3402
20240118T1100,9.950245,86.81778,16.263872,242.30054
20240118T1200,8.990245,90.93325,15.315873,299.57785
20240118T1300,6.0702453,96.46404,19.137648,343.61047
20240118T1400,2.9402456,91.33941,15.328561,350.5377
20240118T1500,1.3302454,87.85699,11.631956,338.1986
20240118T1600,1.2102454,87.52129,9.826088,331.55707
20240118T1700,1.1602454,88.42047,8.557102,337.75098
20240118T1800,1.0802454,89.653854,7.628263,340.70996
20240118T1900,0.9402454,90.69883,7.072878,345.25644
20240118T2000,0.6002454,92.348366,7.072878,345.25644
20240118T2100,0.4002454,92.40006,7.172949,342.47443
20240118T2200,0.16024542,90.69272,8.647496,2.3859253
20240118T2300,-0.05975461,89.60436,9.422101,353.41806
20240119T0000,-0.3697546,88.382034,9.255571,346.50427
20240119T0100,-0.5797546,87.50614,6.12,331.92752
20240119T0200,-0.98975456,87.653854,5.634891,333.43497
20240119T0300,-1.3097546,88.40804,5.0142193,338.9625
20240119T0400,-1.4697546,87.59671,6.297428,329.03625
20240119T0500,-2.2497544,89.23886,6.12,331.92752
20240119T0600,-2.5597544,89.06994,6.151683,339.44397
20240119T0700,-3.1097546,90.02919,5.1544156,347.90524
20240119T0800,-2.1197548,88.515434,3.219938,333.43497
20240119T0900,-1.1097546,86.011665,3.6179552,5.7105865
20240119T1000,0.060245395,85.016205,5.5887027,14.931412
20240119T1100,0.9402454,76.77697,6.439876,26.565033
20240119T1200,1.2602453,69.542564,5.991594,32.735214
20240119T1300,1.4202454,67.052666,6.12,28.07248
20240119T1400,1.3902454,67.14697,7.0911775,23.962494
20240119T1500,1.1002455,70.77612,7.754637,21.801407
20240119T1600,-0.47975457,80.53675,6.2145634,10.00798
20240119T1700,-1.6797546,86.97993,7.9932976,7.765167
20240119T1800,-2.6697545,90.48489,7.628263,19.29004
20240119T1900,-3.3697548,91.520546,8.225035,23.198593
20240119T2000,-3.5097547,92.48663,7.5685663,25.34616
20240119T2100,-3.6397548,91.77416,7.24486,26.565033
20240119T2200,-4.499755,93.7535,5.6233797,39.805573
20240119T2300,-4.8597546,93.72489,5.8048253,60.25511
20240120T0000,-5.1697545,93.988846,6.439876,63.43495
20240120T0100,-5.3597546,92.89322,6.1305785,49.76364
20240120T0200,-5.269755,91.832146,6.4096174,38.157227
20240120T0300,-5.4097548,90.759674,6.989936,34.508514
20240120T0400,-5.579755,91.51862,6.8777895,42.87889
20240120T0500,-5.7797546,91.712074,6.489992,56.30993
20240120T0600,-5.9197545,90.56552,5.815978,68.19859
20240120T0700,-6.249755,90.0374,5.6920996,71.56504
20240120T0800,-5.059755,88.2362,4.2136917,70.016884
20240120T0900,-3.2497544,79.57236,5.154415,65.224846
20240120T1000,-1.7897545,77.01643,7.289444,69.77513
20240120T1100,-0.7197546,73.55445,7.5942073,84.55967
20240120T1200,0.4402454,68.30805,7.2,89.99999
20240120T1300,1.2702454,64.61922,5.937272,75.96376
20240120T1400,1.5202454,65.12537,6.162207,83.29016
20240120T1500,0.6502454,76.03515,3.671294,78.69006
20240120T1600,-0.62975454,72.90397,3.8773184,68.19859
20240120T1700,-2.8097544,83.84514,4.802999,102.99461
20240120T1800,-3.1997547,85.5368,3.8268526,131.18591
20240120T1900,-3.3097544,86.11253,4.5820518,135.0
20240120T2000,-3.4497547,83.172295,4.39436,124.99202
20240120T2100,-3.9197545,82.907166,4.8965297,126.027374
20240120T2200,-4.349755,80.807625,5.95906,154.98311
20240120T2300,-5.079755,83.37022,7.5685663,154.65382
20240121T0000,-5.3797545,84.37048,6.9247384,152.10272
20240121T0100,-5.119755,83.36395,6.6087217,150.64224
20240121T0200,-5.119755,83.03962,6.6087217,150.64224
20240121T0300,-4.9697547,83.25765,7.10031,149.53445
20240121T0400,-4.6097546,83.0556,7.729527,152.24146
20240121T0500,-3.7897549,81.46828,7.729527,152.24146
20240121T0600,-3.499755,82.590744,7.628263,160.70996
20240121T0700,-3.2997546,82.62237,7.8625183,164.0546
20240121T0800,-2.5997548,82.16527,8.654986,163.07248
20240121T0900,-1.1597546,79.93734,10.041354,165.46555
20240121T1000,0.6302454,78.57903,9.47012,171.25385
20240121T1100,2.4202454,74.14219,9.3669195,177.79741
20240121T1200,4.2702456,68.68106,8.707238,187.12502
20240121T1300,5.880245,63.199352,9.422101,186.58194
20240121T1400,6.3202453,64.90175,8.647496,182.38594
20240121T1500,5.4502454,65.45527,7.69592,169.2157
20240121T1600,3.3402452,71.42298,7.968939,161.56505
20240121T1700,1.9102454,77.014275,8.089993,159.14554
20240121T1800,0.9502454,79.3418,8.311245,162.34987
20240121T1900,0.5702454,79.454414,8.311245,162.34987
20240121T2000,0.5302454,78.973816,7.771331,166.6075
20240121T2100,0.4402454,76.109024,8.049845,169.69516
20240121T2200,0.5502454,73.04303,9.346143,164.35776
20240121T2300,0.3702454,74.845764,10.829959,164.57784
20240122T0000,0.9402454,75.579735,11.177405,165.06857
20240122T0100,1.3602455,74.09445,11.090103,166.86598
20240122T0200,1.0402454,74.642685,11.043261,160.9744
20240122T0300,1.5802454,69.56301,10.390226,165.96376
20240122T0400,2.1102452,65.71665,11.609651,172.87498
20240122T0500,2.9402456,58.786804,12.620554,183.2705
20240122T0600,3.7202454,58.117073,14.205182,188.74615
20240122T0700,5.0702453,57.921707,15.463244,192.09476
20240122T0800,6.6602454,63.070526,17.902534,195.15407
20240122T0900,8.080246,66.93633,20.188908,201.99113
20240122T1000,9.390245,68.2892,18.0,196.26021
20240122T1100,9.470245,74.796486,19.386593,201.8014
20240122T1200,9.0602455,78.69391,19.376562,215.16644
20240122T1300,8.800245,86.39522,19.95972,219.14398
20240122T1400,8.700245,90.22476,19.878391,215.41705
20240122T1500,8.710245,89.72974,18.079027,215.27243
20240122T1600,8.690246,90.59746,21.252197,231.18861
20240122T1700,8.5602455,90.586914,24.122686,232.27501
20240122T1800,8.740245,89.11605,22.9724,237.80426
20240122T1900,8.660245,88.312645,21.2522,243.869
20240122T2000,8.540245,87.4499,19.486609,244.85522
20240122T2100,8.380245,87.07037,19.161337,244.39783
20240122T2200,8.150246,88.6921,15.629971,231.5463
20240122T2300,8.170245,86.74608,16.489416,233.88066
20240123T0000,7.8302455,86.34694,16.78156,234.60521
20240123T0100,7.7402453,84.42808,16.575644,235.61966
20240123T0200,7.5802455,83.70103,16.42247,243.99666
20240123T0300,7.4502454,82.16899,16.92383,246.16125
20240123T0400,7.3902454,84.32471,15.683774,238.13402
20240123T0500,7.3902454,83.970375,14.336861,241.50436
20240123T0600,7.0102453,84.632774,15.629971,241.07358
20240123T0700,6.750245,85.13831,16.09969,243.43495
20240123T0800,6.880245,85.03446,14.48972,243.43495
20240123T0900,7.3902454,84.20645,13.479583,235.88553
20240123T1000,8.170245,79.997185,10.464797,220.8151
20240123T1100,8.610246,77.4721,13.237038,225.0
20240123T1200,8.990245,73.612854,13.324863,231.58195
20240123T1300,8.910245,73.701294,10.630672,241.69925
20240123T1400,8.910245,74.2219,10.195057,227.86241
20240123T1500,8.5602455,75.58077,11.200571,225.0
20240123T1600,8.480246,76.31491,10.691453,225.0
20240123T1700,8.130245,78.322426,10.144082,207.47443
20240123T1800,7.9902453,79.18616,12.181625,198.97041
20240123T1900,8.270246,76.5471,14.332341,191.59218
20240123T2000,8.430245,74.18377,14.685176,191.30994
20240123T2100,9.010245,69.03339,13.450708,195.52411
20240123T2200,9.300245,65.74849,12.144331,191.97614
20240123T2300,9.610246,64.47794,13.661038,198.43495
20240124T0000,10.160245,64.06117,15.459054,207.75854
20240124T0100,10.730246,64.332596,17.873556,214.33022
20240124T0200,11.3102455,64.92301,19.174856,219.66785
20240124T0300,11.750245,66.81855,19.35314,223.49257
20240124T0400,11.960245,70.239044,20.018072,232.30576
20240124T0500,11.980246,75.35188,21.710716,229.70786
20240124T0600,12.100245,78.365944,22.961115,228.81409
20240124T0700,11.970245,80.94854,23.441502,227.48956
20240124T0800,12.440246,80.522606,23.708124,228.07745
20240124T0900,12.860246,79.98622,24.248611,229.21417
20240124T1000,13.240245,79.182976,21.129883,224.30972
20240124T1100,13.460245,79.26948,21.437386,229.08562
20240124T1200,13.720245,79.201904,22.608458,232.76517
20240124T1300,13.920245,78.64898,22.90743,239.80838
20240124T1400,13.750245,80.277084,22.38378,242.19855
20240124T1500,13.260245,80.80268,21.096123,244.74684
20240124T1600,12.760245,83.275566,18.998316,242.9494
20240124T1700,12.220245,85.65745,16.42247,243.99666
20240124T1800,11.370245,89.77222,14.372974,247.9321
20240124T1900,10.970245,91.76256,12.074766,243.43495
20240124T2000,10.790245,91.87421,10.464797,243.43495
20240124T2100,10.490245,92.35255,9.693296,238.67131
20240124T2200,10.490245,94.18126,8.209263,232.12502
20240124T2300,10.5602455,94.50317,8.217153,241.18921
20240125T0000,10.470245,94.62645,6.9153743,231.3402
20240125T0100,10.430245,95.008575,5.3999996,233.1301
20240125T0200,10.240245,96.35701,5.904439,232.43141
20240125T0300,10.110246,96.3524,6.9153743,231.3402
20240125T0400,10.0602455,96.35062,5.904439,232.43141
20240125T0500,10.000245,95.56952,5.0142193,248.9625
20240125T0600,9.790245,96.145386,4.0249224,280.30487
20240125T0700,9.530245,96.462395,2.4149535,243.43495
20240125T0800,9.630245,96.59683,3.0758414,200.55605
20240125T0900,9.920245,95.89026,2.9024127,209.74489
20240125T1000,10.530245,94.501724,3.319036,192.52881
20240125T1100,11.200245,91.964,2.9024127,209.74489
20240125T1200,11.770246,88.6645,5.154415,245.22485
20240125T1300,12.040245,86.97555,4.6938257,237.52881
20240125T1400,12.040245,87.03412,3.319036,229.39871
20240125T1500,12.000245,87.030075,3.319036,229.39871
20240125T1600,11.390245,88.80985,4.3349743,221.63354
20240125T1700,10.700245,90.81728,5.6002855,225.0
20240125T1800,10.140245,91.76699,6.4096174,218.15723
20240125T1900,10.500245,89.516754,6.297428,210.96376
20240125T2000,10.250245,89.06959,6.12,208.0725
20240125T2100,9.990245,88.198814,6.9247384,207.89728
20240125T2200,9.800245,87.999596,7.386582,223.02507
20240125T2300,9.620245,86.78271,9.085988,213.69006
20240126T0000,9.510245,87.42925,8.287822,214.38034
20240126T0100,8.880245,88.334015,5.95906,205.01689
20240126T0200,8.730246,88.07589,5.0911684,188.1301
20240126T0300,8.630245,88.798965,5.4119864,183.81407
20240126T0400,8.440246,89.58229,6.12,180.0
20240126T0500,8.3102455,89.508835,6.4799995,180.0
20240126T0600,8.340245,88.526184,7.5942073,185.44034
20240126T0700,8.8102455,86.63563,7.69592,190.7843
20240126T0800,9.360246,85.332275,8.654986,196.92752
20240126T0900,10.220245,83.06302,10.163227,202.9321
20240126T1000,11.100245,82.83749,9.504273,204.62357
20240126T1100,11.630245,80.67987,9.504272,217.30396
20240126T1200,11.610246,82.79136,10.97262,228.9909
20240126T1300,11.600245,84.83812,12.904882,239.85861
20240126T1400,11.340245,85.966644,14.512064,246.61478
20240126T1500,11.020246,88.29667,14.512064,246.61478
20240126T1600,10.750245,89.598915,13.5515,253.00919
20240126T1700,10.320246,90.35739,11.570515,264.64417
20240126T1800,9.3102455,91.26992,9.36,270.0
20240126T1900,8.320246,91.320564,7.072878,284.74356
20240126T2000,7.3502455,91.62709,7.491114,305.2176
20240126T2100,6.5302453,92.465416,6.696387,323.74615
20240126T2200,5.4302454,93.17156,6.297428,329.03625
20240126T2300,4.7402453,93.98639,6.379216,343.61047
20240127T0000,3.6802454,95.61,6.489992,340.55997
20240127T0100,3.0902452,95.71669,5.0911684,8.130096
20240127T0200,2.4502454,97.070244,4.39436,34.99202
20240127T0300,1.9902455,96.98109,4.072935,44.999985
20240127T0400,1.5402454,97.45441,3.319036,49.398697
20240127T0500,1.1102455,96.80198,2.9024127,60.25511
20240127T0600,0.5502454,96.56436,3.319036,77.47118
20240127T0700,0.070245415,96.47017,3.9763298,95.19443
20240127T0800,0.64024544,97.347015,4.0249224,100.30484
20240127T0900,2.1902454,94.63967,3.6179552,95.71059
20240127T1000,3.9702454,90.12671,5.0528407,85.91438
20240127T1100,5.6202455,83.677475,5.0528407,85.91438
20240127T1200,7.0302453,76.27319,4.73506,98.74616
20240127T1300,8.050245,72.03725,5.506941,101.30993
20240127T1400,8.490246,70.65746,4.73506,98.74616
20240127T1500,8.160246,72.418495,3.671294,78.69006
20240127T1600,5.650245,83.265205,5.8603754,42.510437
20240127T1700,4.5402455,86.08669,5.6233797,50.194427
20240127T1800,3.5802455,90.54466,4.452954,75.96376
20240127T1900,3.1202455,92.47854,4.379589,99.46232
20240127T2000,3.1802454,93.820366,5.3517847,109.653824
20240127T2100,2.6602454,94.05664,5.815978,111.80141
20240127T2200,1.7902454,92.44302,5.495161,121.6075
20240127T2300,1.1602454,92.86694,6.8777895,132.8789
20240128T0000,0.9302454,91.90263,5.904439,127.56859
20240128T0100,0.8702454,90.6258,6.1305785,130.23636
20240128T0200,0.4202454,90.5168,5.6002855,135.0
20240128T0300,0.2702454,91.17251,5.3517847,132.27368
20240128T0400,0.4602454,88.99829,5.3517847,137.72632
20240128T0500,0.4402454,88.99617,5.8603754,137.48955
20240128T0600,0.2102454,89.36733,6.1094027,135.0
20240128T0700,0.070245415,90.08293,6.618519,135.0
20240128T0800,0.6002454,92.348366,6.618519,135.0
20240128T0900,2.9902453,87.53237,6.4096174,141.84277
20240128T1000,5.0802455,83.00803,7.2,143.1301
20240128T1100,7.1002455,77.4883,8.0899935,147.72435
20240128T1200,8.890245,71.29322,6.989936,145.49147
20240128T1300,9.980246,68.41808,6.8777895,137.1211
20240128T1400,10.730246,66.73057,6.4096174,128.15723
20240128T1500,10.260245,73.18744,5.3517847,132.27368
20240128T1600,7.5302453,80.690315,5.1165614,140.71059
20240128T1700,5.2402453,87.52947,5.904439,142.4314
20240128T1800,3.7702456,91.14741,6.638072,139.3987
20240128T1900,2.8002453,94.540306,6.9153743,141.34018
20240128T2000,2.2902455,95.39984,6.489992,146.30994
20240128T2100,1.8302454,94.549164,6.297428,149.03624
20240128T2200,1.5802454,94.05414,6.12,151.9275
20240128T2300,1.3702455,94.10866,6.792466,147.99461
20240129T0000,1.3202454,94.65494,6.489992,146.30994
20240129T0100,1.1702454,93.54799,5.991594,147.26477
20240129T0200,1.0802454,93.33692,6.12,151.9275
20240129T0300,1.2002454,93.61836,6.12,151.9275
20240129T0400,1.2702454,93.14667,5.8048253,150.25511
20240129T0500,1.4802454,92.21683,5.8048253,150.25511
20240129T0600,1.4602454,90.813034,5.95906,154.98311
20240129T0700,1.2602453,90.2648,5.95906,154.98311
20240129T0800,1.8402454,89.14228,5.95906,154.98311
20240129T0900,4.2902455,85.80987,6.12,151.9275
20240129T1000,7.1602454,76.62266,5.315336,151.69923
20240129T1100,9.490245,70.91443,6.28713,156.37062
20240129T1200,11.360246,65.11694,6.9527545,158.7495
20240129T1300,12.590245,61.77096,7.0911775,156.0375
20240129T1400,13.180245,59.753857,6.297428,149.03624
20240129T1500,12.750245,69.91778,6.1305785,139.76364
20240129T1600,9.620245,83.67407,7.10031,149.53445
20240129T1700,7.2202454,90.16149,6.9247384,152.10272
20240129T1800,6.2002454,92.96163,6.763786,154.79887
20240129T1900,5.2802453,94.48421,6.12,151.9275
20240129T2000,4.400245,95.78165,5.8048253,150.25511
20240129T2100,3.5802455,96.42631,5.692099,145.30484
20240129T2200,3.5102453,91.19074,6.3690495,137.2906
20240129T2300,2.9602456,90.88129,6.193674,144.46231
20240130T0000,2.5502453,90.64798,5.692099,145.30484
20240130T0100,2.6002455,89.60838,5.495161,148.3925
20240130T0200,2.7602453,88.84882,5.495161,148.3925
20240130T0300,2.5402455,88.89053,5.991594,147.26477
20240130T0400,2.3802454,88.616035,6.489992,146.30994
20240130T0500,1.9802454,89.873825,6.297428,149.03624
20240130T0600,2.0202456,90.8636,5.634891,153.43495
20240130T0700,2.0802455,91.13338,5.4833565,156.8014
20240130T0800,2.8302455,89.69568,6.151683,159.44395
20240130T0900,4.8202453,86.18172,6.9899354,168.11134
20240130T1000,7.690245,78.470955,6.8399997,180.0
20240130T1100,9.610246,73.421684,7.5942073,185.44034
20240130T1200,10.830245,66.61264,8.049845,190.30484
20240130T1300,11.8102455,61.92671,7.771331,193.3925
20240130T1400,12.020246,62.195755,6.5693827,189.46233
20240130T1500,11.680245,67.12958,5.0911684,188.1301
20240130T1600,10.820246,72.28305,5.0528407,184.08562
20240130T1700,9.720245,77.55027,4.3349743,184.76364
20240130T1800,8.540245,81.52158,3.9763298,174.80557
20240130T1900,7.3402452,84.6741,4.452954,165.96376
20240130T2000,6.150245,88.06092,4.802999,167.00539
20240130T2100,5.170245,90.81249,4.896529,162.89728
20240130T2200,5.2202454,88.33964,4.32,180.0
20240130T2300,4.8302455,89.43835,4.379589,170.53767
20240131T0000,4.0902452,91.56582,4.379589,170.53767
20240131T0100,3.4502454,94.17423,3.671294,168.69006
20240131T0200,2.6602454,95.2828,3.2599385,173.6598
20240131T0300,2.3202453,95.195335,3.319036,167.47119
20240131T0400,2.1402454,94.84202,3.7585104,163.30075
20240131T0500,2.2502456,94.64332,3.7585104,163.30075
20240131T0600,2.5102453,93.640884,3.219938,153.43495
20240131T0700,2.9502454,92.7322,3.8773184,158.1986
20240131T0800,3.9402456,89.80177,5.0142193,158.9625
20240131T0900,5.5902452,87.87814,6.0347,162.64597
20240131T1000,7.4502454,84.86607,4.896529,162.89728
20240131T1100,9.840245,78.1651,5.4477882,172.40535
20240131T1200,11.300245,72.52708,5.4477882,187.59465
20240131T1300,12.270246,66.88745,5.4833565,203.1986
20240131T1400,12.760245,62.898575,5.3999996,216.8699
20240131T1500,12.670245,64.78537,4.3349743,221.63354
20240131T1600,10.730246,74.97368,6.6087217,209.35776
20240131T1700,8.600245,83.136475,7.289444,200.22485
20240131T1800,8.400246,85.27804,6.638072,192.52881
20240131T1900,7.900245,87.32229,5.8048253,187.12502
20240131T2000,7.360245,89.236115,5.506941,191.30994
20240131T2100,7.3402452,89.73322,5.8603754,190.61966
20240131T2200,7.420245,89.241684,6.2145634,190.00798
20240131T2300,7.920245,89.41175,7.5942073,185.44034
20240201T0000,8.090245,89.05607,7.342588,191.30994
20240201T0100,8.230246,88.14826,6.489992,199.44003
20240201T0200,8.530246,86.42514,5.8048253,209.74489
20240201T0300,8.800245,85.62143,5.991594,212.73523
20240201T0400,8.740245,85.97098,8.089993,200.85446
20240201T0500,8.520246,88.60472,8.427383,199.98311
20240201T0600,8.520246,89.219,8.427383,199.98311
20240201T0700,8.510245,88.054054,8.225035,203.1986
20240201T0800,8.480246,87.6255,9.0,216.8699
20240201T0900,8.500245,88.66408,10.44,223.60281
20240201T1000,8.870245,89.68192,8.669949,221.63354
20240201T1100,9.290245,90.39753,8.654987,225.0
20240201T1200,9.610246,91.29234,7.928177,230.52754
20240201T1300,9.800245,91.743034,8.0899935,237.72437
20240201T1400,9.900246,92.75415,7.24486,243.43495
20240201T1500,10.010245,92.698105,6.12,241.92752
20240201T1600,9.730246,93.440155,6.379216,253.61046
20240201T1700,9.290245,94.2465,4.510787,241.38954
20240201T1800,8.520246,96.09634,3.7064266,240.9454
20240201T1900,8.350245,96.68399,3.8939953,236.30994
20240201T2000,7.8002453,97.06407,3.319036,220.6013
20240201T2100,7.3402452,97.18268,3.396233,212.00539
20240201T2200,6.6802454,96.75677,3.7064266,209.05461
20240201T2300,6.5102453,96.28052,3.6,216.8699
20240202T0000,6.3202453,96.4069,3.0547013,225.0
20240202T0100,6.380245,96.27515,3.319036,220.6013
20240202T0200,6.1402454,96.80387,4.198285,210.96376
20240202T0300,5.710245,97.26269,5.1919937,213.69006
20240202T0400,5.610245,97.80521,4.8965297,216.02737
20240202T0500,5.860245,98.291794,5.00128,210.25644
20240202T0600,6.0702453,98.365776,4.39436,214.99202
20240202T0700,6.230245,98.028244,4.829907,206.56505
20240202T0800,6.380245,97.28554,6.151683,200.55605
20240202T0900,6.7802453,95.29358,5.815978,201.8014
20240202T1000,8.280246,87.54422,7.729527,207.75854
20240202T1100,9.3102455,84.44746,9.504272,217.30396
20240202T1200,10.430245,78.47721,10.44,223.60281
20240202T1300,11.070246,74.26098,11.457958,223.72697
20240202T1400,11.200245,71.45951,10.97262,228.9909
20240202T1500,10.930245,72.35478,8.942214,229.8991
20240202T1600,9.650246,78.624344,6.489992,213.69006
20240202T1700,7.610245,86.141426,6.9527545,201.2505
20240202T1800,6.5502453,88.78542,6.6185193,202.38013
20240202T1900,5.6202455,91.042946,5.6920996,198.43495
20240202T2000,5.0902452,92.03573,5.5887027,194.93143
20240202T2100,4.7602453,92.99445,5.5887027,194.93143
20240202T2200,4.9302454,91.89325,6.28713,193.24052
20240202T2300,4.7002454,92.07131,6.519877,186.3402
20240203T0000,4.0402455,92.28356,5.4477882,187.59465
20240203T0100,3.9302454,92.473114,5.8603754,190.61966
20240203T0200,3.9402456,92.07848,6.0347,197.35403
20240203T0300,3.9002452,91.746956,5.634891,206.56505
20240203T0400,3.8402452,93.12917,5.495161,211.6075
20240203T0500,3.5402455,94.85512,5.634891,206.56505
20240203T0600,3.3002453,94.43498,5.815978,201.8014
20240203T0700,3.3202453,93.8295,5.3517847,199.65382
20240203T0800,4.3902454,92.50713,5.815978,201.8014
20240203T0900,5.8102455,90.99445,6.193674,215.53769
20240203T1000,6.9902453,88.14678,7.145796,229.08562
20240203T1100,8.330246,82.98458,8.39657,239.03624
20240203T1200,8.930245,78.72797,9.028754,246.50143
20240203T1300,9.460245,74.847015,8.654986,253.07248
20240203T1400,9.630245,72.91277,8.759178,260.5377
20240203T1500,9.150246,74.1106,8.350138,262.5686
20240203T1600,7.9902453,78.90807,6.130579,266.63354
20240203T1700,6.8402452,85.08942,6.379216,253.61046
20240203T1800,6.0802455,88.48951,6.12,241.92752
20240203T1900,5.7802453,90.03483,6.696387,233.74615
20240203T2000,5.670245,91.36856,5.6233797,230.19443
20240203T2100,5.5602455,92.26603,6.1305785,229.76364
20240203T2200,5.4702454,91.934616,6.9153743,218.65982
20240203T2300,5.360245,92.577385,6.1094027,225.0
20240204T0000,5.4902453,92.13086,4.8433046,228.01279
20240204T0100,5.4102454,91.800354,6.439876,206.56505
20240204T0200,5.3902454,91.86365,6.763786,205.20113
20240204T0300,5.3502455,91.342865,5.6233797,219.80557
20240204T0400,5.4102454,91.02558,6.193674,215.53769
20240204T0500,5.3302455,90.76182,8.373386,205.46335
20240204T0600,5.2202454,90.17581,7.9036193,210.06859
20240204T0700,5.1602454,89.97886,7.289445,212.90524
20240204T0800,5.6002455,89.069176,9.0,216.8699
20240204T0900,6.480245,87.108574,11.019764,231.63252
20240204T1000,7.250245,85.61865,9.726664,231.009
20240204T1100,8.080246,81.8555,9.021574,241.38954
20240204T1200,8.830245,78.766914,10.296251,233.53076
20240204T1300,9.330245,76.51728,12.10157,239.62088
20240204T1400,9.390245,75.72969,11.440979,245.85446
20240204T1500,9.180245,75.058304,10.137692,253.49564
20240204T1600,8.420245,77.93115,7.628263,250.70996
20240204T1700,7.130245,84.05477,7.10031,239.53445
20240204T1800,6.670245,86.275475,6.9153743,231.3402
20240204T1900,6.3502455,87.83379,6.8777895,227.1211
20240204T2000,6.1402454,88.87043,7.42159,230.90614
20240204T2100,5.7402453,90.094795,7.42159,230.90614
20240204T2200,5.8002453,89.78292,6.696387,216.25385
20240204T2300,5.7002454,89.900635,7.2,216.8699
20240205T0000,5.6202455,89.76643,8.913181,223.36343
20240205T0100,5.5302453,89.37806,9.422101,226.54816
20240205T0200,5.4702454,88.99352,8.404285,226.73572
20240205T0300,5.2202454,89.98431,7.145796,220.91438
20240205T0400,5.040245,90.22367,6.1305785,220.23636
20240205T0500,4.6402454,90.89644,6.193674,215.53769
20240205T0600,4.5902452,90.50486,6.12,208.0725
20240205T0700,4.4102454,91.0064,6.28713,203.62938
20240205T0800,5.1002455,89.21032,6.830519,198.43495
20240205T0900,5.960245,87.4214,7.9036193,210.06859
20240205T1000,7.040245,82.22678,6.989936,214.50853
20240205T1100,8.170245,79.54931,7.491114,215.21759
20240205T1200,9.0602455,74.563705,7.7043357,217.40535
20240205T1300,9.970245,71.612526,7.7879906,213.69006
20240205T1400,10.450245,70.122826,8.287822,214.38034
20240205T1500,10.420245,69.578606,7.2,216.8699
20240205T1600,8.5602455,77.40929,7.2,216.8699
20240205T1700,6.130245,85.06179,8.049845,206.56505
20240205T1800,5.1402454,89.404366,7.24486,206.56505
20240205T1900,4.690245,91.80944,6.28713,203.62938
20240205T2000,4.0602455,93.476845,6.151683,200.55605
20240205T2100,3.5902452,94.18293,6.28713,203.62938
20240205T2200,3.2402453,94.29615,6.12,208.0725
20240205T2300,3.1602454,93.81905,6.28713,203.62938
20240206T0000,3.0702453,92.94127,6.439876,206.56505
20240206T0100,2.8602452,92.99296,6.9247384,207.89728
20240206T0200,2.6302452,92.307816,7.2,216.8699
20240206T0300,2.4702454,92.56253,7.6367526,225.0
20240206T0400,2.5202456,91.7671,7.145796,229.08562
20240206T0500,2.7802453,92.319466,7.145796,229.08562
20240206T0600,2.7902455,92.25371,7.6367526,225.0
20240206T0700,2.8202453,92.056755,8.161764,221.42366
20240206T0800,4.0602455,89.9417,7.7043357,217.40535
20240206T0900,5.1602454,86.1605,9.178235,228.17984
20240206T1000,6.2802453,82.82079,12.413477,240.46121
20240206T1100,7.1402454,77.77071,12.55879,242.70044
20240206T1200,7.860245,74.444405,12.245293,245.69547
20240206T1300,8.260245,72.335724,12.181625,251.0296
20240206T1400,8.370246,71.186584,13.32,251.07536
20240206T1500,8.170245,71.95914,11.440979,245.85446
20240206T1600,7.690245,74.571045,7.491114,234.78241
20240206T1700,6.7602453,78.42818,10.296251,233.53076
20240206T1800,6.750245,78.873924,10.799999,233.1301
20240206T1900,6.7402453,80.34205,9.449572,229.63547
20240206T2000,6.8302455,80.75552,9.673221,225.0
20240206T2100,6.8002453,80.80821,9.931042,226.46881
20240206T2200,6.630245,81.70413,8.78872,214.99202
20240206T2300,6.8102455,80.23899,11.043261,199.0256
20240207T0000,6.8302455,79.675,11.770403,203.4287
20240207T0100,6.6002455,80.54886,11.966953,201.16125
20240207T0200,6.7002454,80.33587,12.979984,199.44003
20240207T0300,6.7802453,81.09195,14.578888,200.22485
20240207T0400,6.9102454,81.74487,14.986553,204.10223
20240207T0500,7.3502455,81.11955,15.941944,205.40771
20240207T0600,7.7202454,80.60546,17.238699,208.70595
20240207T0700,7.960245,80.41547,17.906157,210.17352
20240207T0800,8.290245,79.40088,17.974781,212.73523
20240207T0900,8.740245,78.2579,17.0763,214.69516
20240207T1000,9.460245,76.75381,17.0763,214.69516
20240207T1100,9.910245,74.92924,18.971008,213.38852
20240207T1200,10.420245,72.20461,23.933908,223.78113
20240207T1300,11.0602455,68.173615,25.305208,230.19443
20240207T1400,11.280245,68.0312,22.493519,230.19443
20240207T1500,11.470245,64.86922,19.373219,228.01279
20240207T1600,10.990245,65.904854,15.072783,220.156
20240207T1700,10.290245,71.02807,15.077082,213.31064
20240207T1800,9.720245,78.308586,17.974781,212.73523
20240207T1900,9.170245,85.841736,20.592503,216.46924
20240207T2000,9.270246,86.98449,22.180206,215.75389
20240207T2100,9.300245,87.889946,22.104116,217.05653
20240207T2200,9.370245,88.685135,17.581125,222.51045
20240207T2300,9.380245,89.29658,20.240198,218.50066
20240208T0000,9.610246,87.67976,20.746122,218.6598
20240208T0100,9.620245,87.921646,20.240198,218.50066
20240208T0200,9.8102455,87.39994,19.8,216.8699
20240208T0300,9.910245,86.22053,19.67195,214.56253
20240208T0400,10.050245,85.29543,18.971008,213.38852
20240208T0500,10.130245,84.95457,18.775303,212.47119
20240208T0600,10.220245,84.61652,18.39878,210.57922
20240208T0700,10.320246,84.686554,16.923828,209.29137
20240208T0800,10.620245,85.47791,17.595861,210.76273
20240208T0900,10.910245,86.44696,19.174856,219.66785
20240208T1000,11.210245,88.4939,18.864824,221.90594
20240208T1100,12.030245,86.623695,18.472595,213.07068
20240208T1200,12.650246,79.95539,23.333443,218.10757
20240208T1300,13.210245,75.77184,17.57744,214.99202
20240208T1400,13.710245,71.70705,14.007655,205.90651
20240208T1500,13.8102455,71.337364,11.090103,193.13402
20240208T1600,12.340245,77.080345,7.5599995,180.0
20240208T1700,10.870245,80.84636,6.9247384,152.10272
20240208T1800,10.030245,85.29309,6.12,151.9275
20240208T1900,10.000245,86.23044,5.991594,147.26477
20240208T2000,9.850245,88.06472,5.495161,148.3925
20240208T2100,9.980246,88.137566,5.1919937,146.30994
20240208T2200,10.280245,86.79329,5.3517847,160.34618
20240208T2300,10.080245,89.05434,6.6185193,157.61987
20240209T0000,9.900246,91.68767,8.089993,159.14554
20240209T0100,9.740245,93.95033,8.427383,160.01689
20240209T0200,10.050245,92.51196,9.0,163.73979
20240209T0300,10.400246,91.66077,10.464798,176.05481
20240209T0400,10.510245,89.456825,11.212135,174.47246
20240209T0500,10.510245,88.3687,10.308831,167.90524
20240209T0600,10.450245,88.54365,9.904906,160.90651
20240209T0700,10.470245,87.16922,9.983106,154.359
20240209T0800,10.800245,86.25885,10.636766,156.0375
20240209T0900,11.300245,84.80293,10.30883,155.22485
20240209T1000,11.980246,81.889915,6.9247384,152.10272
20240209T1100,12.550245,80.81142,7.0911775,156.0375
20240209T1200,13.070246,79.6936,8.373386,154.53665
20240209T1300,13.120245,78.102,9.360001,157.38013
20240209T1400,12.330245,82.04826,9.339208,152.44719
20240209T1500,11.530245,85.40696,8.707237,150.25511
20240209T1600,10.800245,89.60315,6.1305785,139.76364
20240209T1700,10.090245,93.714836,5.0911684,135.0
20240209T1800,9.580245,97.1205,4.39436,145.00798
20240209T1900,9.230246,98.37115,3.7064266,150.94539
20240209T2000,8.950245,99.036385,3.5455887,156.0375
20240209T2100,8.680245,99.099495,3.4152596,161.56505
20240209T2200,8.700245,98.49405,4.0249224,153.43495
20240209T2300,8.700245,98.76288,5.6233797,140.19443
20240210T0000,8.790245,97.16235,6.9247384,117.89726
20240210T0100,8.730246,96.829445,5.991594,122.73523
20240210T0200,8.290245,97.346436,4.198285,120.96376
20240210T0300,8.250245,97.34524,5.0911684,135.0
20240210T0400,8.050245,97.339134,4.8965297,126.027374
20240210T0500,7.8202453,97.33202,3.096837,125.537674
20240210T0600,7.7002454,97.79806,3.219938,116.56505
20240210T0700,7.710245,96.92754,3.2599385,83.65981
20240210T0800,7.940245,96.40391,2.1897945,80.537674
20240210T0900,8.400246,96.68576,3.396233,57.994614
20240210T1000,9.450245,94.062546,6.193674,35.53766
20240210T1100,10.090245,92.76612,6.489992,33.690063
20240210T1200,11.000245,89.37782,8.225035,23.198593
20240210T1300,11.720245,87.47264,8.854829,26.565033
20240210T1400,11.960245,85.62868,7.145796,49.085617
20240210T1500,11.760245,85.78026,2.52,360.0
20240210T1600,11.180245,89.574715,3.6,323.13013
20240210T1700,11.170245,91.34436,5.3999996,306.8699
20240210T1800,10.400246,93.41555,5.5887027,284.93143
20240210T1900,9.240245,96.649055,4.6938257,237.52881
20240210T2000,9.280245,96.25689,5.6002855,225.0
20240210T2100,8.980246,94.35893,9.826088,241.55707
20240210T2200,9.190246,87.81854,12.24,241.92752
20240210T2300,7.9902453,87.08918,15.683774,238.13402
20240211T0000,6.6602454,87.86607,16.279802,234.90419
20240211T0100,6.040245,87.67739,14.565548,230.01312
20240211T0200,6.020245,88.42108,12.229406,222.61406
20240211T0300,6.190245,88.6253,11.525623,218.65982
20240211T0400,6.4102454,88.959145,11.525623,218.65982
20240211T0500,6.4902453,88.34395,11.808878,217.5686
20240211T0600,6.5902452,87.673744,12.4811535,213.23172
20240211T0700,6.610245,87.614235,11.885453,215.13419
20240211T0800,7.0602455,86.56265,11.753876,220.03026
20240211T0900,7.750245,85.140656,12.031756,218.92755
20240211T1000,8.400246,83.45807,16.039202,224.09062
20240211T1100,9.020246,79.45991,17.309975,225.0
20240211T1200,9.490245,76.27837,17.581125,227.48956
20240211T1300,9.8102455,73.45989,20.87379,237.68039
20240211T1400,9.870245,71.19181,19.164717,241.99083
20240211T1500,9.660245,72.10491,17.22742,243.97041
20240211T1600,9.100245,74.67591,13.891522,238.7816
20240211T1700,8.520246,78.22172,12.599998,233.1301
20240211T1800,8.520246,78.993225,12.475961,223.83087
20240211T1900,8.390245,79.58379,13.104198,217.18471
20240211T2000,8.420245,80.82355,14.186923,215.7067
20240211T2100,8.270246,83.4992,14.84318,219.09386
20240211T2200,7.9102454,86.355934,13.551501,219.61069
20240211T2300,7.7402453,87.97678,12.387348,215.53769
20240212T0000,7.6802454,87.90945,12.819235,218.15723
20240212T0100,7.5702453,88.20511,11.720751,222.51045
20240212T0200,7.540245,88.26362,10.691453,225.0
20240212T0300,7.440245,88.747375,9.686609,221.98721
20240212T0400,7.2602453,89.66353,8.942214,220.1009
20240212T0500,7.110245,90.46696,6.489992,213.69006
20240212T0600,6.8702455,91.33534,5.8048253,209.74489
20240212T0700,6.6402454,91.12588,5.3517847,199.65382
20240212T0800,7.0502453,90.65143,7.5942082,211.42957
20240212T0900,7.8302455,86.76925,9.0,233.1301
20240212T1000,8.570246,82.61306,7.771331,256.6075
20240212T1100,9.110246,76.63975,6.489992,273.17984
20240212T1200,9.470245,74.01493,5.8048253,277.125
20240212T1300,9.580245,70.83314,8.209263,285.25513
20240212T1400,9.710245,69.232765,8.089993,290.85446
20240212T1500,9.570246,67.847206,5.815978,291.8014
20240212T1600,8.970245,72.579094,3.7585104,286.69925
20240212T1700,7.670245,77.147995,6.87779,276.009
20240212T1800,7.1202455,80.45742,5.8603754,259.38034
20240212T1900,6.5702453,83.095894,5.8048253,240.25513
20240212T2000,6.3002453,84.3636,6.3690495,227.29062
20240212T2100,5.750245,87.08973,6.4096174,218.15723
20240212T2200,5.3402452,87.16793,7.42159,230.90614
20240212T2300,4.9502454,87.68515,7.8954163,223.15239
20240213T0000,4.690245,89.68009,6.4096174,218.15723
20240213T0100,4.3702455,90.16327,5.1919937,213.69006
20240213T0200,4.0202456,91.75653,5.154415,204.77515
20240213T0300,3.5502453,92.048134,5.2416787,195.9454
20240213T0400,2.9202452,92.72997,4.73506,188.74615
20240213T0500,2.9702454,93.402954,4.3349743,184.76364
20240213T0600,2.8502455,94.001236,4.32,180.0
20240213T0700,2.3402452,94.44409,3.9763298,174.80557
20240213T0800,4.6002455,90.57018,4.452954,165.96376
20240213T0900,6.790245,84.54546,3.6179552,185.71059
20240213T1000,8.650246,76.66736,4.0249224,206.56505
20240213T1100,9.820246,68.5764,5.0911684,225.0
20240213T1200,10.770246,60.93142,5.8048253,240.25513
20240213T1300,11.300245,55.996853,6.297428,239.03625
20240213T1400,11.480246,53.540077,6.1305785,229.76364
20240213T1500,11.430245,52.46149,5.692099,235.30484
20240213T1600,10.760245,52.122,3.671294,258.69006
20240213T1700,8.710245,64.26303,1.609969,26.565033
20240213T1800,6.9302454,72.89889,2.0991426,120.96376
20240213T1900,4.110245,85.78784,4.39436,145.00798
20240213T2000,3.0802455,90.891815,4.1046314,164.74487
20240213T2100,3.3302455,92.36174,4.2136917,160.01689
20240213T2200,3.4002452,91.97035,4.896529,162.89728
20240213T2300,3.6802454,91.46687,5.506941,168.69006
20240214T0000,3.7902455,90.823296,5.4477882,172.40535
20240214T0100,3.9602456,90.51368,5.8048253,172.87498
20240214T0200,4.110245,89.689354,7.2805495,171.46924
20240214T0300,4.630245,88.026886,7.6367526,171.8699
20240214T0400,5.7202454,81.92041,7.342588,168.69006
20240214T0500,6.1202455,79.27825,6.638072,167.47119
20240214T0600,6.4702454,78.10081,7.208994,177.13759
20240214T0700,6.9102454,76.46933,7.2,180.0
20240214T0800,7.460245,78.37757,6.849467,183.01279
20240214T0900,8.690246,76.24469,7.2359104,185.71059
20240214T1000,10.340245,73.714386,5.5887027,194.93143
20240214T1100,11.660245,71.600426,7.10031,210.46555
20240214T1200,12.710245,70.87684,7.289445,212.90524
20240214T1300,13.170245,71.309006,6.489992,213.69006
20240214T1400,13.410245,71.79547,6.792466,212.00539
20240214T1500,13.520246,72.80091,5.634891,206.56505
20240214T1600,12.920245,77.75359,5.8603754,190.61966
20240214T1700,13.410245,71.84443,5.5887027,165.06857
20240214T1800,11.250245,82.80064,4.2136917,160.01689
20240214T1900,10.490245,87.17127,4.379589,170.53767
20240214T2000,9.8102455,90.56309,4.1046314,164.74487
20240214T2100,8.710245,93.636215,4.2136917,160.01689
20240214T2200,7.790245,97.26419,3.96,180.0
20240214T2300,6.5102453,97.69621,3.6179552,174.28941
20240215T0000,5.4102454,98.00484,4.0249224,169.69516
20240215T0100,4.7202454,97.50206,4.73506,171.25385
20240215T0200,4.7402453,97.5715,5.2416787,164.0546
20240215T0300,4.7602453,97.503426,5.495161,148.3925
20240215T0400,4.8702455,96.278336,5.692099,145.30484
20240215T0500,5.1202455,96.28919,5.991594,147.26477
20240215T0600,5.0902452,96.423515,5.692099,145.30484
20240215T0700,5.3702455,96.97828,6.489992,146.30994
20240215T0800,6.3102455,94.673996,7.2,143.1301
20240215T0900,8.250245,89.56541,6.9153743,141.34018
20240215T1000,10.320246,82.45084,6.1094027,135.0
20240215T1100,12.740245,74.00671,7.653705,138.81407
20240215T1200,13.940246,67.57582,7.24486,153.43495
20240215T1300,14.400246,65.269455,6.9153743,141.34018
20240215T1400,14.670245,64.04803,7.653705,138.81407
20240215T1500,14.400246,66.03253,6.3690495,137.2906
20240215T1600,13.280245,73.75303,5.3517847,137.72632
20240215T1700,12.220245,75.342514,3.8773184,158.1986
20240215T1800,10.640245,83.975334,5.6920996,161.56505
20240215T1900,9.660245,87.865326,6.6087217,150.64224
20240215T2000,8.890245,89.74539,6.28713,156.37062
20240215T2100,8.300245,90.50321,5.8048253,150.25511
20240215T2200,9.030245,90.25223,5.154415,155.22485
20240215T2300,8.750245,91.16491,7.42159,165.96376
20240216T0000,8.770246,89.982475,7.628263,160.70996
20240216T0100,8.880245,89.436226,6.5693827,170.53767
20240216T0200,9.000245,87.6181,5.315336,151.69923
20240216T0300,8.930245,86.88838,6.4096174,141.84277
20240216T0400,8.790245,87.294655,6.638072,139.3987
20240216T0500,8.600245,88.00215,5.95906,154.98311
20240216T0600,8.430245,89.149155,6.489992,160.55997
20240216T0700,8.8102455,87.71977,6.28713,166.75948
20240216T0800,9.970245,84.412155,6.849467,176.98721
20240216T0900,11.700245,80.91013,8.049845,190.30484
20240216T1000,13.090245,73.067856,6.439876,206.56505
20240216T1100,13.530245,71.33107,9.449572,220.36453
20240216T1200,13.620245,72.12996,9.178235,221.82018
20240216T1300,13.870245,72.374,8.161764,221.42366
20240216T1400,13.940246,73.42472,7.145796,229.08562
20240216T1500,13.920245,75.077934,6.193674,234.46233
20240216T1600,13.260245,79.39989,4.39436,235.00798
20240216T1700,12.050245,85.87002,5.3999996,233.1301
20240216T1800,11.320246,88.68363,4.510787,208.61046
20240216T1900,10.660245,91.122284,4.452954,194.03624
20240216T2000,10.410245,91.97267,4.452954,194.03624
20240216T2100,9.930245,93.451775,4.2136917,199.98311
20240216T2200,10.590245,92.92279,4.2136917,199.98311
20240216T2300,10.440246,93.35468,4.1046314,195.25513
20240217T0000,10.530245,93.23378,4.452954,194.03624
20240217T0100,10.410245,93.66919,4.802999,192.99461
20240217T0200,10.350245,93.919624,4.73506,188.74615
20240217T0300,10.290245,94.489876,3.671294,191.30994
20240217T0400,10.350245,94.3652,2.9024127,187.12502
20240217T0500,10.160245,95.44703,1.609969,206.56505
20240217T0600,10.170245,95.061,1.2979984,213.69006
20240217T0700,9.860246,95.82297,3.319036,310.60132
20240217T0800,10.230246,96.226654,5.8603754,349.38034
20240217T0900,10.600245,95.08033,7.928178,357.39746
20240217T1000,10.670245,94.82757,8.287822,2.4895477
20240217T1100,11.020246,90.71896,6.924738,8.972626
20240217T1200,11.250245,87.60385,6.2145634,10.00798
20240217T1300,11.570246,85.35365,5.04,360.0
20240217T1400,11.600245,84.723175,5.7599998,360.0
20240217T1500,11.520246,83.57125,6.2145634,349.992
20240217T1600,11.190246,84.61716,4.3349743,355.23636
20240217T1700,10.300245,89.98793,4.68,360.0
20240217T1800,9.580245,91.97811,6.638072,347.4712
20240217T1900,9.370245,92.53067,7.69592,349.2157
20240217T2000,9.070246,93.20986,5.506941,11.309921
20240217T2100,8.420245,94.13518,4.198285,30.963745
20240217T2200,8.930245,90.55457,6.0347,17.35402
20240217T2300,8.480246,91.71093,4.6800003,22.619858
20240218T0000,7.8202453,93.518974,3.8773184,21.801407
20240218T0100,7.0102453,94.97462,2.8116899,50.194427
20240218T0200,7.020245,94.8434,2.968636,104.03624
20240218T0300,6.900245,95.16713,1.8,89.99999
20240218T0400,6.270245,95.40166,1.1384199,108.434944
20240218T0500,5.5702453,96.44358,3.096837,144.46231
20240218T0600,5.7002454,97.398476,4.510787,151.38954
20240218T0700,5.6202455,97.60046,4.0249224,153.43495
20240218T0800,6.5802455,97.0897,4.198285,149.03624
20240218T0900,7.9302454,93.97833,4.1046314,164.74487
20240218T1000,9.100245,89.33288,4.3349743,184.76364
20240218T1100,10.400246,84.46454,5.506941,191.30994
20240218T1200,11.030245,82.94149,6.9247384,207.89728
20240218T1300,11.550245,78.43966,8.287822,235.61966
20240218T1400,11.990245,74.17403,8.707237,240.25513
20240218T1500,11.570246,74.917816,9.021574,241.38954
20240218T1600,10.940246,75.53177,6.6185193,247.61987
20240218T1700,10.3102455,76.05069,7.8625183,254.0546
20240218T1800,9.790245,79.30406,9.504273,245.37643
20240218T1900,9.050245,87.38194,10.296251,233.53076
20240218T2000,8.960245,88.46357,11.966954,226.21889
20240218T2100,8.940246,89.935074,13.755579,227.1211
20240218T2200,8.830245,91.86242,11.808878,232.43141
20240218T2300,8.840245,93.57966,12.88981,234.09029
20240219T0000,8.850245,94.09421,13.089354,238.49574
20240219T0100,8.830245,94.86884,12.72283,244.88516
20240219T0200,8.910245,94.8079,10.948973,242.59244
20240219T0300,8.950245,95.0693,9.511088,240.52411
20240219T0400,8.980246,95.78718,8.854829,243.43495
20240219T0500,8.900246,96.57138,8.049845,243.43495
20240219T0600,8.890245,96.24217,6.9247384,242.10274
20240219T0700,8.870245,95.52131,7.0911775,246.0375
20240219T0800,9.190246,92.708824,7.69592,259.2157
20240219T0900,9.670245,90.24316,7.5685663,272.72632
20240219T1000,10.670245,88.74471,7.8954163,294.22775
20240219T1100,11.040245,86.1091,7.628263,289.29004
20240219T1200,11.440246,80.5974,9.885262,280.4915
20240219T1300,11.530245,75.73969,11.525623,271.78992
20240219T1400,11.860246,71.34381,11.609651,262.875
20240219T1500,11.840245,68.294525,11.525623,255.52971
20240219T1600,11.260245,72.46914,8.654986,253.07248
20240219T1700,10.3102455,75.99795,6.1305785,229.76364
20240219T1800,10.120245,77.40183,5.6233797,219.80557
20240219T1900,9.940246,80.71104,5.991594,237.26477
20240219T2000,9.610246,84.892654,6.9527545,248.7495
20240219T2100,9.280245,89.348946,7.342588,258.69006
20240219T2200,9.120245,90.01218,7.342588,258.69006
20240219T2300,8.960245,89.13614,7.9932976,262.23483
20240220T0000,8.690246,88.68212,7.9526596,264.80557
20240220T0100,8.190246,90.306656,6.9899354,258.11133
20240220T0200,7.940245,90.28565,6.849467,266.9872
20240220T0300,7.670245,90.3255,6.519877,276.34018
20240220T0400,7.2002454,90.537605,6.151683,290.55603
20240220T0500,6.8002453,90.503975,6.638072,310.60132
20240220T0600,6.540245,90.41855,4.8433046,311.98724
20240220T0700,6.420245,91.04435,2.6208394,285.9454
20240220T0800,7.230245,87.312065,3.319036,282.5288
20240220T0900,8.400246,82.5898,2.6208394,285.9454
20240220T1000,9.680245,71.85629,1.1384199,288.43497
20240220T1100,10.480246,63.95618,2.2768397,288.43497
20240220T1200,10.870245,60.268475,5.1544156,282.09476
20240220T1300,11.070246,58.50534,7.172949,287.52557
20240220T1400,11.230246,56.70163,6.439876,296.56506
20240220T1500,11.260245,55.270687,4.5536795,288.43497
20240220T1600,10.720245,67.10419,1.2979984,213.69006
20240220T1700,9.330245,65.7087,4.73506,171.25385
20240220T1800,8.050245,73.53608,4.6800003,202.61987
20240220T1900,7.210245,77.01352,5.692099,214.69516
20240220T2000,6.110245,80.645645,4.379589,189.46233
20240220T2100,5.230245,84.52566,4.32,180.0
20240220T2200,3.6502452,90.8111,7.0911775,203.9625
20240220T2300,3.4602456,90.4039,5.1544156,192.09476
20240221T0000,3.1802454,91.16265,3.9763298,185.19443
20240221T0100,3.8202453,89.59747,4.802999,167.00539
20240221T0200,4.0602455,87.651054,5.6920996,161.56505
20240221T0300,3.8302455,87.31124,6.489992,160.55997
20240221T0400,3.1702452,89.92277,5.3517847,160.34618
20240221T0500,2.5702453,92.03683,5.154415,155.22485
20240221T0600,2.0802455,93.20563,4.829907,153.43495
20240221T0700,2.6002455,93.31,5.95906,154.98311
20240221T0800,3.9902453,90.64595,7.754637,158.1986
20240221T0900,6.0602455,86.63272,6.830519,161.56505
20240221T1000,8.350245,79.80094,7.5942073,174.55966
20240221T1100,10.160245,70.06242,10.446206,181.97493
20240221T1200,11.420245,64.13393,10.829959,195.42216
20240221T1300,11.850245,60.986088,9.793058,197.10272
20240221T1400,12.140245,60.588367,9.346143,195.64224
20240221T1500,12.220245,61.464645,6.849467,176.98721
20240221T1600,11.610246,61.964787,6.725354,164.47589
20240221T1700,10.900246,63.606014,7.172949,162.47443
20240221T1800,10.800245,64.34912,7.69592,169.2157
20240221T1900,10.850245,63.504368,8.350138,172.56859
20240221T2000,11.200245,62.434067,10.308831,192.09476
20240221T2100,11.430245,58.64046,13.18308,214.99202
20240221T2200,11.420245,59.643436,16.87398,236.30994
20240221T2300,10.990245,64.89412,18.668005,230.47737
20240222T0000,10.790245,68.30597,19.35314,226.50743
20240222T0100,10.680245,71.10715,20.696087,220.06079
20240222T0200,10.300245,76.472115,22.180206,215.75389
20240222T0300,10.070246,80.8416,22.473343,215.21759
20240222T0400,10.010245,84.99865,21.434364,209.14807
20240222T0500,10.070246,86.00217,22.38378,207.80147
20240222T0600,10.180245,85.89673,22.702845,207.3777
20240222T0700,10.260245,85.6709,22.539564,206.56505
20240222T0800,10.520246,85.23323,22.065973,208.23744
20240222T0900,10.850245,84.00136,22.553936,208.61046
20240222T1000,10.970245,84.648575,22.565422,213.94359
20240222T1100,11.210245,83.98855,23.34455,206.56505
20240222T1200,11.880245,79.95023,22.406927,203.68208
20240222T1300,11.980246,79.74763,24.490585,204.30455
20240222T1400,12.240245,77.59112,24.795612,205.821
20240222T1500,12.150246,78.4807,22.226902,204.90477
20240222T1600,11.950245,79.30977,17.377226,193.17256
20240222T1700,12.180245,78.165276,14.04,180.0
20240222T1800,12.930245,75.26157,14.759999,180.0
20240222T1900,12.650246,75.46928,17.902534,195.15407
20240222T2000,10.280245,81.82417,26.518099,228.30186
20240222T2100,8.8102455,81.73087,28.820242,249.52771
20240222T2200,8.580245,80.62171,23.686249,245.77226
20240222T2300,7.4702454,80.284065,21.611996,240.01837
20240223T0000,6.650245,82.754906,18.079027,234.72757
20240223T0100,6.0802455,83.20569,18.278645,237.875
20240223T0200,5.8202453,82.16899,15.876775,237.0306
20240223T0300,5.5102453,81.13179,14.20062,239.53445
20240223T0400,5.270245,79.595764,11.681987,236.30994
20240223T0500,4.7602453,79.22641,10.233123,230.7106
20240223T0600,4.0802455,80.38642,9.422101,226.54816
20240223T0700,3.6102452,82.38015,7.729527,207.75854
20240223T0800,5.210245,77.49348,8.473393,192.26477
20240223T0900,6.710245,70.68797,11.113451,204.90477
20240223T1000,7.8302455,66.0192,17.373497,235.98065
20240223T1100,9.030245,60.79572,15.9134655,232.35239
20240223T1200,9.540245,56.328075,13.237038,225.0
20240223T1300,9.830245,55.437572,11.808878,217.5686
20240223T1400,10.040245,54.778446,10.383987,213.69006
20240223T1500,9.780245,56.842308,10.1887,212.00539
20240223T1600,9.370245,60.53361,8.404285,223.2643
20240223T1700,7.480245,68.946365,7.491114,215.21759
20240223T1800,6.1602454,75.84372,6.130579,176.63354
20240223T1900,6.0302453,75.65664,5.495161,148.3925
20240223T2000,5.790245,77.09469,5.3999996,143.1301
20240223T2100,5.480245,78.83344,5.634891,153.43495
20240223T2200,4.650245,87.96619,10.182337,188.1301
20240223T2300,4.2902455,87.8648,9.3669195,182.20259
20240224T0000,4.0502453,89.23526,8.311245,175.03026
20240224T0100,4.2302456,88.9979,7.5170207,163.30075
20240224T0200,3.9902453,88.97392,8.089993,159.14554
20240224T0300,3.9002452,90.24946,8.427383,160.01689
20240224T0400,4.2902455,87.67621,8.825508,168.2317
20240224T0500,4.5602455,85.41318,9.0,180.0
20240224T0600,4.4702454,85.52459,9.255571,193.49573
20240224T0700,3.9502454,86.201515,8.891344,201.37062
20240224T0800,5.5102453,81.53912,8.557102,194.62088
20240224T0900,6.5902452,72.3095,10.009036,217.69424
20240224T1000,7.500245,68.901276,15.077082,236.68938
20240224T1100,8.180245,64.412926,13.779114,236.72511
20240224T1200,8.390245,62.050117,14.773164,223.02507
20240224T1300,8.680245,61.676968,14.021525,228.12213
20240224T1400,9.000245,61.668694,12.181624,235.8403
20240224T1500,8.500245,65.702934,11.709688,225.0
20240224T1600,7.770245,72.031944,7.289444,200.22485
20240224T1700,6.5902452,77.34518,7.5942073,185.44034
20240224T1800,4.940245,82.98843,6.9527545,158.7495
20240224T1900,3.4602456,86.64174,6.6087217,150.64224
20240224T2000,2.6102452,88.38337,5.634891,153.43495
20240224T2100,2.0502453,88.71028,5.8048253,150.25511
20240224T2200,1.7202454,89.8485,7.24486,153.43495
20240224T2300,1.5902454,91.22313,8.4963045,143.61565
20240225T0000,1.3102454,90.799355,8.587338,146.97614
20240225T0100,1.1002455,91.11314,7.9932966,144.16235
20240225T0200,1.3202454,89.743515,7.7879906,146.30994
20240225T0300,1.5802454,89.18071,7.5942082,148.57043
20240225T0400,1.6702454,89.450905,6.9247384,152.10272
20240225T0500,1.7402455,90.44208,6.6087217,150.64224
20240225T0600,1.8502454,90.51822,6.489992,146.30994
20240225T0700,2.1502454,89.75967,6.3690495,137.2906
20240225T0800,3.8102455,85.56564,7.145796,139.08562
20240225T0900,6.3502455,80.45317,6.4096174,141.84277
20240225T1000,8.670245,66.83175,7.0911775,156.0375
20240225T1100,10.0602455,56.590824,10.538843,172.14668
20240225T1200,11.230246,50.00409,12.682018,173.4802
20240225T1300,11.680245,47.1436,12.144331,168.02386
20240225T1400,11.960245,43.848736,10.703569,160.34618
20240225T1500,11.950245,45.57288,10.009036,142.30576
20240225T1600,10.850245,48.182594,8.534353,117.64597
20240225T1700,8.920245,56.281918,7.968939,108.434944
20240225T1800,7.8002453,63.81242,7.5170207,106.69924
20240225T1900,7.150245,70.17359,7.754637,111.80141
20240225T2000,7.3402452,70.87141,6.989936,124.508514
20240225T2100,7.4702454,73.37114,5.904439,142.4314
20240225T2200,7.190245,77.44874,4.896529,162.89728
20240225T2300,7.190245,77.17429,5.8048253,172.87498
20240226T0000,7.0602455,80.391335,5.815978,158.1986
20240226T0100,6.900245,85.637215,5.815978,158.1986
20240226T0200,6.5502453,90.039986,4.6938257,147.52881
20240226T0300,6.360245,92.51814,4.5536795,161.56505
20240226T0400,6.3702455,93.62525,5.4119864,176.18593
20240226T0500,6.460245,92.84915,5.315336,151.69923
20240226T0600,6.6602454,91.38272,5.692099,145.30484
20240226T0700,6.630245,91.25264,5.3517847,137.72632
20240226T0800,7.3902454,88.928406,5.3999996,126.869896
20240226T0900,8.450246,83.814064,4.6800003,112.61986
20240226T1000,9.540245,81.044365,3.0547013,135.0
20240226T1100,10.600245,75.21046,3.319036,130.60129
20240226T1200,11.410245,70.12606,3.219938,116.56505
20240226T1300,12.510245,65.9278,4.510787,118.61046
20240226T1400,12.960245,62.597275,4.896529,72.89727
20240226T1500,13.030245,62.570576,5.692099,55.304832
20240226T1600,12.200245,71.06776,3.8268526,41.18593
20240226T1700,10.420245,77.773834,6.0347,17.35402
20240226T1800,8.700245,85.78795,7.5170207,16.69925
20240226T1900,7.6802454,90.70331,7.0911775,23.962494
20240226T2000,6.9902453,92.69097,7.42159,39.09384
20240226T2100,6.650245,93.1865,7.127636,44.999985
20240226T2200,5.7602453,93.12803,5.8603754,42.510437
20240226T2300,5.6002455,92.39904,7.7879906,33.690063
20240227T0000,5.3102455,93.03219,6.638072,49.398697
20240227T0100,4.940245,92.941086,6.8777895,47.121094
20240227T0200,4.6402454,92.26308,7.42159,50.906143
20240227T0300,4.920245,91.69728,8.0899935,32.275635
20240227T0400,5.3702455,89.99792,6.9153743,38.659805
20240227T0500,6.020245,88.54593,7.10031,30.465546
20240227T0600,6.650245,87.31111,8.4042845,9.865799
20240227T0700,6.7402453,87.25946,7.5942073,354.5597
20240227T0800,7.2602453,86.34286,8.64,360.0
20240227T0900,7.900245,83.918686,10.538843,7.853302
20240227T1000,8.730246,79.636826,13.276144,12.528809
20240227T1100,9.580245,73.0566,15.03835,11.040939
20240227T1200,10.430245,67.322945,16.58346,27.121292
20240227T1300,10.800245,65.39987,17.727943,29.167603
20240227T1400,10.820246,66.051414,15.379206,20.556046
20240227T1500,10.650246,65.734474,14.587776,15.751175
20240227T1600,10.220245,67.51352,13.202726,11.00354
20240227T1700,9.590245,69.647804,12.074766,10.30484
20240227T1800,9.180245,71.60441,10.538843,7.853302
20240227T1900,8.800245,73.47282,9.726665,2.1210938
20240227T2000,8.400246,75.179794,9.3876505,355.60132
20240227T2100,7.520245,79.11083,9.3876505,355.60132
20240227T2200,8.030246,78.85904,10.446206,1.9749298
20240227T2300,8.000245,80.139656,9.3669195,357.79742
20240228T0000,7.920245,80.91922,9.3669195,357.79742
20240228T0100,7.420245,83.50395,8.647496,357.61407
20240228T0200,6.8102455,84.90615,7.9932976,352.23483
20240228T0300,6.440245,85.34089,6.924738,351.02737
20240228T0400,6.1402454,85.48555,7.5599995,360.0
20240228T0500,6.0102453,84.86619,7.2,360.0
20240228T0600,5.8202453,84.48143,5.771239,356.42368
20240228T0700,5.3502455,85.145966,6.162207,353.29016
20240228T0800,5.710245,84.52734,6.489992,356.8202
20240228T0900,6.710245,83.17376,6.924738,8.972626
20240228T1000,8.070246,77.70823,8.699793,24.443954
20240228T1100,8.970245,75.17813,9.028754,23.49855
20240228T1200,9.930245,71.30394,9.449572,17.74466
20240228T1300,10.290245,69.55117,10.137692,16.504364
20240228T1400,10.710245,66.67924,10.483357,15.945404
20240228T1500,10.710245,65.97991,8.534353,27.645966
20240228T1600,10.330245,69.41346,5.1919937,33.690063
20240228T1700,9.200245,74.85173,4.1046314,344.74487
20240228T1800,7.8902454,80.23546,6.489992,340.55997
20240228T1900,6.8902454,83.669014,6.519877,353.65985
20240228T2000,6.8202453,81.55849,4.68,360.0
20240228T2100,6.2802453,83.52856,4.452954,345.96375
20240228T2200,6.1402454,81.516266,6.162207,353.29016
20240228T2300,5.730245,81.921875,3.396233,32.005356
20240229T0000,5.040245,83.658905,1.8,126.869896
20240229T0100,3.9002452,87.948875,1.4399999,89.99999
20240229T0200,3.3002453,88.96833,2.0991426,59.036232
20240229T0300,3.0502453,89.20026,1.835647,101.30993
20240229T0400,3.5402455,86.58862,2.5455842,135.0
20240229T0500,3.4202452,85.578705,1.5273507,135.0
20240229T0600,3.2002454,86.29807,3.8268526,138.81407
20240229T0700,3.5502453,87.34263,5.8603754,137.48955
20240229T0800,4.400245,87.62545,3.563818,135.0
20240229T0900,6.0602455,84.57219,2.5455842,135.0
20240229T1000,7.6402454,80.2536,1.0182338,44.999985
20240229T1100,8.990245,71.56594,2.1897945,99.46232
20240229T1200,10.020246,67.80295,2.3051248,128.6598
20240229T1300,10.850245,64.04417,2.5959969,146.30994
20240229T1400,11.460245,62.234013,2.4149535,153.43495
20240229T1500,11.520246,62.161114,2.9024127,150.25511
20240229T1600,11.140245,64.97466,3.319036,139.3987
20240229T1700,8.5602455,75.36818,4.5536795,108.434944
20240229T1800,6.5802455,82.394424,5.937272,104.03624
20240229T1900,5.5802455,86.02644,4.0249224,116.56505
20240229T2000,4.400245,90.552635,3.319036,130.60129
20240229T2100,4.1802454,91.44254,2.9024127,150.25511
20240229T2200,3.7802453,95.07174,3.319036,167.47119
20240229T2300,3.8102455,95.27677,4.73506,171.25385
20240301T0000,3.9402456,94.94525,3.671294,168.69006
20240301T0100,4.380245,93.49806,2.9024127,172.87498
20240301T0200,4.8002453,92.931366,3.6179552,174.28941
20240301T0300,5.540245,91.42264,4.32,180.0
20240301T0400,5.960245,90.8149,5.0911684,188.1301
20240301T0500,6.230245,90.64624,5.1544156,192.09476
20240301T0600,6.380245,90.9773,5.506941,191.30994
20240301T0700,6.750245,90.37322,6.489992,199.44003
20240301T0800,7.3002453,89.41742,7.9036193,210.06859
20240301T0900,7.860245,88.7876,11.019764,231.63252
20240301T1000,8.260245,85.61795,13.049689,245.55606
20240301T1100,8.470245,84.81359,12.303366,249.44395
20240301T1200,8.690246,81.54314,10.630672,241.69925
20240301T1300,9.210245,76.87175,9.290511,234.46233
20240301T1400,9.680245,71.65478,7.145796,229.08562
20240301T1500,9.8102455,70.97998,6.439876,206.56505
20240301T1600,9.620245,72.961975,6.162207,173.29016
20240301T1700,8.090245,79.70452,5.495161,148.3925
20240301T1800,6.270245,85.92531,6.9153743,141.34018
20240301T1900,5.630245,88.38156,8.209263,142.12502
20240301T2000,5.380245,89.42715,8.714677,141.70984
20240301T2100,5.0302453,90.47919,7.7879906,146.30994
20240301T2200,4.5702453,90.1814,7.42159,157.16635
20240301T2300,3.8802452,92.86643,7.4128532,150.94539
20240302T0000,3.2702456,94.02817,8.942214,139.8991
20240302T0100,3.1602454,95.651764,7.8954163,136.84761
20240302T0200,3.0002456,95.84937,7.145796,139.08562
20240302T0300,2.9002452,95.09097,7.928177,140.52754
20240302T0400,3.1502452,94.56134,8.161764,138.57634
20240302T0500,3.5702453,94.38377,7.928177,140.52754
20240302T0600,3.6002455,93.51281,7.653705,138.81407
20240302T0700,3.9802456,91.16513,7.7043357,142.59465
20240302T0800,6.3402452,84.548,6.9153743,141.34018
20240302T0900,8.960245,78.89791,6.618519,135.0
20240302T1000,10.510245,76.77345,7.145796,139.08562
20240302T1100,12.360246,69.023125,7.5685663,154.65382
20240302T1200,13.320246,62.90114,8.766573,160.82098
20240302T1300,13.970245,57.944954,4.8965297,143.97263
20240302T1400,13.860246,55.89013,1.835647,78.69006
20240302T1500,14.030245,55.974266,2.4149535,26.565033
20240302T1600,13.410245,60.02034,5.634891,26.565033
20240302T1700,11.300245,68.55932,6.3690495,47.29059
20240302T1800,10.860246,68.84869,8.404285,43.264297
20240302T1900,9.960245,74.93833,3.8268526,318.8141
20240302T2000,7.1002455,84.94205,6.379216,286.38956
20240302T2100,6.4902453,87.53992,5.5887027,345.0686
20240302T2200,6.770245,85.08082,4.829907,63.43495
20240302T2300,5.6402454,89.51491,2.5455842,135.0
20240303T0000,5.750245,90.09569,2.1897945,189.46233
20240303T0100,5.9102454,91.00269,1.835647,78.69006
20240303T0200,6.3502455,91.48651,6.519877,83.65981
20240303T0300,6.1802454,91.92357,3.6179552,95.71059
20240303T0400,5.8002453,93.32714,2.9024127,119.74488
20240303T0500,5.7202454,93.97983,0.8049845,153.43495
20240303T0600,5.3002453,94.5519,2.5455842,81.869896
20240303T0700,5.650245,93.1862,3.219938,63.43495
20240303T0800,7.3502455,90.0472,2.0991426,30.963745
20240303T0900,9.700245,82.02609,3.4152596,18.434952
20240303T1000,11.280245,77.59378,3.319036,12.528809
20240303T1100,11.730246,75.82658,5.1544156,12.094757
20240303T1200,12.140245,73.49199,7.289444,20.224854
20240303T1300,12.850245,71.39249,7.6367526,8.130096
20240303T1400,13.3102455,70.70586,8.4042845,350.13422
20240303T1500,13.030245,70.16727,10.703569,340.3462
20240303T1600,12.130245,74.09788,12.074766,333.43497
20240303T1700,10.650246,79.60131,11.384198,325.30484
20240303T1800,9.190246,85.54828,10.799999,323.13013
20240303T1900,8.050245,89.796074,9.931042,313.5312
20240303T2000,8.250245,88.028114,10.315115,299.24884
20240303T2100,7.940245,87.75265,9.793058,287.10272
20240303T2200,8.410246,83.34315,8.373386,295.46335
20240303T2300,7.900245,83.801414,7.92,270.0
20240304T0000,7.5302453,83.870766,8.4042845,260.1342
20240304T0100,7.1202455,84.34957,8.4042845,260.1342
20240304T0200,6.7602453,85.98284,7.342588,258.69006
20240304T0300,6.5702453,87.24109,6.2145634,259.992
20240304T0400,6.420245,88.02673,5.4119864,266.1859
20240304T0500,6.380245,88.51948,4.6938252,274.3987
20240304T0600,6.3402452,88.82737,3.9763298,275.19443
20240304T0700,6.3102455,90.14526,3.6179552,275.7106
20240304T0800,6.420245,88.77274,4.802999,282.99463
20240304T0900,6.8302455,87.82205,4.379589,279.46234
20240304T1000,7.4302454,87.21145,2.9024127,262.875
20240304T1100,7.8702455,85.03634,2.2768397,251.56506
20240304T1200,8.460245,82.94423,3.219938,243.43495
20240304T1300,8.930245,81.691055,3.671294,258.69006
20240304T1400,9.230246,80.66227,3.7585104,286.69925
20240304T1500,9.230246,80.27071,3.563818,315.0
20240304T1600,9.080245,79.85785,3.6,323.13013
20240304T1700,8.670245,82.16772,2.9024127,330.25513
20240304T1800,7.9902453,87.08918,3.319036,347.4712
20240304T1900,7.690245,87.54376,3.2599385,353.65985
20240304T2000,7.4102454,90.177864,3.5455887,336.0375
20240304T2100,7.540245,88.81883,4.5820518,315.0
20240304T2200,7.3002453,91.30528,3.396233,302.00537
20240304T2300,7.400245,91.12284,2.4149535,243.43495
20240305T0000,7.520245,89.188835,2.4149535,206.56505
20240305T0100,7.2602453,90.92169,3.319036,220.6013
20240305T0200,7.1602454,90.40811,3.8268526,221.18593
20240305T0300,6.880245,91.01788,5.0911684,225.0
20240305T0400,6.8502455,91.14267,7.145796,229.08562
20240305T0500,7.0102453,89.390755,5.3999996,233.1301
20240305T0600,6.790245,87.75631,6.618519,225.0
20240305T0700,6.630245,88.296005,5.8603754,222.51045
20240305T0800,6.730245,87.50392,7.2,233.1301
20240305T0900,7.2002454,82.94763,11.770403,246.57132
20240305T1000,8.000245,77.20486,10.703569,250.34618
20240305T1100,8.720245,72.01884,9.605998,257.00537
20240305T1200,9.500245,66.54635,10.594036,260.2176
20240305T1300,9.780245,64.60999,10.1376915,263.8845
20240305T1400,10.090245,62.649956,8.049845,280.30487
20240305T1500,10.030245,64.760765,7.0911775,293.9625
20240305T1600,9.590245,67.61207,6.130579,273.36646
20240305T1700,8.610246,75.37725,4.896529,252.89728
20240305T1800,7.3202453,82.324295,4.8433046,221.98721
20240305T1900,7.170245,83.35332,5.1919937,213.69006
20240305T2000,6.7802453,83.950096,5.8603754,222.51045
20240305T2100,6.7202454,82.82316,6.1305785,229.76364
20240305T2200,6.4902453,84.20925,5.3517847,227.72632
20240305T2300,6.4302454,84.858795,4.8433046,228.01279
20240306T0000,6.190245,85.794464,4.3349743,228.36647
20240306T0100,6.130245,86.701904,4.072935,225.0
20240306T0200,5.9702454,87.85596,3.8268526,228.81409
20240306T0300,5.710245,89.26887,4.39436,235.00798
20240306T0400,5.6202455,89.57634,5.1919937,236.30994
20240306T0500,5.6402454,89.262184,5.634891,243.43495
20240306T0600,5.5302453,90.07601,4.896529,252.89728
20240306T0700,5.500245,91.22606,5.506941,258.69006
20240306T0800,5.8502455,91.31862,6.849467,273.0128
20240306T0900,6.400245,88.459236,6.9527545,291.2505
20240306T1000,7.0302453,83.45204,5.6920996,288.43497
20240306T1100,7.460245,79.157074,7.4128532,299.0546
20240306T1200,8.040245,74.47828,6.792466,302.00537
20240306T1300,8.610246,71.59006,6.3690495,317.29062
20240306T1400,8.470245,71.866646,5.5887027,345.0686
20240306T1500,8.040245,75.64676,6.130579,3.3664398
20240306T1600,7.5302453,80.349884,5.6920996,18.434952
20240306T1700,6.790245,86.2286,3.5455887,23.962494
20240306T1800,6.020245,91.52495,2.8799999,360.0
20240306T1900,5.7202454,93.65037,2.4149535,333.43497
20240306T2000,5.4702454,94.894424,2.9024127,330.25513
20240306T2100,5.380245,95.15691,2.4149535,333.43497
20240306T2200,5.630245,93.644714,0.71999997,180.0
20240306T2300,5.6002455,93.577,1.484318,104.03624
20240307T0000,5.8002453,90.545906,3.6,36.86989
20240307T0100,5.8902454,90.426155,2.5455842,81.869896
20240307T0200,6.150245,89.37344,2.5455842,81.869896
20240307T0300,6.460245,89.15164,1.8,53.130096
20240307T0400,6.5302453,89.3462,3.096837,35.53766
20240307T0500,6.4902453,90.03469,4.8433046,41.987198
20240307T0600,5.8902454,93.006,4.8965297,53.97262
20240307T0700,6.0802455,91.14465,4.6102495,51.34018
20240307T0800,6.3202453,88.140465,6.489992,56.30993
20240307T0900,6.630245,85.12357,8.311245,72.34988
20240307T1000,7.170245,82.303185,6.1305785,40.236343
20240307T1100,7.5802455,78.89737,6.792466,57.994614
20240307T1200,8.170245,75.350266,5.5887027,75.06858
20240307T1300,8.610246,71.844,5.0528407,94.08562
20240307T1400,8.670245,70.294975,6.87779,96.009
20240307T1500,8.510245,69.714134,7.5599995,89.99999
20240307T1600,8.100245,72.81896,6.519877,83.65981
20240307T1700,7.110245,81.198494,5.0911684,81.869896
20240307T1800,5.460245,88.364235,6.28713,76.75948
20240307T1900,4.4802456,91.5321,6.162207,83.29016
20240307T2000,3.8402452,92.73101,6.162207,83.29016
20240307T2100,3.0802455,93.20947,5.8048253,82.874985
20240307T2200,2.1302454,92.73787,5.8048253,82.874985
20240307T2300,1.3002454,93.55717,5.506941,101.30993
20240308T0000,0.8302454,93.04589,5.2416787,105.9454
20240308T0100,0.5602454,92.957275,5.1544156,102.09476
20240308T0200,0.3902454,93.286316,5.3517847,109.653824
20240308T0300,0.19024539,93.134285,5.634891,116.56505
20240308T0400,0.11024541,92.717545,5.8048253,119.74488
20240308T0500,0.1502454,91.161644,5.8048253,119.74488
20240308T0600,0.17024541,90.55984,5.692099,124.69515
20240308T0700,1.2802454,89.608185,5.495161,121.6075
20240308T0800,3.4802456,85.15396,6.28713,103.24051
20240308T0900,5.4702454,80.258675,6.519877,96.34019
20240308T1000,6.9302454,77.23895,4.379589,99.46232
20240308T1100,8.5602455,72.75491,6.830519,108.434944
20240308T1200,9.920245,69.37516,8.699793,114.44395
20240308T1300,10.980246,65.717766,9.360001,112.61986
20240308T1400,11.390245,62.348507,10.495713,95.90614
20240308T1500,11.350245,61.249325,12.24,89.99999
20240308T1600,10.600245,64.34729,8.669949,85.23635
20240308T1700,8.790245,72.543564,6.9247384,62.102737
20240308T1800,7.1802454,79.73033,7.928177,50.527527
20240308T1900,6.360245,83.59848,6.297428,59.036255
20240308T2000,6.0802455,85.84208,3.8773184,68.19859
20240308T2100,5.650245,87.20219,1.8,89.99999
20240308T2200,5.9702454,86.377655,3.671294,168.69006
20240308T2300,5.9102454,89.4139,3.0547013,135.0
20240309T0000,6.3402452,85.57019,5.0911684,98.1301
20240309T0100,6.2002454,87.69433,4.6102495,141.34018
20240309T0200,5.6802454,89.20294,4.3498964,114.44395
20240309T0300,4.670245,91.61243,4.5536795,71.56504
20240309T0400,3.5202456,92.84053,3.2599385,83.65981
20240309T0500,2.9802456,92.73443,3.2399998,89.99999
20240309T0600,2.5702453,92.83781,3.319036,102.52881
20240309T0700,3.8302455,91.15248,5.8048253,97.125015
20240309T0800,6.4702454,84.74398,6.162207,96.70984
20240309T0900,8.940246,78.8947,6.5693827,99.46232
20240309T1000,10.830245,66.84676,7.5170207,73.30075
20240309T1100,12.220245,61.464645,7.9932976,82.23483
20240309T1200,13.300245,57.007862,6.489992,109.44003
20240309T1300,14.120245,53.921326,5.506941,101.30993
20240309T1400,14.500245,52.753323,6.5693827,80.537674
20240309T1500,14.510245,53.50041,7.072878,75.25644
20240309T1600,13.760245,58.255234,5.3517847,47.726303
20240309T1700,11.880245,66.19906,5.8603754,47.489548
20240309T1800,10.240245,70.12825,7.0911775,66.037506
20240309T1900,10.120245,66.452095,8.759178,80.537674
20240309T2000,9.990245,64.56798,9.028754,85.42608
20240309T2100,9.530245,65.4754,7.5942073,84.55967
20240309T2200,9.110246,66.74159,7.5942082,58.570435
20240309T2300,8.770246,70.41571,6.9527545,68.7495
20240310T0000,8.620245,70.98593,6.4799995,89.99999
20240310T0100,8.470245,70.05343,3.96,89.99999
20240310T0200,8.010245,72.64621,5.2416787,74.054596
20240310T0300,7.8402452,72.92299,6.6185193,67.61986
20240310T0400,7.3502455,74.34792,4.452954,75.96376
20240310T0500,6.730245,79.15146,2.968636,104.03624
20240310T0600,6.650245,82.87207,2.0364676,135.0
20240310T0700,7.210245,78.78138,3.396233,212.00539
20240310T0800,7.920245,79.0636,7.2,216.8699
20240310T0900,8.530246,76.32373,7.653705,228.81409
20240310T1000,9.500245,70.91648,7.69592,259.2157
20240310T1100,9.8102455,73.87194,9.9571085,282.5288
20240310T1200,9.990245,75.2053,6.4096174,231.84277
20240310T1300,10.320246,71.78282,4.2136917,289.98312
20240310T1400,9.390245,81.3604,8.707237,299.74487
20240310T1500,8.840245,86.6988,4.73506,261.25385
20240310T1600,8.360246,87.61318,3.8773184,201.8014
20240310T1700,7.900245,88.11538,5.771239,183.57634
20240310T1800,7.5602455,89.44116,7.342588,168.69006
20240310T1900,7.3002453,89.91745,8.209263,164.74487
20240310T2000,6.9902453,89.639175,7.628263,160.70996
20240310T2100,6.6602454,90.23907,6.5693827,170.53767
20240310T2200,6.0802455,91.40115,8.647496,182.38594
20240310T2300,5.3902454,93.103226,9.114471,189.09027
20240311T0000,4.6202455,94.58,9.779817,186.3402
20240311T0100,3.8802452,96.16575,6.4799995,180.0
20240311T0200,3.0802455,97.095795,4.802999,167.00539
20240311T0300,2.7002454,97.91919,4.0249224,169.69516
20240311T0400,2.8102455,97.85284,5.4477882,172.40535
20240311T0500,2.7102456,97.4994,5.8603754,169.38034
20240311T0600,2.7102456,98.05992,5.1544156,167.90524
20240311T0700,3.8702455,95.48363,6.2145634,169.99202
20240311T0800,6.1402454,91.79166,6.162207,173.29016
20240311T0900,8.210245,85.731316,7.5942073,185.44034
20240311T1000,9.820246,78.706154,7.729527,207.75854
20240311T1100,10.990245,71.61644,7.2,216.8699
20240311T1200,11.720245,66.39408,8.39657,210.96376
20240311T1300,12.270246,61.39086,8.942214,220.1009
20240311T1400,12.8102455,59.827824,9.0,233.1301
20240311T1500,12.5602455,59.097385,8.39657,239.03624
20240311T1600,11.970245,62.84075,7.771331,256.6075
20240311T1700,10.160245,73.680435,6.162207,263.29016
20240311T1800,8.3102455,77.693985,7.928178,267.39746
20240311T1900,6.920245,81.91983,6.489992,250.55997
20240311T2000,6.5102453,82.1513,6.696387,233.74615
20240311T2100,6.2402453,84.35587,6.1305785,220.23636
20240311T2200,6.110245,88.492516,5.6002855,225.0
20240311T2300,5.4502454,90.515755,5.8048253,209.74489
20240312T0000,5.130245,91.13129,6.12,208.0725
20240312T0100,5.1002455,91.06427,6.28713,203.62938
20240312T0200,5.3102455,91.01728,6.28713,203.62938
20240312T0300,5.8102455,90.54677,6.6087217,209.35776
20240312T0400,6.130245,90.44685,7.5942082,211.42957
20240312T0500,6.440245,90.09345,7.7879906,213.69006
20240312T0600,6.8502455,89.5638,8.287822,214.38034
20240312T0700,7.0302453,90.71304,9.957108,220.60129
20240312T0800,7.480245,90.876236,11.525623,231.3402
20240312T0900,8.160246,86.38395,14.917212,250.25317
20240312T1000,8.460245,85.64129,11.183201,236.82149
20240312T1100,9.030245,81.98959,11.681987,236.30994
20240312T1200,9.260245,78.45218,12.7279215,241.26021
20240312T1300,9.490245,74.22637,13.441071,249.62357
20240312T1400,9.640245,71.34532,14.05845,256.67548
20240312T1500,9.730246,72.22004,14.973576,260.31122
20240312T1600,9.590245,75.02799,10.483357,254.0546
20240312T1700,9.090245,78.75366,7.491114,234.78241
20240312T1800,8.470245,83.003395,6.8777895,227.1211
20240312T1900,8.170245,85.90579,7.145796,220.91438
20240312T2000,7.8202453,88.72211,8.942214,220.1009
20240312T2100,7.5602455,89.56571,11.019764,218.3675
20240312T2200,7.4902453,89.68415,14.021525,209.19748
20240312T2300,7.5102453,90.12375,15.042659,201.0375
20240313T0000,7.630245,90.69923,14.81259,205.94229
20240313T0100,7.7802453,91.59585,14.618837,217.99873
20240313T0200,7.9302454,92.946365,14.512064,223.99492
20240313T0300,8.020246,94.11306,14.113652,232.2532
20240313T0400,8.200246,95.033516,13.608762,232.52382
20240313T0500,8.350245,95.43287,13.104198,232.8153
20240313T0600,8.540245,95.572235,11.246759,230.19443
20240313T0700,8.860246,95.65146,9.686609,228.01279
20240313T0800,9.450245,94.76963,8.913181,223.36343
20240313T0900,10.010245,93.83759,8.435069,219.80557
20240313T1000,10.540245,92.66874,8.14587,225.0
20240313T1100,11.370245,90.6845,9.726664,231.009
20240313T1200,12.170245,87.340454,9.387651,237.52881
20240313T1300,12.910245,84.08156,8.287822,235.61966
20240313T1400,12.940246,82.684265,8.714677,231.70984
20240313T1500,13.050245,80.93655,7.928177,230.52754
20240313T1600,12.670245,82.81663,5.0911684,225.0
20240313T1700,11.910245,87.72739,3.4152596,198.43495
20240313T1800,10.820246,90.82642,3.219938,153.43495
20240313T1900,9.110246,95.53173,4.3349743,138.36646
20240313T2000,7.9902453,96.87056,3.096837,144.46231
20240313T2100,7.6802454,96.72648,3.6,143.1301
20240313T2200,7.1402454,96.70678,5.154415,155.22485
20240313T2300,6.8502455,96.56197,5.8048253,150.25511
20240314T0000,6.5102453,96.54877,4.8965297,143.97263
20240314T0100,5.8302455,97.33481,4.5820518,135.0
20240314T0200,5.770245,97.87842,4.3349743,131.63353
20240314T0300,5.690245,98.90707,4.8433046,138.01279
20240314T0400,5.5102453,98.76494,5.904439,142.4314
20240314T0500,5.2002454,98.27408,5.692099,145.30484
20240314T0600,4.940245,97.784355,5.991594,147.26477
20240314T0700,5.8202453,97.19853,6.12,151.9275
20240314T0800,7.6802454,94.48481,6.297428,149.03624
20240314T0900,9.650246,89.93362,6.12,151.9275
20240314T1000,12.240245,84.45549,6.439876,153.43495
20240314T1100,13.850245,80.13009,8.049845,169.69516
20240314T1200,15.430245,73.302376,8.647496,177.61406
20240314T1300,16.800245,67.09394,8.28,180.0
20240314T1400,17.700245,62.269714,7.928178,182.60257
20240314T1500,17.930244,60.145893,8.049845,190.30484
20240314T1600,17.340246,64.61076,5.3999996,180.0
20240314T1700,15.300245,74.41565,5.8603754,132.51044
20240314T1800,12.090245,85.23961,5.3999996,143.1301
20240314T1900,10.720245,91.06506,3.7585104,163.30075
20240314T2000,9.440246,95.6759,3.319036,167.47119
20240314T2100,8.900246,97.430954,4.0249224,169.69516
20240314T2200,9.110246,93.27604,5.4119864,183.81407
20240314T2300,8.770246,93.38334,5.0528407,175.91438
20240315T0000,8.650246,92.99239,5.0528407,175.91438
20240315T0100,8.930245,88.827065,6.130579,183.36646
20240315T0200,9.300245,82.99893,7.69592,190.7843
20240315T0300,9.460245,81.032745,7.8625183,195.9454
20240315T0400,9.350245,82.49009,7.289444,200.22485
20240315T0500,8.930245,86.58885,6.830519,198.43495
20240315T0600,8.930245,88.460686,6.725354,195.52411
20240315T0700,10.850245,83.77225,7.8625183,195.9454
20240315T0800,12.750245,77.51555,8.766573,199.17902
20240315T0900,13.840245,71.5375,11.808878,217.5686
20240315T1000,14.580245,67.62077,15.277749,235.561
20240315T1100,15.190246,65.44667,17.068707,242.35403
20240315T1200,15.750245,62.614292,17.414474,240.25513
20240315T1300,15.970245,60.15738,18.359999,241.92752
20240315T1400,16.220245,56.78052,17.873556,242.40271
20240315T1500,16.410246,54.57341,16.923828,240.70865
20240315T1600,16.090246,55.09293,11.384198,235.30484
20240315T1700,14.720245,63.01549,9.449572,220.36453
20240315T1800,13.050245,74.012764,8.404285,223.2643
20240315T1900,12.080245,77.51218,10.383987,236.30994
20240315T2000,10.890245,80.29662,11.246759,219.80557
20240315T2100,9.950245,85.166794,10.685391,212.61925
20240315T2200,9.750245,88.90283,11.019764,218.3675
20240315T2300,9.930245,90.07993,9.565437,199.79887
20240316T0000,10.210245,89.85806,9.531505,190.88553
20240316T0100,10.3102455,90.78739,11.885453,215.13419
20240316T0200,10.3102455,92.21564,12.031756,218.92755
20240316T0300,10.300245,93.09405,11.720751,222.51045
20240316T0400,10.300245,92.40272,12.984975,226.1233
20240316T0500,10.220245,92.334854,14.003028,223.95837
20240316T0600,10.220245,91.77258,15.349684,230.7106
20240316T0700,10.610246,90.13573,16.485485,238.3925
20240316T0800,11.110246,86.8801,15.277749,235.561
20240316T0900,11.770246,82.47551,15.1884165,238.57043
20240316T1000,12.260245,80.44208,15.496736,239.26453
20240316T1100,12.650246,77.657455,15.94601,241.69925
20240316T1200,13.340245,73.16438,16.279802,251.96573
20240316T1300,13.740245,70.55084,16.343367,262.40536
20240316T1400,13.780245,69.17716,16.595179,266.26862
20240316T1500,14.040245,67.182755,15.856356,267.39746
20240316T1600,13.330245,71.000305,12.245294,271.6847
20240316T1700,12.670245,73.99391,7.208994,267.1376
20240316T1800,11.200245,81.56008,5.6920996,251.56506
20240316T1900,10.080245,86.65345,6.638072,229.39871
20240316T2000,9.030245,89.88097,3.8773184,201.8014
20240316T2100,8.400246,92.97653,2.7416782,203.1986
20240316T2200,8.280246,95.037384,3.6179552,185.71059
20240316T2300,7.460245,96.65181,2.9024127,172.87498
20240317T0000,7.5602455,96.588875,3.2599385,173.6598
20240317T0100,7.150245,97.31083,3.2599385,173.6598
20240317T0200,7.1002455,97.040405,3.2399998,180.0
20240317T0300,6.6402454,96.285866,3.2399998,180.0
20240317T0400,6.3402452,96.34057,3.0758414,159.44395
20240317T0500,5.6802454,97.53415,2.9024127,150.25511
20240317T0600,5.8202453,96.927155,3.319036,139.3987
20240317T0700,6.5502453,95.6146,5.00128,149.74356
20240317T0800,8.170245,92.51429,3.8773184,158.1986
20240317T0900,9.330245,89.3534,4.6800003,157.38013
20240317T1000,10.620245,84.89625,2.968636,194.03624
20240317T1100,11.550245,81.38653,3.7585104,196.69925
20240317T1200,12.300245,79.741165,5.1544156,167.90524
20240317T1300,12.780245,76.370316,6.151683,159.44395
20240317T1400,13.070246,73.56395,6.12,151.9275
20240317T1500,13.160245,72.83228,5.95906,154.98311
20240317T1600,13.040245,74.6181,5.315336,151.69923
20240317T1700,12.040245,81.95364,4.6102495,141.34018
20240317T1800,11.080245,86.58263,4.829907,153.43495
20240317T1900,11.090245,85.29892,5.00128,149.74356
20240317T2000,10.700245,87.07417,4.6800003,157.38013
20240317T2100,10.100245,90.70943,4.0249224,153.43495
20240317T2200,9.920245,94.27939,4.3498964,155.55605
20240317T2300,9.360246,96.063736,4.5536795,161.56505
20240318T0000,9.300245,96.8484,4.452954,165.96376
20240318T0100,9.170245,97.37245,4.198285,149.03624
20240318T0200,9.010245,97.76623,4.6102495,141.34018
20240318T0300,9.270246,96.58438,5.1165614,140.71059
20240318T0400,9.220245,97.24162,5.6002855,135.0
20240318T0500,9.290245,97.50825,5.3517847,137.72632
20240318T0600,9.360246,97.576355,5.1165614,140.71059
20240318T0700,9.470245,98.50946,2.9024127,150.25511
20240318T0800,9.700245,98.38079,1.4399999,89.99999
20240318T0900,10.090245,98.18978,1.2979984,33.690063
20240318T1000,10.990245,95.86699,2.0991426,210.96376
20240318T1100,12.070246,93.32186,5.3999996,216.8699
20240318T1200,12.950245,85.967354,6.989936,235.49149
20240318T1300,13.960245,80.84651,7.42159,255.96376
20240318T1400,14.290245,76.00676,7.2,270.0
20240318T1500,14.390245,73.16082,5.506941,281.30994
20240318T1600,14.220245,74.42448,3.5455887,246.0375
20240318T1700,12.890245,83.17992,4.39436,214.99202
20240318T1800,11.120245,88.36585,6.439876,206.56505
20240318T1900,10.510245,91.0494,6.0347,197.35403
20240318T2000,9.940246,91.752914,4.32,180.0
20240318T2100,9.670245,92.99252,3.96,180.0
20240318T2200,9.100245,96.447,4.6938252,175.60129
20240318T2300,8.780245,96.69904,3.2599385,173.6598
20240319T0000,8.400246,96.81824,3.0758414,159.44395
20240319T0100,8.210245,96.28195,4.2136917,160.01689
20240319T0200,7.8302455,96.99834,4.5536795,161.56505
20240319T0300,7.290245,97.98923,3.319036,139.3987
20240319T0400,7.0502453,98.79845,3.6,126.869896
20240319T0500,6.8302455,98.452705,4.3349743,131.63353
20240319T0600,6.960245,98.048134,4.3349743,138.36646
20240319T0700,7.710245,97.3286,3.563818,135.0
20240319T0800,8.800245,94.9323,2.9024127,119.74488
20240319T0900,9.980246,92.8853,3.319036,102.52881
20240319T1000,11.960245,88.8009,4.39436,34.99202
20240319T1100,13.430245,84.256226,4.072935,44.999985
20240319T1200,14.590245,76.15927,2.3051248,38.659805
20240319T1300,15.700245,69.85086,1.2979984,33.690063
20240319T1400,16.300245,65.95878,1.484318,104.03624
20240319T1500,16.570246,63.06143,2.3051248,141.34018
20240319T1600,16.340246,63.8661,1.609969,153.43495
20240319T1700,15.180245,68.393326,1.1384199,288.43497
20240319T1800,13.160245,78.00274,1.8,53.130096
20240319T1900,12.250245,82.09308,3.8773184,68.19859
20240319T2000,9.730246,91.30126,4.3498964,65.55604
20240319T2100,7.8902454,96.40199,5.315336,61.699234
20240319T2200,6.8702455,95.76221,4.6102495,51.34018
20240319T2300,6.360245,96.27432,4.1046314,74.74488
20240320T0000,5.3402452,97.65985,1.835647,101.30993
20240320T0100,4.670245,98.32857,1.9386592,158.1986
20240320T0200,4.150245,98.17486,2.16,180.0
20240320T0300,3.9702454,97.96094,1.8,180.0
20240320T0400,4.400245,95.71383,2.9024127,150.25511
20240320T0500,4.380245,95.23921,4.5820518,135.0
20240320T0600,4.690245,95.188095,5.8603754,137.48955
20240320T0700,6.920245,92.75078,6.4096174,141.84277
20240320T0800,9.980246,85.11186,4.39436,124.99202
20240320T0900,12.520246,79.180984,3.8773184,111.80141
20240320T1000,14.590245,72.60792,3.0758414,110.556046
20240320T1100,16.290245,68.02781,3.563818,135.0
20240320T1200,17.610245,62.920456,3.6179552,174.28941
20240320T1300,18.600245,58.831238,3.7585104,196.69925
20240320T1400,19.170246,54.6664,4.0249224,206.56505
20240320T1500,19.460245,53.143436,3.96,180.0
20240320T1600,19.050245,55.2648,3.096837,144.46231
20240320T1700,17.030245,64.325005,3.671294,101.30993
20240320T1800,14.140245,72.08262,5.0528407,94.08562
20240320T1900,11.600245,82.902695,4.6800003,112.61986
20240320T2000,9.900246,89.403725,3.396233,122.00538
20240320T2100,9.110246,92.19745,2.8116899,140.19443
20240320T2200,8.880245,94.16025,3.319036,167.47119
20240320T2300,8.600245,94.72768,4.5536795,161.56505
20240321T0000,8.600245,95.64031,4.73506,171.25385
20240321T0100,9.270246,93.349396,5.4119864,176.18593
20240321T0200,10.040245,90.70474,5.771239,183.57634
20240321T0300,10.990245,87.51879,5.6920996,198.43495
20240321T0400,11.430245,88.03708,5.4833565,203.1986
20240321T0500,11.470245,88.99696,5.815978,201.8014
20240321T0600,10.990245,92.69683,6.28713,203.62938
20240321T0700,11.5602455,92.04981,8.4963045,216.38435
20240321T0800,12.690246,89.341385,9.0,233.1301
20240321T0900,14.100245,84.27868,9.83268,246.2505
20240321T1000,16.060246,73.56342,10.446206,268.0251
20240321T1100,17.340246,64.22239,9.983106,295.64102
20240321T1200,18.110245,56.68561,9.0645685,276.84277
20240321T1300,18.880245,49.67219,10.661107,281.68936
20240321T1400,19.200245,45.426876,12.10157,300.37915
20240321T1500,19.170246,43.51434,12.599998,306.8699
20240321T1600,18.550245,46.25361,8.913181,316.6366
20240321T1700,16.710245,55.331966,7.4128532,330.94543
20240321T1800,15.870245,53.90525,6.638072,347.4712
20240321T1900,14.270246,62.909374,4.802999,12.994629
20240321T2000,12.820246,70.753075,1.1384199,71.56504
20240321T2100,11.160245,80.39145,0.5091169,44.999985
20240321T2200,10.390245,84.52118,1.484318,165.96376
20240321T2300,9.170245,87.87701,2.4149535,153.43495
20240322T0000,8.520246,89.15741,3.219938,153.43495
20240322T0100,7.920245,91.163635,3.319036,167.47119
20240322T0200,7.6402454,92.73473,3.671294,168.69006
20240322T0300,7.7602453,92.42246,3.671294,168.69006
20240322T0400,8.090245,92.636635,3.7585104,163.30075
20240322T0500,8.290245,92.013695,3.5455887,156.0375
20240322T0600,8.350245,91.13407,3.8939953,146.30994
20240322T0700,9.930245,87.29258,5.0142193,158.9625
20240322T0800,12.670245,76.925255,3.6179552,174.28941
20240322T0900,15.220245,67.482315,4.2136917,199.98311
20240322T1000,17.220245,58.72751,5.315336,208.30077
20240322T1100,18.220245,49.83063,7.5942082,211.42957
20240322T1200,19.040245,43.296333,9.178235,221.82018
20240322T1300,19.670246,41.07841,10.195057,227.86241
20240322T1400,20.220245,40.614918,10.086427,235.1755
20240322T1500,20.280245,40.57611,9.339208,242.44719
20240322T1600,20.030245,43.55134,6.28713,246.37064
20240322T1700,18.480246,48.953594,5.904439,232.43141
20240322T1800,17.100245,48.702408,7.928177,219.47246
20240322T1900,12.950245,67.64075,7.9036193,210.06859
20240322T2000,11.890245,72.690735,7.5170207,196.69925
20240322T2100,11.270246,76.638,6.489992,183.17982
20240322T2200,10.500245,79.5784,6.162207,186.70984
20240322T2300,10.580245,80.08522,8.287822,182.48955
20240323T0000,11.140245,79.29428,9.028754,184.57391
20240323T0100,11.790245,76.88369,10.041354,194.53445
20240323T0200,12.420245,73.19219,10.30883,204.77515
20240323T0300,12.450245,73.801926,10.883676,214.2157
20240323T0400,12.230246,77.11475,10.97262,228.9909
20240323T0500,11.880245,80.16832,12.849528,258.69006
20240323T0600,10.890245,80.29662,14.408997,282.99463
20240323T0700,9.420245,79.57745,19.319628,296.56506
20240323T0800,8.8102455,76.91062,19.33639,294.1791
20240323T0900,9.160245,68.72416,16.394829,278.84183
20240323T1000,9.140245,64.41198,18.35647,258.69006
20240323T1100,9.040245,65.31431,22.553936,261.74057
20240323T1200,9.120245,63.902954,22.553936,261.74057
20240323T1300,9.970245,56.32258,23.623243,262.11688
20240323T1400,10.270246,53.087284,22.148045,262.52844
20240323T1500,9.3102455,54.102097,21.288757,266.1215
20240323T1600,8.320246,56.36427,18.584509,261.08508
20240323T1700,7.380245,62.065796,17.25373,246.64444
20240323T1800,6.4902453,67.591896,16.42247,243.99666
20240323T1900,5.690245,73.70846,14.693999,239.03625
20240323T2000,5.190245,76.82175,16.595179,245.6589
20240323T2100,5.110245,78.488434,14.33234,244.72229
20240323T2200,5.4702454,82.6482,13.217443,240.64226
20240323T2300,5.3702455,82.69313,13.53236,241.38954
20240324T0000,5.0302453,84.01756,12.783802,237.65256
20240324T0100,5.040245,84.50102,12.313894,232.12502
20240324T0200,4.9302454,87.12227,13.281023,237.17145
20240324T0300,4.860245,88.17676,12.904882,239.85861
20240324T0400,4.690245,88.410904,14.33234,244.72229
20240324T0500,4.610245,88.02476,14.512064,246.61478
20240324T0600,4.5902452,85.53942,17.208603,254.21925
20240324T0700,4.9702454,80.52668,16.071491,254.4072
20240324T0800,5.4902453,75.067154,16.854767,250.0169
20240324T0900,6.170245,64.58169,17.399586,245.55606
20240324T1000,7.1602454,72.11428,18.03237,243.9465
20240324T1100,7.4702454,71.2036,18.678415,242.44719
20240324T1200,8.080246,64.342514,19.164717,241.99083
20240324T1300,8.830245,60.788494,19.64228,243.90457
20240324T1400,8.930245,63.26515,19.008547,245.37643
20240324T1500,8.940246,58.831413,19.05281,247.79654
20240324T1600,8.820246,54.998917,20.037485,252.21611
20240324T1700,8.010245,58.075436,16.394829,250.76932
20240324T1800,7.3702455,62.470722,13.570615,248.1986
20240324T1900,6.710245,67.1539,11.298495,239.34933
20240324T2000,6.170245,72.32834,10.587918,234.68878
20240324T2100,5.5802455,79.247025,9.085988,236.30994
20240324T2200,5.520245,77.15796,8.534353,242.35403
20240324T2300,5.1002455,83.72691,6.618519,225.0
20240325T0000,4.6602454,88.09292,6.489992,213.69006
20240325T0100,3.9402456,90.771355,8.373386,205.46335
20240325T0200,3.6602454,90.877106,7.172949,197.52557
20240325T0300,2.9502454,92.3326,6.519877,186.3402
20240325T0400,2.3102455,93.42449,5.0911684,171.8699
20240325T0500,1.5102453,95.14917,3.8773184,158.1986
20240325T0600,2.3202453,95.264,3.6,143.1301
20240325T0700,4.6802454,88.85229,4.510787,118.61046
20240325T0800,6.860245,79.11631,4.802999,102.99461
20240325T0900,8.490246,71.56567,6.725354,105.5241
20240325T1000,9.740245,63.507248,7.9526596,95.19443
20240325T1100,10.680245,56.27149,9.793058,107.10272
20240325T1200,11.530245,51.3699,10.24578,108.434944
20240325T1300,12.290245,47.69984,10.483357,105.9454
20240325T1400,12.910245,44.517864,10.594036,99.7824
20240325T1500,13.120245,42.190212,10.495713,95.90614
20240325T1600,12.640245,43.669613,9.0,89.99999
20240325T1700,11.130245,53.021957,6.28713,66.37062
20240325T1800,8.710245,61.906994,6.489992,56.30993
20240325T1900,7.9302454,64.95848,6.9247384,62.102737
20240325T2000,7.210245,67.608955,6.439876,63.43495
20240325T2100,6.2802453,71.72732,4.829907,63.43495
20240325T2200,5.710245,74.515114,3.671294,101.30993
20240325T2300,6.270245,71.5185,3.319036,130.60129
20240326T0000,6.250245,72.867836,4.2136917,109.9831
20240326T0100,6.0902452,76.322266,3.4152596,108.434944
20240326T0200,5.8502455,81.93938,1.609969,116.56505
20240326T0300,5.5102453,85.469444,2.9024127,150.25511
20240326T0400,5.440245,86.254814,2.7416782,113.19859
20240326T0500,5.2402453,86.84737,3.319036,102.52881
20240326T0600,5.5902452,86.82525,4.1046314,105.25512
20240326T0700,6.920245,80.5978,4.6938252,94.398705
20240326T0800,9.190246,66.75979,3.2399998,89.99999
20240326T0900,11.270246,57.03651,3.9763298,84.805565
20240326T1000,13.090245,53.982933,3.2599385,83.65981
20240326T1100,14.140245,51.11925,3.6,89.99999
20240326T1200,15.360246,46.538696,4.68,89.99999
20240326T1300,16.340246,43.207317,6.519877,83.65981
20240326T1400,17.140245,41.348877,7.2805495,81.46923
20240326T1500,17.270245,40.604256,9.007196,87.70938
20240326T1600,16.870245,42.24471,8.4042845,80.134186
20240326T1700,15.390245,55.021717,4.8965297,53.97262
20240326T1800,13.520246,61.057926,6.8777895,42.87889
20240326T1900,13.910245,57.64762,3.6,36.86989
20240326T2000,13.470245,61.513676,1.609969,116.56505
20240326T2100,11.850245,72.633,4.3349743,184.76364
20240326T2200,10.900246,73.157005,7.42159,255.96376
20240326T2300,10.240245,81.42531,7.2805495,278.53076
20240327T0000,9.5602455,86.53808,6.489992,266.8202
20240327T0100,8.140245,90.55264,1.609969,243.43495
20240327T0200,7.0602455,92.43808,2.3051248,231.3402
20240327T0300,6.7202454,92.09227,2.0991426,30.963745
20240327T0400,7.5102453,90.81554,5.991594,302.73523
20240327T0500,7.2602453,93.67956,4.452954,284.03625
20240327T0600,7.9302454,93.913536,6.130579,266.63354
20240327T0700,8.350245,92.973335,10.464798,266.0548
20240327T0800,7.9102454,89.162994,15.986595,262.23483
20240327T0900,6.630245,84.40592,16.87398,258.9298
20240327T1000,5.790245,84.59772,13.570615,248.1986
20240327T1100,5.540245,86.14403,12.904882,247.01129
20240327T1200,5.8902454,84.19095,13.0447235,242.02054
20240327T1300,6.5802455,81.46548,16.179985,249.14554
20240327T1400,6.920245,81.45785,13.708391,256.3287
20240327T1500,6.980245,83.62197,11.503113,249.86371
20240327T1600,7.2002454,83.59225,9.504272,232.69606
20240327T1700,7.1802454,82.82816,6.489992,213.69006
20240327T1800,6.520245,84.690445,6.5693827,170.53767
20240327T1900,5.4102454,88.359116,6.28713,156.37062
20240327T2000,4.8302455,90.140755,7.10031,149.53445
20240327T2100,4.150245,91.89789,8.209263,142.12502
20240327T2200,3.4002452,91.6409,7.4128532,150.94539
20240327T2300,2.7902455,92.720314,9.19939,149.42078
20240328T0000,2.5702453,93.577446,9.220499,141.34018
20240328T0100,2.2802453,93.625206,8.209263,142.12502
20240328T0200,2.1102452,93.2078,7.7043357,142.59465
20240328T0300,2.0402455,92.46249,7.8954163,133.15239
20240328T0400,2.6402454,92.57545,6.489992,146.30994
20240328T0500,3.6702452,91.72851,6.3690495,132.70938
20240328T0600,4.0902452,93.34579,6.489992,199.44003
20240328T0700,4.8102455,92.93205,8.707238,172.87498
20240328T0800,5.9302454,91.325005,13.708391,166.32869
20240328T0900,7.270245,82.84052,15.158522,175.91438
20240328T1000,8.760245,76.525185,17.388409,207.09555
20240328T1100,9.720245,70.21697,25.537172,229.57393
20240328T1200,10.930245,63.658062,24.216522,228.01279
20240328T1300,11.630245,55.846508,25.20257,225.57874
20240328T1400,11.940246,48.500713,25.476198,227.29062
20240328T1500,12.340245,43.548073,23.78453,230.52754
20240328T1600,12.710245,43.05963,17.81909,225.0
20240328T1700,12.010245,45.35921,14.84318,219.09386
20240328T1800,9.5602455,53.35121,10.00256,210.25644
20240328T1900,7.520245,61.11563,7.42159,165.96376
20240328T2000,6.8002453,65.92058,6.763786,154.79887
20240328T2100,7.0702453,67.82151,7.10031,149.53445
20240328T2200,6.670245,69.71783,8.4963045,143.61565
20240328T2300,5.940245,71.65688,8.209263,142.12502
20240329T0000,5.6602454,72.907265,10.009036,142.30576
20240329T0100,6.150245,71.1842,9.19939,149.42078
20240329T0200,6.6402454,69.40999,7.491114,144.78241
20240329T0300,7.1602454,66.82137,7.928177,140.52754
20240329T0400,8.040245,64.844505,7.2,143.1301
20240329T0500,8.010245,66.39413,7.127636,135.0
20240329T0600,7.980245,74.73125,6.618519,135.0
20240329T0700,8.490246,78.43657,6.193674,144.46231
20240329T0800,9.410245,79.41012,4.8433046,138.01279
20240329T0900,10.790245,77.459694,4.1046314,127.874985
20240329T1000,13.090245,70.71021,4.6938257,212.47119
20240329T1100,13.970245,67.67472,4.0249224,206.56505
20240329T1200,15.530245,61.925632,2.4149535,153.43495
20240329T1300,17.260244,56.275875,2.0991426,120.96376
20240329T1400,18.200245,53.350178,3.6179552,84.289406
20240329T1500,18.210245,53.42552,5.0142193,68.96249
20240329T1600,17.370245,60.49813,5.495161,31.607498
20240329T1700,15.400246,75.9387,5.634891,26.565033
20240329T1800,13.090245,79.69657,6.8777895,42.87889
20240329T1900,11.840245,84.12264,5.692099,55.304832
20240329T2000,10.540245,86.11298,6.28713,76.75948
20240329T2100,10.080245,84.77398,6.849467,86.98721
20240329T2200,9.090245,92.322426,4.896529,72.89727
20240329T2300,8.700245,90.72307,6.519877,83.65981
20240330T0000,9.200245,86.201195,7.172949,107.52557
20240330T0100,9.400246,81.13648,8.225035,113.19859
20240330T0200,9.340245,75.66782,7.5942082,121.429565
20240330T0300,9.340245,71.13384,7.289445,122.90524
20240330T0400,9.290245,71.980576,7.5685663,115.34617
20240330T0500,9.650246,71.4979,7.0911775,113.96249
20240330T0600,10.150246,68.84119,7.24486,116.56505
20240330T0700,10.330245,74.745285,7.24486,116.56505
20240330T0800,11.410245,70.859886,6.439876,116.56505
20240330T0900,12.200245,69.13267,5.315336,118.30075
20240330T1000,13.140245,69.04404,2.52,270.0
20240330T1100,14.330245,69.715675,10.931203,287.24146
20240330T1200,14.930245,66.194695,14.05845,309.80557
20240330T1300,15.070246,63.400116,10.086427,304.8245
20240330T1400,14.990245,62.52029,11.592895,295.76935
20240330T1500,14.740245,60.26761,14.118243,289.359
20240330T1600,13.330245,64.13448,9.3876505,274.3987
20240330T1700,12.540245,67.692055,3.7064266,330.94543
20240330T1800,11.370245,73.85589,4.829907,63.43495
20240330T1900,11.300245,74.04716,4.6102495,38.659805
20240330T2000,10.170245,83.2851,1.609969,333.43497
20240330T2100,9.800245,87.63876,3.2599385,276.34018
20240330T2200,9.570246,90.482086,2.5455842,225.0
20240330T2300,9.900246,89.3427,4.802999,102.99461
20240331T0000,9.360246,92.40368,3.9763298,95.19443
20240331T0100,8.740245,94.54032,2.6208394,164.0546
20240331T0200,7.770245,97.26356,3.219938,116.56505
20240331T0300,7.210245,98.122444,3.0547013,135.0
20240331T0400,6.770245,98.17896,4.5536795,108.434944
20240331T0500,6.750245,98.31455,7.208994,92.862404
20240331T0600,7.0602455,97.78008,6.9899354,78.11134
20240331T0700,8.140245,95.03062,5.0911684,81.869896
20240331T0800,9.350245,92.15084,3.8773184,68.19859
20240331T0900,11.020246,86.0484,4.6938257,57.5288
20240331T1000,11.880245,85.215744,2.3051248,141.34018
20240331T1100,13.070246,82.25748,2.16,270.0
20240331T1200,14.370245,78.61237,2.6208394,254.0546
20240331T1300,15.670245,71.55263,5.6002855,225.0
20240331T1400,16.510246,66.04907,4.0249224,259.69516
20240331T1500,16.770245,62.55652,4.1046314,15.255127
20240331T1600,16.380245,63.316433,4.3349743,48.366455
20240331T1700,15.540245,65.70251,4.8965297,36.027374
20240331T1800,14.210245,72.733055,6.439876,296.56506
20240331T1900,12.090245,84.49475,7.42159,284.03625
20240331T2000,11.780245,86.89039,6.9527545,21.250488
20240331T2100,10.850245,91.074715,6.489992,33.690063
20240331T2200,11.120245,89.448616,7.172949,342.47443
20240331T2300,10.450245,93.10304,6.87779,353.991
20240401T0000,10.430245,94.05096,6.5693827,350.5377
20240401T0100,10.210245,96.61641,9.0645685,353.15723
20240401T0200,10.100245,97.793564,4.198285,300.96378
20240401T0300,9.750245,98.38179,6.162207,263.29016
20240401T0400,9.540245,98.97857,4.6938257,237.52881
20240401T0500,9.880245,95.11225,6.297428,210.96376
20240401T0600,10.370245,86.56605,10.00256,210.25644
20240401T0700,9.680245,83.163925,17.377226,230.04245
20240401T0800,9.290245,79.55732,20.87379,237.68039
20240401T0900,8.800245,78.872314,19.969458,236.02345
20240401T1000,8.790245,79.25759,19.228851,231.84277
20240401T1100,9.450245,76.058586,18.089775,238.8407
20240401T1200,9.660245,73.17452,18.218275,240.39555
20240401T1300,10.150246,71.29849,14.4,233.1301
20240401T1400,10.8102455,72.53274,12.7279215,225.0
20240401T1500,11.490245,69.41574,14.264361,227.04541
20240401T1600,12.070246,67.87175,13.896187,233.42697
20240401T1700,11.360246,69.921135,9.793059,233.97263
20240401T1800,9.640245,78.24119,8.14587,225.0
20240401T1900,8.400246,84.04138,8.587338,213.02386
20240401T2000,7.8402452,85.50895,7.8954163,204.22775
20240401T2100,7.7402453,84.01556,8.373386,205.46335
20240401T2200,8.170245,82.731476,8.311245,197.65013
20240401T2300,8.080246,82.31514,11.113451,204.90477
20240402T0000,8.350245,80.92631,13.896187,216.57303
20240402T0100,8.580245,78.89224,15.273505,225.0
20240402T0200,8.400246,77.92782,14.264361,222.95459
20240402T0300,8.230246,78.72522,14.529915,221.98721
20240402T0400,8.120246,80.04563,15.03835,227.91084
20240402T0500,8.190246,79.44084,14.512064,226.0051
20240402T0600,8.450246,77.66296,14.76439,225.0
20240402T0700,9.180245,73.28764,14.264361,227.04541
20240402T0800,9.460245,70.36078,18.0,233.1301
20240402T0900,9.740245,71.61654,20.26899,236.59218
20240402T1000,10.520246,69.35645,17.782686,238.24052
20240402T1100,11.430245,63.019855,17.148247,230.9645
20240402T1200,11.910245,59.557846,17.654688,230.7928
20240402T1300,12.710245,56.61283,17.49615,233.36589
20240402T1400,13.580245,52.46273,17.873556,235.66978
20240402T1500,13.840245,50.06851,17.974781,237.26477
20240402T1600,13.790245,50.912926,14.982228,234.78241
20240402T1700,13.200245,52.209076,9.693296,238.67131
20240402T1800,12.250245,51.758217,6.830519,251.56506
20240402T1900,8.980246,66.6645,2.9024127,172.87498
20240402T2000,6.270245,81.82572,4.452954,165.96376
20240402T2100,5.5602455,86.82186,4.6800003,157.38013
20240402T2200,5.020245,89.64726,4.829907,153.43495
20240402T2300,5.130245,89.72119,6.489992,146.30994
20240403T0000,4.9102454,90.85482,6.989936,145.49147
20240403T0100,5.0102453,91.50967,6.489992,146.30994
20240403T0200,5.3002453,91.01646,6.696387,143.74615
20240403T0300,5.860245,88.467384,7.10031,149.53445
20240403T0400,6.2002454,86.40412,7.5685663,154.65382
20240403T0500,6.710245,85.614555,7.754637,158.1986
20240403T0600,7.5802455,84.822685,7.8625183,164.0546
20240403T0700,9.210245,80.54725,7.8625183,164.0546
20240403T0800,10.050245,77.17561,8.049845,169.69516
20240403T0900,10.080245,83.50275,10.08,180.0
20240403T1000,10.690246,85.078545,9.114471,170.90973
20240403T1100,11.3102455,86.37239,14.332341,191.59218
20240403T1200,11.680245,83.932274,18.278645,212.125
20240403T1300,11.790245,83.5484,19.61587,222.76883
20240403T1400,11.760245,84.57001,18.584509,225.78482
20240403T1500,12.640245,81.81315,17.339897,221.63354
20240403T1600,13.090245,77.30824,17.287498,211.373
20240403T1700,12.670245,78.72202,16.923828,209.29137
20240403T1800,12.480246,81.13031,16.79314,210.96376
20240403T1900,12.570246,80.59581,15.876775,212.9694
20240403T2000,12.640245,80.224976,15.986593,215.83765
20240403T2100,12.910245,79.72375,16.08761,220.46222
20240403T2200,12.650246,80.66179,16.075521,214.04594
20240403T2300,12.5602455,81.03181,15.30741,221.18593
20240404T0000,12.410245,85.79372,14.84318,219.09386
20240404T0100,12.070246,87.271805,13.896187,216.57303
20240404T0200,11.980246,87.2041,13.979872,214.50853
20240404T0300,11.820246,86.835884,13.37825,203.80594
20240404T0400,11.760245,85.722275,12.849528,191.30994
20240404T0500,11.710245,84.56409,12.371645,188.36589
20240404T0600,11.880245,83.616295,12.7279215,188.1301
20240404T0700,13.080245,78.83852,13.556282,190.71312
20240404T0800,14.200245,74.170296,12.758432,196.38954
20240404T0900,15.210245,70.98509,12.224107,193.627
20240404T1000,15.460245,66.35588,13.37825,203.80594
20240404T1100,15.520246,66.144684,15.277749,214.439
20240404T1200,15.110246,68.33246,15.192682,216.32683
20240404T1300,14.850245,73.541534,15.281989,223.09085
20240404T1400,15.920245,70.176636,15.273505,225.0
20240404T1500,17.130245,62.936306,17.072504,227.56378
20240404T1600,16.710245,64.38266,14.76439,225.0
20240404T1700,16.140245,67.99645,14.76439,225.0
20240404T1800,15.460245,71.32062,10.97262,221.0091
20240404T1900,14.320246,75.96073,7.9932966,215.83765
20240404T2000,13.200245,80.631195,6.379216,196.38954
20240404T2100,12.920245,82.2377,6.130579,183.36646
20240404T2200,12.470245,85.91567,6.379216,196.38954
20240404T2300,11.750245,88.543365,6.489992,183.17982
20240405T0000,11.030245,91.02655,4.3349743,175.23636
20240405T0100,11.210245,89.27516,4.896529,162.89728
20240405T0200,11.130245,88.906685,4.6800003,157.38013
20240405T0300,10.700245,90.75581,5.495161,148.3925
20240405T0400,10.290245,92.339455,6.193674,144.46231
20240405T0500,9.550245,92.795166,5.692099,145.30484
20240405T0600,10.080245,89.48046,7.2,143.1301
20240405T0700,12.400246,82.7259,7.4128532,150.94539
20240405T0800,15.790245,70.48102,6.763786,154.79887
20240405T0900,18.660246,59.879726,7.5170207,163.30075
20240405T1000,20.660246,51.803627,9.3669195,177.79741
20240405T1100,22.050245,46.47951,15.315873,203.55226
20240405T1200,22.950245,42.364353,19.862083,226.46881
20240405T1300,22.790245,43.272934,19.734436,231.66666
20240405T1400,22.880245,41.268936,17.373497,235.98065
20240405T1500,22.220245,44.11498,12.57426,246.37064
20240405T1600,21.850245,45.248745,7.6367526,261.8699
20240405T1700,20.200245,55.93231,2.0364676,315.0
20240405T1800,20.510244,44.50381,3.5455887,113.96249
20240405T1900,18.940245,52.255936,3.6,143.1301
20240405T2000,15.140245,71.258705,2.968636,165.96376
20240405T2100,13.510245,78.48012,2.6208394,164.0546
20240405T2200,11.850245,89.33017,2.8799999,180.0
20240405T2300,11.100245,93.01619,3.9763298,174.80557
20240406T0000,11.190246,92.958984,4.3349743,184.76364
20240406T0100,10.710245,92.2421,4.0249224,169.69516
20240406T0200,10.490245,92.72832,3.5455887,156.0375
20240406T0300,10.280245,91.52797,5.315336,151.69923
20240406T0400,9.930245,91.50276,5.815978,158.1986
20240406T0500,9.480246,91.53249,6.151683,159.44395
20240406T0600,10.410245,88.720924,7.5685663,154.65382
20240406T0700,13.610246,78.81329,7.5685663,154.65382
20240406T0800,16.940245,66.587,7.24486,153.43495
20240406T0900,20.340246,57.172005,7.42159,157.16635
20240406T1000,22.950245,49.186375,7.342588,168.69006
20240406T1100,24.670246,41.443333,11.928989,174.80557
20240406T1200,25.980246,36.00157,15.124284,178.63608
20240406T1300,26.990246,32.5184,15.517629,183.9909
20240406T1400,27.600245,29.207743,14.471821,185.71059
20240406T1500,27.490246,30.272219,11.879999,180.0
20240406T1600,26.390245,34.758247,8.557102,165.37912
20240406T1700,23.590246,43.527843,7.5685663,154.65382
20240406T1800,18.960245,60.313286,8.427383,160.01689
20240406T1900,16.590246,70.779076,5.8603754,169.38034
20240406T2000,15.160245,75.59488,6.0347,162.64597
20240406T2100,14.520246,78.37283,6.439876,153.43495
20240406T2200,14.450245,68.75254,7.5942082,148.57043
20240406T2300,13.850245,69.05014,8.39657,149.03624
20240407T0000,13.490245,70.500755,8.217153,151.18921
20240407T0100,13.240245,73.94665,6.989936,145.49147
20240407T0200,13.080245,75.800964,4.6800003,157.38013
20240407T0300,12.800245,79.22348,4.0249224,190.30484
20240407T0400,12.880245,75.76657,6.763786,205.20113
20240407T0500,15.210245,62.188557,6.297428,210.96376
20240407T0600,13.670245,73.52446,3.319036,192.52881
20240407T0700,15.670245,71.7927,1.609969,153.43495
20240407T0800,17.620245,61.875957,3.0758414,159.44395
20240407T0900,19.660246,55.34778,4.379589,170.53767
20240407T1000,21.180244,49.164967,4.379589,170.53767
20240407T1100,22.340246,45.508507,6.0347,162.64597
20240407T1200,23.200245,42.064793,6.151683,159.44395
20240407T1300,23.920246,41.34192,6.1305785,139.76364
20240407T1400,24.370245,40.397697,5.692099,145.30484
20240407T1500,24.130245,42.35655,3.8268526,138.81407
20240407T1600,23.070246,46.172794,4.73506,81.25384
20240407T1700,21.310246,53.914978,6.638072,102.52881
20240407T1800,20.020245,54.047657,6.638072,102.52881
20240407T1900,18.360245,60.93951,4.0249224,116.56505
20240407T2000,17.430244,64.58765,3.8268526,138.81407
20240407T2100,16.060246,74.4002,4.8433046,138.01279
20240407T2200,14.980246,78.02626,2.4149535,153.43495
20240407T2300,13.840245,84.02392,3.2599385,173.6598
20240408T0000,13.540245,85.17409,4.32,180.0
20240408T0100,14.150246,84.733795,1.9386592,158.1986
20240408T0200,14.700245,81.00284,2.1897945,189.46233
20240408T0300,13.240245,84.62941,2.9024127,172.87498
20240408T0400,13.020246,83.981964,2.9024127,150.25511
20240408T0500,11.720245,86.7084,3.096837,144.46231
20240408T0600,12.500245,84.82813,3.6,143.1301
20240408T0700,15.440246,77.32277,3.7064266,150.94539
20240408T0800,18.430244,65.76248,3.319036,130.60129
20240408T0900,20.550245,53.502144,2.9024127,119.74488
20240408T1000,21.690245,48.615086,3.9763298,84.805565
20240408T1100,22.950245,47.451466,2.968636,194.03624
20240408T1200,23.990246,47.641346,5.315336,208.30077
20240408T1300,24.690245,43.458946,5.315336,151.69923
20240408T1400,25.410246,41.293297,5.991594,147.26477
20240408T1500,25.740246,41.33126,5.8048253,97.125015
20240408T1600,24.830246,46.351006,5.3517847,70.346176
20240408T1700,23.220245,53.909657,4.39436,55.007973
20240408T1800,20.620245,64.146194,7.42159,39.09384
20240408T1900,19.000246,69.671906,7.10031,59.534447
20240408T2000,18.980246,69.12203,7.2359104,84.289406
20240408T2100,18.210245,70.94992,10.495713,95.90614
20240408T2200,17.750246,69.378876,9.028754,85.42608
20240408T2300,17.150246,73.56326,3.563818,135.0
20240409T0000,17.140245,73.319,4.0249224,206.56505
20240409T0100,18.450245,64.21441,11.792404,257.66092
20240409T0200,18.280245,52.72138,14.799459,265.8151
20240409T0300,17.220245,55.012592,10.24578,251.56506
20240409T0400,16.630245,65.853714,10.805998,240.01837
20240409T0500,14.960245,71.464195,16.167967,258.43988
20240409T0600,12.430245,71.456726,19.083395,271.08093
20240409T0700,10.3102455,73.40131,18.36353,268.8767
20240409T0800,9.210245,76.87175,17.731598,264.17368
20240409T0900,8.580245,80.060196,16.454008,259.9194
20240409T1000,8.520246,81.57563,16.171976,253.17859
20240409T1100,8.870245,79.32559,16.595179,245.6589
20240409T1200,9.240245,79.1628,16.610792,240.1011
20240409T1300,9.150246,79.093445,14.8257065,240.9454
20240409T1400,9.160245,78.38126,11.988594,228.65222
20240409T1500,9.610246,76.619194,11.090103,215.75389
20240409T1600,9.760245,75.26869,11.384198,214.69516
20240409T1700,9.540245,76.71404,9.693296,201.8014
20240409T1800,8.970245,78.62449,8.4042845,189.86581
20240409T1900,8.450246,80.20849,7.9932976,187.76517
20240409T2000,8.150246,82.96033,7.5942073,185.44034
20240409T2100,7.8702455,83.73893,7.2805495,188.53076
20240409T2200,6.9502454,86.06543,7.5685663,205.34618
20240409T2300,6.440245,87.104195,5.3517847,227.72632
20240410T0000,5.9902453,86.62477,5.95906,205.01689
20240410T0100,5.8002453,85.86956,6.12,208.0725
20240410T0200,5.2002454,86.904655,6.439876,206.56505
20240410T0300,5.0102453,88.56968,5.692099,214.69516
20240410T0400,4.6402454,89.73928,5.3517847,227.72632
20240410T0500,4.4502454,91.52968,6.12,241.92752
20240410T0600,5.8002453,88.523865,4.1046314,254.74487
20240410T0700,7.3202453,85.4471,4.510787,298.61047
20240410T0800,8.870245,75.902626,8.534353,332.35403
20240410T0900,10.070246,66.25326,9.0645685,353.15723
20240410T1000,10.670245,58.026913,6.638072,12.528809
20240410T1100,10.980246,54.721573,6.725354,15.524109
20240410T1200,11.720245,52.54276,7.69592,10.7842865
20240410T1300,12.290245,51.327114,8.557102,14.620865
20240410T1400,12.460245,50.57316,9.178235,11.309921
20240410T1500,12.610246,50.76068,9.826088,8.426956
20240410T1600,12.630245,50.62145,9.3669195,2.202591
20240410T1700,12.190246,53.089085,7.928178,357.39746
20240410T1800,10.580245,56.16389,5.506941,348.69006
20240410T1900,8.250245,66.54482,5.8048253,352.875
20240410T2000,6.5802455,76.355804,7.42159,345.96375
20240410T2100,5.8302455,80.429955,8.825508,348.23172
20240410T2200,6.4502454,75.84244,9.114471,9.090271
20240410T2300,5.8302455,78.77852,7.24486,26.565033
20240411T0000,5.230245,82.673294,4.0249224,63.43495
20240411T0100,5.1602454,82.959816,2.8116899,50.194427
20240411T0200,4.860245,85.08444,3.7585104,16.69925
20240411T0300,3.9802456,88.46391,4.6800003,22.619858
20240411T0400,3.5602455,90.02416,3.8268526,41.18593
20240411T0500,3.7102456,90.10276,4.510787,28.610443
20240411T0600,4.400245,90.03744,1.8,53.130096
20240411T0700,7.440245,81.30454,1.484318,14.03624
20240411T0800,10.480246,69.78639,2.52,360.0
20240411T0900,12.740245,61.50641,3.6179552,5.7105865
20240411T1000,14.590245,56.12199,3.8773184,21.801407
20240411T1100,15.770246,51.00029,5.2416787,15.945404
20240411T1200,16.470245,48.660374,5.3517847,19.653809
20240411T1300,17.080246,48.1921,4.39436,34.99202
20240411T1400,17.580246,47.338634,3.319036,40.601288
20240411T1500,17.810246,47.766106,2.7416782,23.198593
20240411T1600,17.580246,48.80334,3.9763298,354.8056
20240411T1700,16.720245,52.012115,3.4152596,341.56506
20240411T1800,13.450245,64.25105,7.172949,342.47443
20240411T1900,11.290245,71.825195,6.849467,3.0127716
20240411T2000,10.510245,75.14218,6.12,28.07248
20240411T2100,9.900246,76.82923,6.28713,23.629364
20240411T2200,8.960245,80.00657,2.7416782,23.198593
20240411T2300,7.940245,82.70003,1.609969,26.565033
20240412T0000,6.4302454,87.78035,1.08,89.99999
20240412T0100,7.270245,86.34399,0.5091169,135.0
20240412T0200,6.690245,88.550224,1.2979984,146.30994
20240412T0300,5.420245,91.47762,2.5959969,146.30994
20240412T0400,4.0702453,95.56174,3.319036,139.3987
20240412T0500,4.8002453,91.81803,3.096837,144.46231
20240412T0600,6.710245,90.3698,4.0249224,153.43495
20240412T0700,10.470245,78.97256,1.8,143.1301
20240412T0800,13.730246,69.403366,1.8,126.869896
20240412T0900,15.980246,61.612144,1.609969,116.56505
20240412T1000,17.920246,55.195663,2.1897945,80.537674
20240412T1100,19.410246,51.189777,2.3051248,38.659805
20240412T1200,20.520245,47.06449,1.609969,26.565033
20240412T1300,21.370245,45.14424,2.1897945,9.462311
20240412T1400,21.720245,43.144794,3.2399998,360.0
20240412T1500,21.860245,42.86294,3.9763298,354.8056
20240412T1600,21.690245,43.608112,4.32,360.0
20240412T1700,20.720245,47.957542,3.6179552,354.28943
20240412T1800,19.200245,47.599026,7.2359104,5.7105865
20240412T1900,15.820246,61.113785,6.12,28.07248
20240412T2000,13.8102455,70.13353,2.9024127,60.25511
20240412T2100,12.570246,75.60987,2.16,89.99999
20240412T2200,9.890245,85.92312,2.0364676,135.0
20240412T2300,8.820246,90.35902,3.0547013,135.0
20240413T0000,8.290245,91.00371,3.319036,130.60129
20240413T0100,8.280246,89.87829,3.396233,122.00538
20240413T0200,8.090245,89.79957,3.096837,125.537674
20240413T0300,7.8102455,89.21568,3.319036,130.60129
20240413T0400,7.4502454,90.11857,3.319036,139.3987
20240413T0500,6.960245,90.83396,2.8116899,140.19443
20240413T0600,9.8102455,87.160706,4.1046314,142.12502
20240413T0700,13.370245,77.87804,4.39436,145.00798
20240413T0800,16.330246,69.51023,3.563818,135.0
20240413T0900,18.860245,60.16868,3.319036,130.60129
20240413T1000,21.000246,54.013966,4.6102495,128.6598
20240413T1100,22.670246,49.569675,4.6938257,147.52881
20240413T1200,23.980246,45.237057,4.73506,171.25385
20240413T1300,25.120245,42.720135,5.0528407,184.08562
20240413T1400,25.970245,39.804653,5.3517847,199.65382
20240413T1500,26.440245,38.32392,5.00128,210.25644
20240413T1600,26.310246,38.184998,4.39436,214.99202
20240413T1700,24.880245,48.547073,3.396233,212.00539
20240413T1800,22.190245,49.439857,4.3498964,204.44395
20240413T1900,18.150246,64.44694,4.802999,192.99461
20240413T2000,15.300245,74.86476,6.130579,183.36646
20240413T2100,14.410245,79.88976,4.68,180.0
20240413T2200,13.590245,81.22959,5.4119864,183.81407
20240413T2300,13.070246,82.64547,5.3999996,180.0
20240414T0000,12.360246,85.1554,5.4119864,183.81407
20240414T0100,11.940246,85.858,5.4119864,183.81407
20240414T0200,11.480246,87.03598,4.6938252,184.39871
20240414T0300,11.210245,88.07571,5.0528407,184.08562
20240414T0400,11.080245,88.06332,5.0528407,184.08562
20240414T0500,10.800245,88.99772,5.0528407,184.08562
20240414T0600,12.880245,84.75805,5.8048253,187.12502
20240414T0700,16.700245,74.41313,5.8048253,187.12502
20240414T0800,19.820246,62.800114,5.3517847,199.65382
20240414T0900,21.920246,56.70053,6.4096174,218.15723
20240414T1000,23.500246,52.483223,6.989936,214.50853
20240414T1100,24.730246,47.716854,8.913181,226.63658
20240414T1200,25.630245,43.836597,10.144082,242.52557
20240414T1300,26.240246,39.90739,10.948973,260.5377
20240414T1400,26.510244,37.936813,10.446206,271.9749
20240414T1500,26.380245,38.128414,9.531505,280.88553
20240414T1600,25.630245,40.80883,7.5170207,286.69925
20240414T1700,24.210245,45.69342,3.6179552,275.7106
20240414T1800,22.590246,47.036892,4.379589,260.5377
20240414T1900,20.150246,54.92035,2.968636,194.03624
20240414T2000,16.250246,72.67307,3.2399998,180.0
20240414T2100,15.270246,77.24427,3.9763298,174.80557
20240414T2200,14.180245,81.03931,4.3349743,184.76364
20240414T2300,13.950245,82.20759,2.9024127,187.12502
20240415T0000,15.100245,77.94097,2.6208394,195.9454
20240415T0100,15.510245,79.57191,3.396233,237.99463
20240415T0200,14.940246,82.554245,3.7064266,240.9454
20240415T0300,14.450245,84.99279,3.7064266,209.05461
20240415T0400,14.400246,85.325775,4.510787,208.61046
20240415T0500,14.340245,87.31871,4.3498964,204.44395
20240415T0600,14.910245,86.059586,3.8268526,228.81409
20240415T0700,15.610246,84.06484,4.452954,255.96376
20240415T0800,15.750245,85.24754,6.519877,263.65982
20240415T0900,16.710245,79.796455,8.759178,260.5377
20240415T1000,17.440245,74.00357,7.2,216.8699
20240415T1100,17.070246,72.582886,11.525623,231.3402
20240415T1200,17.530245,67.56234,14.20062,239.53445
20240415T1300,18.340246,61.30278,21.603,246.4253
20240415T1400,18.750246,55.786194,23.452555,252.1213
20240415T1500,18.920246,47.260075,23.688984,253.21736
20240415T1600,18.400246,42.513542,27.345785,253.951
20240415T1700,17.190245,38.94278,26.82906,258.38852
20240415T1800,15.930245,40.29337,28.001427,261.8699
20240415T1900,14.210245,45.941647,26.836306,263.06564
20240415T2000,12.680245,51.73128,24.387177,261.51105
20240415T2100,11.160245,58.77884,21.398056,257.36664
20240415T2200,9.470245,67.8731,19.803272,268.95837
20240415T2300,7.860245,78.0023,16.595179,273.7314
20240416T0000,7.0502453,82.46058,15.546833,275.31454
20240416T0100,6.460245,84.86254,14.799459,274.1849
20240416T0200,6.2002454,84.76993,14.973576,260.31122
20240416T0300,6.250245,84.6563,15.542662,256.6075
20240416T0400,6.000245,83.906944,17.114204,255.37914
20240416T0500,5.940245,82.95019,17.76081,252.29958
20240416T0600,6.3102455,78.29706,19.130875,250.20113
20240416T0700,6.8702455,70.569336,24.280659,254.52136
20240416T0800,7.6602454,63.963028,24.826952,253.1416
20240416T0900,8.460245,60.4311,26.368616,255.77405
20240416T1000,9.110246,60.554207,22.79684,248.70264
20240416T1100,9.590245,61.949097,22.077717,245.94266
20240416T1200,9.850245,63.398376,22.79684,248.70264
20240416T1300,10.550245,62.540363,23.452555,252.1213
20240416T1400,10.500245,63.960945,22.881956,257.27563
20240416T1500,9.970245,65.62405,20.969805,258.11133
20240416T1600,9.020246,69.42811,20.898611,259.0772
20240416T1700,7.920245,75.144714,18.345877,254.0546
20240416T1800,7.3302455,82.325714,17.462784,261.70285
20240416T1900,7.2602453,84.18979,13.708391,256.3287
20240416T2000,7.0102453,85.40991,12.181625,251.0296
20240416T2100,6.9102454,85.638405,10.829958,248.55226
20240416T2200,6.3202453,89.704,9.387651,237.52881
20240416T2300,6.4102454,87.65474,10.383987,236.30994
20240417T0000,6.3502455,86.177734,12.43434,247.89056
20240417T0100,6.3102455,85.14428,12.979984,250.55997
20240417T0200,6.2002454,86.46519,13.009903,255.57922
20240417T0300,6.170245,85.67082,11.620809,253.81079
20240417T0400,5.880245,86.673615,11.966954,254.29138
20240417T0500,5.770245,87.03027,12.144331,258.02386
20240417T0600,5.6202455,88.25551,12.7279215,261.8699
20240417T0700,5.5502453,88.49869,13.324863,271.54816
20240417T0800,5.750245,87.46057,13.493999,279.21103
20240417T0900,6.460245,84.80261,11.874544,284.03625
20240417T1000,7.2402453,82.89473,11.525623,271.78992
20240417T1100,8.340245,79.40876,11.570515,275.35583
20240417T1200,9.3102455,73.055595,11.212135,275.52753
20240417T1300,9.500245,67.25777,11.570515,275.35583
20240417T1400,8.800245,60.649517,11.159999,270.0
20240417T1500,8.430245,62.689594,13.722565,265.48602
20240417T1600,6.8902454,71.338684,12.371645,278.3659
20240417T1700,6.4902453,81.68369,9.904906,289.0935
20240417T1800,6.2402453,81.53105,6.5693827,279.46234
20240417T1900,5.2002454,84.64255,5.95906,244.98311
20240417T2000,4.650245,87.777954,6.439876,243.43495
20240417T2100,4.5402455,89.47435,5.8048253,240.25513
20240417T2200,4.2902455,90.99624,5.1165614,230.7106
20240417T2300,4.2502456,91.84024,7.145796,229.08562
20240418T0000,4.5902452,90.183205,5.3517847,227.72632
20240418T0100,4.5802455,90.31086,6.151683,249.44395
20240418T0200,4.0002456,92.34643,4.198285,239.03624
20240418T0300,3.3802452,94.57503,3.219938,243.43495
20240418T0400,3.1702452,95.24234,3.9763298,275.19443
20240418T0500,3.1102452,94.55896,4.6800003,292.61987
20240418T0600,3.5502453,91.32506,6.9153743,308.65982
20240418T0700,4.3702455,85.63505,7.8954163,316.8476
20240418T0800,5.290245,77.34004,7.7879906,326.30994
20240418T0900,5.980245,74.72803,9.085988,326.30994
20240418T1000,6.540245,79.34617,5.315336,331.69925
20240418T1100,6.6002455,77.56788,6.489992,340.55997
20240418T1200,7.710245,72.89735,7.342588,348.69006
20240418T1300,8.160246,70.08748,9.255571,346.50427
20240418T1400,9.010245,66.3398,10.948973,350.5377
20240418T1500,8.920245,65.14638,11.304229,350.83765
20240418T1600,8.890245,65.46586,9.605998,347.00537
20240418T1700,8.490246,66.64758,8.12197,347.19574
20240418T1800,7.400245,73.462166,4.6800003,337.38013
20240418T1900,5.7002454,84.58618,5.904439,307.5686
20240418T2000,5.7602453,82.57138,4.802999,282.99463
20240418T2100,5.500245,83.900276,4.5820518,225.0
20240418T2200,4.0202456,89.74505,7.5685663,205.34618
20240418T2300,3.3002453,91.83043,5.634891,206.56505
20240419T0000,3.0902452,91.81351,5.634891,206.56505
20240419T0100,3.2402453,91.10223,5.634891,206.56505
20240419T0200,3.2802453,90.387535,5.634891,206.56505
20240419T0300,3.2002454,91.36133,6.439876,206.56505
20240419T0400,3.5202456,90.73455,6.28713,203.62938
20240419T0500,4.0802455,90.00794,8.225035,203.1986
20240419T0600,4.9302454,87.62053,10.685391,212.61925
20240419T0700,5.480245,86.13697,12.387348,215.53769
20240419T0800,6.000245,83.55017,16.595179,220.60129
20240419T0900,6.5102453,78.610214,19.862083,223.5312
20240419T1000,6.8402452,81.15835,21.986542,230.31454
20240419T1100,7.3902454,80.49865,22.66857,226.93059
20240419T1200,7.400245,80.7276,23.686249,226.84761
20240419T1300,7.3502455,82.328514,25.41763,232.4809
20240419T1400,7.3702455,82.273415,23.269482,235.0806
20240419T1500,7.6402454,81.50564,23.0653,235.81387
20240419T1600,7.8402452,82.05113,20.808498,239.88626
20240419T1700,7.690245,85.01443,19.721298,248.58704
20240419T1800,7.5902452,87.59438,17.782688,248.62938
20240419T1900,7.250245,90.16408,15.141414,251.99585
20240419T2000,7.150245,91.54822,12.599999,270.0
20240419T2100,7.190245,89.59471,10.390226,284.03625
20240419T2200,7.3702455,89.174866,8.311245,287.65012
20240419T2300,7.150245,85.9679,7.491114,305.2176
20240420T0000,6.4302454,85.03885,9.1641035,315.0
20240420T0100,5.6802454,86.28285,9.1641035,315.0
20240420T0200,5.270245,87.160164,6.763786,295.2011
20240420T0300,5.0902452,85.84552,6.638072,282.5288
20240420T0400,4.8002453,87.85672,6.519877,276.34018
20240420T0500,4.8702455,87.989525,6.130579,273.36646
20240420T0600,5.000245,86.38775,8.905908,284.03625
20240420T0700,5.500245,83.422966,9.360001,292.61987
20240420T0800,5.7002454,81.276566,9.449572,310.36456
20240420T0900,6.0702453,81.50591,8.654987,315.0
20240420T1000,7.130245,77.21871,7.127636,315.0
20240420T1100,7.8002453,74.803665,7.653705,318.8141
20240420T1200,8.370246,69.83319,8.39657,329.03625
20240420T1300,8.540245,68.53992,8.854829,333.43497
20240420T1400,8.990245,66.66678,8.089993,339.14557
20240420T1500,8.830245,67.442245,7.5170207,343.30075
20240420T1600,8.280246,70.51323,6.6185193,337.61987
20240420T1700,7.5502453,74.33297,9.360001,337.38013
20240420T1800,6.8402452,80.87151,6.1094027,315.0
20240420T1900,5.710245,87.518196,5.4833565,293.1986
20240420T2000,5.0902452,90.48443,6.379216,286.38956
20240420T2100,4.5902452,94.110405,5.771239,266.42368
20240420T2200,4.2102456,95.636635,5.0911684,225.0
20240420T2300,4.3302455,95.03416,6.8777895,227.1211
20240421T0000,3.7802453,94.8687,6.1305785,220.23636
20240421T0100,3.6202455,95.06295,6.696387,216.25385
20240421T0200,3.8102455,94.33096,6.9153743,218.65982
20240421T0300,4.0402455,93.67549,5.3999996,216.8699
20240421T0400,4.3702455,92.177155,5.6002855,225.0
20240421T0500,4.690245,88.78998,6.989936,235.49149
20240421T0600,4.880245,87.74011,8.311245,252.34988
20240421T0700,4.5602455,87.70555,10.182337,278.1301
20240421T0800,4.8702455,89.12459,9.957108,310.60132
20240421T0900,4.770245,88.73474,10.948973,332.59244
20240421T1000,4.5402455,88.26922,9.007196,2.2906036
20240421T1100,5.3402452,82.33479,8.473393,347.73523
20240421T1200,5.920245,77.56137,8.209263,344.74487
20240421T1300,5.5802455,76.6703,8.707238,352.875
20240421T1400,6.2402453,76.294624,9.007196,357.7094
20240421T1500,5.7002454,72.38944,8.287822,357.51044
20240421T1600,6.2202454,66.36112,5.4477882,352.40536
20240421T1700,6.040245,68.42822,5.0911684,351.8699
20240421T1800,4.8102455,77.42324,7.0911775,336.0375
20240421T1900,3.9902453,86.82856,7.771331,346.6075
20240421T2000,3.1302452,94.08669,5.1544156,347.90524
20240421T2100,2.4002454,97.48773,6.0347,342.646
20240421T2200,2.3902454,95.40528,5.4119864,356.18594
20240421T2300,2.1902454,96.43207,5.2416787,344.0546
20240422T0000,2.4402454,96.305016,4.6800003,337.38013
20240422T0100,2.7902455,95.28991,5.771239,356.42368
20240422T0200,2.8402452,93.8655,7.208994,2.8624115
20240422T0300,3.0102453,93.00376,8.707238,7.125
20240422T0400,3.0902452,92.4098,9.0645685,6.8427734
20240422T0500,2.9802456,92.73443,10.853866,5.7105865
20240422T0600,3.1402454,91.35628,13.202726,11.00354
20240422T0700,3.8102455,87.875984,16.179985,20.854446
20240422T0800,4.5802455,79.02501,16.645864,21.57129
20240422T0900,5.3502455,72.3704,17.727943,23.962479
20240422T1000,5.6802454,71.085236,14.693999,30.963745
20240422T1100,6.130245,65.23598,14.512064,29.744873
20240422T1200,6.3002453,63.815643,14.57889,32.905228
20240422T1300,6.8202453,62.3324,14.277983,33.690063
20240422T1400,7.1002455,61.052322,15.807239,30.068573
20240422T1500,7.130245,61.4176,16.1198,29.427444
20240422T1600,7.170245,62.14839,14.8257065,29.05458
20240422T1700,6.8102455,63.66224,11.269782,26.565033
20240422T1800,6.0802455,68.38749,8.049845,10.30484
20240422T1900,5.2002454,72.23451,7.2359104,5.7105865
20240422T2000,4.690245,74.31786,7.9526596,5.194412
20240422T2100,4.0802455,76.78884,7.5599995,360.0
20240422T2200,3.8202453,80.11186,6.87779,6.0090027
20240422T2300,3.1602454,82.55399,7.6367526,351.8699
20240423T0000,2.4902453,85.0879,6.9899354,348.11133
20240423T0100,2.4902453,85.336525,6.9899354,348.11133
20240423T0200,2.2102454,86.935425,6.9899354,348.11133
20240423T0300,1.8702455,88.82079,6.5693827,350.5377
20240423T0400,1.5002453,89.958374,6.489992,356.8202
20240423T0500,1.4302454,90.0832,7.2359104,354.28943
20240423T0600,2.7302456,86.0532,9.3669195,357.79742
20240423T0700,4.0402455,81.02343,13.084402,7.9071655
20240423T0800,5.5502453,71.99242,15.596767,18.85315
20240423T0900,6.7202454,68.086235,15.941944,25.407715
20240423T1000,7.730245,61.169376,12.245293,24.304535
20240423T1100,7.9702454,60.21709,13.237039,22.380127
20240423T1200,8.520246,58.678143,13.661038,18.434952
20240423T1300,8.8102455,58.03576,14.05845,13.324524
20240423T1400,9.270246,55.726933,13.979871,11.888657
20240423T1500,9.220245,54.037575,12.758432,16.389526
20240423T1600,9.110246,54.362194,11.620809,16.189209
20240423T1700,8.720245,56.35025,9.0645685,6.8427734
20240423T1800,7.8202453,59.006596,4.6938252,355.60132
20240423T1900,6.480245,63.44158,5.692099,325.30484
20240423T2000,4.9102454,73.6613,4.452954,284.03625
20240423T2100,4.1202455,76.79609,4.896529,252.89728
20240423T2200,2.9202452,80.90745,4.1046314,217.87498
20240423T2300,2.5002456,82.51724,5.0142193,201.0375
20240424T0000,1.7702454,83.32369,6.12,208.0725
20240424T0100,1.0202454,86.3467,5.95906,205.01689
20240424T0200,0.9502454,86.52926,5.3517847,199.65382
20240424T0300,1.0502454,87.696175,4.1046314,195.25513
20240424T0400,1.2602453,87.84908,4.2136917,199.98311
20240424T0500,1.5002453,87.23423,4.510787,208.61046
20240424T0600,3.3902454,82.28799,6.489992,213.69006
20240424T0700,5.4102454,76.36393,7.145796,229.08562
20240424T0800,6.5602455,72.61601,11.298495,247.52057
20240424T0900,6.8002453,64.452515,14.689589,252.89728
20240424T1000,6.9902453,55.627193,14.759999,257.31964
20240424T1100,6.8202453,62.150578,14.561099,261.46924
20240424T1200,6.540245,69.38813,14.799459,265.8151
20240424T1300,6.960245,72.74835,13.75558,263.991
20240424T1400,6.960245,73.271164,12.496719,258.36636
20240424T1500,6.4902453,72.44541,12.144331,258.02386
20240424T1600,6.8402452,72.724365,13.207634,252.55283
20240424T1700,6.2402453,73.81615,13.849476,261.02737
20240424T1800,5.5802455,77.44657,10.829959,254.57785
20240424T1900,4.750245,82.36775,9.360001,247.38014
20240424T2000,4.5102453,84.613914,8.534353,242.35403
20240424T2100,4.1202455,86.40798,7.491114,234.78241
20240424T2200,4.0302453,88.342316,6.1094027,225.0
20240424T2300,3.9102454,88.9659,5.8603754,222.51045
20240425T0000,3.7702456,89.592674,5.991594,212.73523
20240425T0100,3.7402453,90.10552,5.634891,206.56505
20240425T0200,3.7102456,90.10276,5.315336,208.30077
20240425T0300,3.4802456,90.60077,5.0142193,201.0375
20240425T0400,3.6702452,90.877975,5.3517847,199.65382
20240425T0500,4.0602455,89.49222,5.6920996,198.43495
20240425T0600,4.4502454,88.133705,6.151683,200.55605
20240425T0700,5.3502455,82.39514,7.386582,226.97495
20240425T0800,6.630245,72.36961,8.854829,243.43495
20240425T0900,7.4702454,64.52106,9.693296,248.1986
20240425T1000,7.7002454,63.2824,8.049845,259.69516
20240425T1100,8.170245,58.202923,6.6185193,247.61987
20240425T1200,8.720245,54.015778,10.315115,240.75117
20240425T1300,9.420245,50.691223,10.630672,241.69925
20240425T1400,9.950245,47.847385,10.464797,243.43495
20240425T1500,10.400246,45.510506,9.693296,248.1986
20240425T1600,10.530245,45.115837,7.42159,255.96376
20240425T1700,10.300245,49.73517,3.96,270.0
20240425T1800,8.280246,62.022526,1.5273507,44.999985
20240425T1900,5.2402453,73.78006,5.0528407,94.08562
20240425T2000,3.3502455,82.70188,6.193674,125.537674
20240425T2100,2.6802454,89.746056,5.904439,142.4314
20240425T2200,2.9102454,91.46868,4.39436,145.00798
20240425T2300,2.8202453,92.056755,5.904439,142.4314
20240426T0000,3.5202456,90.149895,6.792466,147.99461
20240426T0100,4.3402452,87.74446,6.792466,147.99461
20240426T0200,4.7802453,85.68536,6.9247384,152.10272
20240426T0300,4.9302454,86.010315,6.792466,147.99461
20240426T0400,4.940245,85.64368,6.9247384,152.10272
20240426T0500,5.270245,85.86719,7.5685663,154.65382
20240426T0600,6.040245,86.63046,9.449572,162.25533
20240426T0700,7.0702453,88.58763,9.178235,168.69006
20240426T0800,8.140245,84.77319,10.805999,181.90915
20240426T0900,8.970245,82.1523,10.239453,190.12466
20240426T1000,10.070246,75.90304,10.390226,194.03624
20240426T1100,11.0602455,70.838165,9.007196,177.7094
20240426T1200,11.930245,67.418625,9.779817,186.3402
20240426T1300,12.380245,68.22129,9.9571085,192.52881
20240426T1400,12.680245,68.144325,9.47012,188.74615
20240426T1500,12.200245,70.823296,10.24578,198.43495
20240426T1600,11.610246,75.90992,6.379216,196.38954
20240426T1700,11.150246,78.97014,4.6938257,147.52881
20240426T1800,10.350245,82.90911,4.198285,120.96376
20240426T1900,8.530246,92.538475,5.95906,115.01689
20240426T2000,7.420245,96.38382,4.6102495,128.6598
20240426T2100,6.6002455,97.5634,4.3349743,138.36646
20240426T2200,5.880245,98.49822,4.0249224,153.43495
20240426T2300,5.3702455,98.4165,5.315336,151.69923
20240427T0000,5.4702454,97.80091,5.95906,154.98311
20240427T0100,5.460245,97.39037,5.95906,154.98311
20240427T0200,5.5702453,96.646576,5.8048253,150.25511
20240427T0300,5.270245,96.09283,5.904439,142.4314
20240427T0400,5.040245,95.947266,5.8603754,137.48955
20240427T0500,5.420245,95.359825,6.3690495,132.70938
20240427T0600,6.8502455,93.26434,6.3690495,132.70938
20240427T0700,9.580245,84.18996,5.1165614,129.2894
20240427T0800,12.450245,75.27999,5.495161,121.6075
20240427T0900,14.770246,65.263565,6.12,118.07248
20240427T1000,16.430246,59.942814,6.162207,96.70984
20240427T1100,17.990246,50.179092,8.766573,109.17901
20240427T1200,19.380245,42.94628,9.957108,139.39871
20240427T1300,20.440245,38.135612,9.511088,150.52411
20240427T1400,20.640245,35.61697,8.78872,145.00798
20240427T1500,21.010244,32.812637,7.653705,138.81407
20240427T1600,20.850245,33.609726,7.172949,107.52557
20240427T1700,20.020245,36.523987,7.208994,92.862404
20240427T1800,18.110245,40.736805,8.4042845,99.86581
20240427T1900,15.210245,46.52824,9.346143,105.64224
20240427T2000,13.450245,54.27189,9.659814,116.56505
20240427T2100,12.570246,59.182995,9.387651,122.47119
20240427T2200,12.190246,59.0027,6.8777895,132.8789
20240427T2300,11.940246,61.87163,5.634891,153.43495
20240428T0000,11.140245,67.90581,8.913181,136.63657
20240428T0100,10.8102455,72.33136,7.10031,149.53445
20240428T0200,11.180245,74.02496,3.8939953,123.69006
20240428T0300,11.010245,76.541,4.6102495,128.6598
20240428T0400,10.840245,80.8975,2.968636,165.96376
20240428T0500,10.960245,83.614655,3.6,216.8699
20240428T0600,11.030245,84.31041,7.754637,248.1986
20240428T0700,11.540245,80.55689,3.6179552,264.28943
20240428T0800,11.970245,79.31281,1.9386592,111.80141
20240428T0900,12.780245,77.73114,2.2768397,161.56505
20240428T1000,13.910245,72.43071,10.538843,262.14667
20240428T1100,13.600245,74.81899,13.084402,262.09283
20240428T1200,13.170245,76.43594,14.917212,250.25317
20240428T1300,12.960245,77.65469,12.303366,249.44395
20240428T1400,12.850245,76.69415,9.504272,232.69606
20240428T1500,12.790245,75.03228,7.491114,215.21759
20240428T1600,12.530245,73.66529,5.8048253,209.74489
20240428T1700,12.290245,74.025635,4.829907,206.56505
20240428T1800,11.700245,79.6513,3.319036,192.52881
20240428T1900,11.480246,79.07546,3.4152596,161.56505
20240428T2000,11.050245,80.65106,4.3498964,155.55605
20240428T2100,10.850245,81.00996,4.6800003,157.38013
20240428T2200,9.620245,91.293106,4.1046314,164.74487
20240428T2300,9.460245,91.969765,5.0911684,171.8699
20240429T0000,9.200245,92.58278,4.896529,162.89728
20240429T0100,9.160245,93.08801,3.671294,168.69006
20240429T0200,9.080245,94.29976,2.7416782,156.8014
20240429T0300,8.750245,95.51606,3.0547013,135.0
20240429T0400,8.740245,95.25468,3.096837,125.537674
20240429T0500,9.0602455,94.62125,3.0547013,135.0
20240429T0600,9.660245,94.39416,3.6,143.1301
20240429T0700,10.980246,90.10471,2.0364676,135.0
20240429T0800,12.300245,84.12142,1.484318,75.96376
20240429T0900,13.790245,77.89205,3.096837,35.53766
20240429T1000,15.820246,66.434326,6.989936,34.508514
20240429T1100,17.150246,61.93186,6.792466,57.994614
20240429T1200,17.910246,61.654087,2.8116899,39.805573
20240429T1300,18.840246,58.77206,4.452954,345.96375
20240429T1400,19.180244,58.69852,7.42159,337.16635
20240429T1500,19.470245,58.84806,10.495713,337.83365
20240429T1600,19.090246,60.344418,11.720751,349.38034
20240429T1700,18.040245,64.20807,9.028754,355.4261
20240429T1800,16.440247,70.18566,6.924738,351.02737
20240429T1900,14.340245,78.08314,6.924738,351.02737
20240429T2000,13.180245,84.057526,8.4042845,350.13422
20240429T2100,12.790245,85.03263,8.089993,339.14557
20240429T2200,11.780245,89.08413,7.2359104,354.28943
20240429T2300,11.690246,89.016335,5.95906,334.98312
20240430T0000,11.080245,91.09172,4.8965297,306.02737
20240430T0100,10.570246,91.8591,3.8268526,311.1859
20240430T0200,10.030245,92.447845,4.6938252,4.398697
20240430T0300,9.630245,92.547646,3.4152596,18.434952
20240430T0400,9.290245,91.76941,3.8773184,21.801407
20240430T0500,8.070246,94.70082,4.39436,34.99202
20240430T0600,10.580245,90.13329,3.8939953,33.690063
20240430T0700,13.420245,81.42459,3.7585104,16.69925
20240430T0800,15.840245,72.21023,4.5536795,18.434952
20240430T0900,18.030245,65.240364,4.6102495,38.659805
20240430T1000,19.810246,60.1562,6.763786,25.201126
20240430T1100,21.370245,55.41623,5.1919937,33.690063
20240430T1200,22.740246,50.887238,5.1919937,33.690063
20240430T1300,23.720245,46.5377,5.3999996,36.86989
20240430T1400,24.240246,45.099064,4.5820518,44.999985
20240430T1500,24.130245,45.429337,5.1919937,33.690063
20240430T1600,23.550245,47.71068,6.151683,20.556046
20240430T1700,22.330246,53.89336,5.8048253,7.125
20240430T1800,19.850245,64.14424,6.5693827,9.462311
20240430T1900,16.510246,77.69588,9.339208,27.552795
20240430T2000,16.540245,75.42638,7.928177,50.527527
20240430T2100,13.940246,85.33197,3.7585104,73.30075
20240430T2200,13.240245,83.447365,2.8116899,140.19443
20240430T2300,11.570246,88.22883,2.968636,165.96376
20240501T0000,11.430245,90.99483,3.6179552,174.28941
20240501T0100,11.240245,90.91945,4.3349743,175.23636
20240501T0200,10.840245,93.12619,3.4152596,161.56505
20240501T0300,10.130245,94.09881,3.4152596,161.56505
20240501T0400,9.640245,95.03673,3.319036,167.47119
20240501T0500,10.3102455,93.41037,2.2768397,161.56505
20240501T0600,12.460245,88.19294,1.2979984,146.30994
20240501T0700,15.180245,77.84969,1.8,36.86989
20240501T0800,17.600245,68.79941,4.198285,30.963745
20240501T0900,19.840246,61.776974,6.193674,35.53766
20240501T1000,21.630245,55.335857,8.049845,26.565033
20240501T1100,23.170246,50.96788,9.585739,34.286865
20240501T1200,24.440245,46.458435,9.178235,48.179825
20240501T1300,25.500246,41.98294,7.968939,71.56504
20240501T1400,26.070246,38.4497,5.937272,75.96376
20240501T1500,26.180244,37.944656,4.1046314,105.25512
20240501T1600,25.270245,41.03441,2.1897945,9.462311
20240501T1700,23.480246,48.360085,4.510787,28.610443
20240501T1800,21.070246,60.9329,5.8048253,29.744873
20240501T1900,18.850245,67.61316,0.0,180.0
20240501T2000,17.580246,69.94463,4.6938252,184.39871
20240501T2100,16.130245,73.722984,5.4119864,183.81407
20240501T2200,14.880245,84.035126,5.937272,194.03624
20240501T2300,14.140245,87.06863,7.7043357,217.40535
20240502T0000,13.980246,89.56627,6.638072,229.39871
20240502T0100,13.940246,93.79224,5.00128,210.25644
20240502T0200,13.830245,95.09034,6.193674,215.53769
20240502T0300,14.100245,95.78881,5.0911684,225.0
20240502T0400,14.140245,94.233894,4.39436,214.99202
20240502T0500,14.130245,93.494286,5.8603754,222.51045
20240502T0600,14.380245,91.62463,5.6233797,230.19443
20240502T0700,14.720245,88.68768,5.495161,238.3925
20240502T0800,15.150246,85.12635,6.6185193,247.61987
20240502T0900,15.5602455,83.89333,8.350138,262.5686
20240502T1000,15.870245,81.59054,7.9526596,275.19443
20240502T1100,14.860246,82.3801,10.483357,285.9454
20240502T1200,13.820246,87.96611,15.905319,275.19443
20240502T1300,12.660245,87.62302,18.175545,262.0304
20240502T1400,12.100245,87.62776,15.141414,251.99585
20240502T1500,12.100245,86.10732,12.979984,250.55997
20240502T1600,12.230246,84.79684,13.708391,246.8014
20240502T1700,11.840245,84.407906,13.849477,242.10274
20240502T1800,11.490245,84.767715,14.33234,244.72229
20240502T1900,11.220245,85.95349,13.684735,243.43495
20240502T2000,11.120245,86.4107,13.089354,238.49574
20240502T2100,10.970245,86.92459,12.682018,235.40771
20240502T2200,10.780245,87.26024,12.496718,221.49648
20240502T2300,10.580245,88.67621,13.104198,232.8153
20240503T0000,10.370245,89.62739,13.479583,235.88553
20240503T0100,10.170245,89.97714,13.779114,236.72511
20240503T0200,10.010245,88.56299,13.397612,239.30028
20240503T0300,9.800245,87.458824,13.584932,237.99463
20240503T0400,9.760245,86.61915,12.984975,226.1233
20240503T0500,9.880245,85.86306,12.096214,216.52885
20240503T0600,10.230246,84.55974,13.493999,223.91908
20240503T0700,10.470245,83.839264,15.141414,241.60698
20240503T0800,10.910245,81.799164,15.978486,255.65067
20240503T0900,11.410245,79.82562,13.797913,254.87599
20240503T1000,12.350245,74.44325,11.384198,235.30484
20240503T1100,12.930245,71.94784,11.298495,239.34933
20240503T1200,13.740245,66.294014,10.315115,240.75117
20240503T1300,14.360246,62.887394,8.534353,242.35403
20240503T1400,14.330245,61.5949,7.771331,256.6075
20240503T1500,14.550245,60.721077,7.2359104,264.28943
20240503T1600,14.520246,61.386753,5.8048253,262.875
20240503T1700,14.270246,65.01705,4.896529,252.89728
20240503T1800,13.290245,72.06657,2.9024127,209.74489
20240503T1900,11.110246,81.15809,5.0528407,184.08562
20240503T2000,9.930245,84.98918,6.4799995,180.0
20240503T2100,9.0602455,88.412254,6.638072,192.52881
20240503T2200,8.370246,92.527756,4.3498964,204.44395
20240503T2300,7.3102455,94.39952,4.0249224,169.69516
20240504T0000,6.150245,96.87178,4.452954,165.96376
20240504T0100,6.3102455,95.87046,3.219938,153.43495
20240504T0200,6.8902454,93.26689,3.8268526,138.81407
20240504T0300,7.5602455,91.64287,3.0547013,135.0
20240504T0400,7.5102453,91.13152,3.096837,125.537674
20240504T0500,7.7602453,89.832886,3.6,126.869896
20240504T0600,9.400246,87.899864,3.8939953,123.69006
20240504T0700,11.5602455,79.41286,3.8939953,123.69006
20240504T0800,13.350245,72.37345,6.193674,125.537674
20240504T0900,14.680245,66.13958,9.422101,136.54816
20240504T1000,15.920245,58.924046,8.161764,138.57634
20240504T1100,17.020245,55.94585,10.144082,152.52557
20240504T1200,17.600245,52.108112,12.57426,166.75948
20240504T1300,18.180244,47.80436,12.605142,181.63658
20240504T1400,18.610245,46.719765,13.450708,195.52411
20240504T1500,18.730246,45.92293,12.074766,206.56505
20240504T1600,18.700245,50.339977,5.937272,165.96376
20240504T1700,17.970245,53.216232,5.1919937,146.30994
20240504T1800,16.560246,59.73053,5.3517847,132.27368
20240504T1900,15.170245,69.27508,7.4128532,150.94539
20240504T2000,14.470245,73.720314,5.95906,154.98311
20240504T2100,14.330245,76.938095,6.9527545,158.7495
20240504T2200,14.700245,75.77026,6.87779,186.009
20240504T2300,14.050245,80.85905,7.5942073,185.44034
20240505T0000,13.630245,85.12735,9.6932955,195.0685
20240505T0100,13.370245,88.27618,10.587917,197.8189
20240505T0200,13.050245,89.908455,9.826088,188.42697
20240505T0300,13.020246,90.80753,10.239453,190.12466
20240505T0400,13.210245,90.34025,11.177405,194.93143
20240505T0500,13.350245,90.05162,11.770403,203.4287
20240505T0600,13.850245,88.43648,13.217443,209.35776
20240505T0700,14.400246,87.90301,14.982228,215.21759
20240505T0800,15.420245,84.9322,13.684735,215.36246
20240505T0900,16.180246,81.04335,12.181624,214.1597
20240505T1000,17.130245,75.32663,14.264361,222.95459
20240505T1100,18.340246,68.72175,14.264361,227.04541
20240505T1200,19.370245,63.532078,13.755579,227.1211
20240505T1300,20.350245,57.555424,13.493999,226.08093
20240505T1400,20.660246,56.0118,13.276144,229.39871
20240505T1500,20.590246,56.217804,10.587918,234.68878
20240505T1600,20.570246,56.8887,6.696387,233.74615
20240505T1700,19.390245,61.590534,4.2136917,250.0169
20240505T1800,17.430244,76.82471,0.8049845,296.56506
20240505T1900,15.980246,82.30554,2.2768397,71.56504
20240505T2000,14.900246,89.0532,3.5455887,66.037506
20240505T2100,14.380245,93.201225,3.6,89.99999
20240505T2200,14.110246,97.495636,2.3051248,141.34018
20240505T2300,13.870245,98.7096,2.8116899,140.19443
20240506T0000,13.660245,99.22519,3.4152596,161.56505
20240506T0100,13.450245,99.35356,5.2416787,164.0546
20240506T0200,13.160245,99.28611,5.937272,165.96376
20240506T0300,13.090245,99.28552,5.1544156,167.90524
20240506T0400,13.140245,99.22073,5.0528407,175.91438
20240506T0500,13.260245,98.57244,5.0528407,175.91438
20240506T0600,13.670245,97.16707,5.04,180.0
20240506T0700,14.210245,90.77333,5.315336,208.30077
20240506T0800,13.930245,89.38479,8.049845,243.43495
20240506T0900,13.490245,90.3016,11.841756,250.46335
20240506T1000,13.770246,89.371666,11.503113,249.86371
20240506T1100,13.780245,90.0254,11.269782,243.43495
20240506T1200,14.110246,88.10919,13.527572,244.79889
20240506T1300,14.540245,86.93522,12.72283,244.88516
20240506T1400,14.480246,86.35676,12.55879,242.70044
20240506T1500,14.630245,83.61695,11.681987,236.30994
20240506T1600,14.180245,82.56708,13.584932,237.99463
20240506T1700,13.830245,82.57732,11.592894,233.84181
20240506T1800,13.170245,85.58943,8.209263,232.12502
20240506T1900,13.320246,81.79464,5.8603754,222.51045
20240506T2000,12.090245,88.93177,5.4833565,203.1986
20240506T2100,11.590245,91.6817,4.452954,194.03624
20240506T2200,11.440246,92.10375,4.6102495,218.65982
20240506T2300,11.350245,91.111534,3.219938,243.43495
20240507T0000,10.970245,92.88318,3.6,233.1301
20240507T0100,10.760245,92.87042,4.8433046,221.98721
20240507T0200,10.5602455,94.37573,4.1046314,232.12502
20240507T0300,10.330245,95.13248,3.396233,237.99463
20240507T0400,10.210245,94.99856,3.219938,243.43495
20240507T0500,10.550245,94.375244,3.5455887,246.0375
20240507T0600,11.000245,93.32394,4.1046314,254.74487
20240507T0700,11.570246,90.51686,3.9763298,275.19443
20240507T0800,12.270246,86.53212,4.39436,304.99203
20240507T0900,12.980246,85.28248,5.904439,322.43143
20240507T1000,14.340245,84.75537,2.8799999,360.0
20240507T1100,15.200245,82.587135,3.0758414,339.44397
20240507T1200,15.150246,81.8195,3.096837,324.46234
20240507T1300,15.200245,81.23239,5.1919937,326.30994
20240507T1400,15.370245,80.77294,6.1305785,319.76367
20240507T1500,14.950245,81.522446,7.072878,345.25644
20240507T1600,14.640245,84.062584,4.452954,345.96375
20240507T1700,14.180245,86.555115,3.8773184,338.1986
20240507T1800,13.540245,89.768425,5.634891,333.43497
20240507T1900,13.180245,90.69868,8.089993,339.14557
20240507T2000,13.040245,91.11118,10.495713,354.09387
20240507T2100,12.710245,91.51335,9.726665,2.1210938
20240507T2200,12.380245,91.9191,10.853866,5.7105865
20240507T2300,11.940246,91.58285,10.464798,3.9451752
20240508T0000,11.370245,92.53352,9.726665,357.8789
20240508T0100,10.850245,92.93856,7.9932976,352.23483
20240508T0200,10.630245,93.99802,6.638072,347.4712
20240508T0300,10.670245,94.25403,6.28713,346.7595
20240508T0400,10.480246,94.30802,5.5887027,345.0686
20240508T0500,10.590245,93.86909,6.725354,344.4759
20240508T0600,11.570246,90.63872,7.6367526,351.8699
20240508T0700,12.890245,82.84487,10.446206,1.9749298
20240508T0800,14.140245,75.47145,10.1376915,6.1154785
20240508T0900,14.970245,70.17632,10.538843,7.853302
20240508T1000,15.750245,61.263874,11.165805,358.1524
20240508T1100,16.480246,55.082066,12.261158,356.63354
20240508T1200,16.690245,54.16169,12.959999,360.0
20240508T1300,16.810246,53.453777,12.599999,360.0
20240508T1400,16.790245,53.118378,12.599999,360.0
20240508T1500,16.710245,55.82702,12.783802,9.72757
20240508T1600,16.360247,57.836777,12.522619,18.434952
20240508T1700,15.620245,63.054184,10.041354,14.534454
20240508T1800,14.780245,66.11661,9.47012,8.74614
20240508T1900,13.490245,70.45264,8.4042845,9.865799
20240508T2000,12.260245,76.0221,6.9899354,11.888657
20240508T2100,11.440246,80.92821,6.0347,17.35402
20240508T2200,11.350245,83.49306,5.95906,25.016876
20240508T2300,10.460245,87.94382,6.6087217,29.357742
20240509T0000,9.910245,89.89411,6.9153743,38.659805
20240509T0100,9.100245,92.00756,6.1305785,49.76364
20240509T0200,8.950245,92.62979,7.42159,39.09384
20240509T0300,8.940246,92.94696,8.217153,28.810776
20240509T0400,8.890245,93.00751,7.145796,40.914368
20240509T0500,9.680245,92.04776,5.0911684,44.999985
20240509T0600,11.870245,85.85035,5.634891,26.565033
20240509T0700,13.350245,82.29426,8.39657,30.963745
20240509T0800,14.570246,77.131935,12.313894,52.125008
20240509T0900,15.580245,71.920044,12.7279215,61.2602
20240509T1000,16.680244,67.15835,9.422101,43.451828
20240509T1100,17.480246,63.953453,9.931042,46.468796
20240509T1200,18.350245,61.6751,8.0899935,32.275635
20240509T1300,19.130245,58.921974,9.504272,37.30394
20240509T1400,19.660246,56.697765,8.4963045,36.38434
20240509T1500,20.010244,55.586075,8.913181,46.636566
20240509T1600,19.970245,55.131596,7.6367526,44.999985
20240509T1700,19.710245,55.583622,5.8048253,29.744873
20240509T1800,18.170246,62.00496,6.0347,17.35402
20240509T1900,15.200245,70.60177,7.0911775,23.962494
20240509T2000,14.200245,73.67125,6.4096174,38.157227
20240509T2100,12.520246,80.316246,6.638072,49.398697
20240509T2200,10.540245,87.89174,8.942214,49.89908
20240509T2300,9.690246,90.491714,7.4128532,60.945396
20240510T0000,8.750245,92.48962,6.489992,70.55996
20240510T0100,7.880245,94.62584,6.151683,69.443954
20240510T0200,7.3502455,95.65111,6.489992,70.55996
20240510T0300,6.8902454,96.56352,5.2416787,74.054596
20240510T0400,6.3202453,97.48682,4.5536795,71.56504
20240510T0500,7.9302454,94.17295,3.96,89.99999
20240510T0600,11.160245,85.83023,4.73506,81.25384
20240510T0700,14.220245,74.374306,3.8773184,68.19859
20240510T0800,16.690245,65.294106,4.6938257,57.5288
20240510T0900,18.550245,60.09403,6.489992,56.30993
20240510T1000,20.010244,54.517967,5.8603754,42.510437
20240510T1100,21.220245,50.311016,6.989936,55.491463
20240510T1200,22.190245,47.62358,6.792466,57.994614
20240510T1300,22.950245,45.801224,7.145796,49.085617
20240510T1400,23.520245,44.450726,7.127636,44.999985
20240510T1500,23.770245,42.625248,6.8777895,42.87889
20240510T1600,23.620245,41.95749,6.297428,30.963745
20240510T1700,22.780245,46.495083,5.2416787,15.945404
20240510T1800,20.330246,55.92808,5.506941,11.309921
20240510T1900,18.490246,59.04145,7.289445,32.905228
20240510T2000,16.010246,70.14748,6.4096174,51.842773
20240510T2100,13.110246,81.10864,6.9527545,68.7495
20240510T2200,12.260245,84.74317,5.937272,75.96376
20240510T2300,10.990245,87.40008,5.0911684,81.869896
20240511T0000,10.190246,88.64021,4.3349743,85.23635
20240511T0100,9.510245,90.168304,3.96,89.99999
20240511T0200,8.830245,91.86242,4.32,89.99999
20240511T0300,8.270246,93.417336,4.68,89.99999
20240511T0400,7.730245,93.90204,4.3349743,94.76365
20240511T0500,9.370245,90.52793,4.1046314,105.25512
20240511T0600,12.860246,81.12853,4.3498964,114.44395
20240511T0700,16.080246,69.227394,3.0758414,110.556046
20240511T0800,18.520245,58.49647,3.6179552,95.71059
20240511T0900,20.400246,53.105972,4.3349743,85.23635
20240511T1000,21.870245,50.62099,6.28713,66.37062
20240511T1100,23.030245,46.316185,6.379216,73.61045
20240511T1200,24.080246,42.45606,4.802999,77.00538
20240511T1300,24.750246,39.379078,3.4152596,71.56504
20240511T1400,25.230246,37.069305,3.096837,35.53766
20240511T1500,25.480246,36.742073,4.0249224,26.565033
20240511T1600,24.990246,40.356964,5.2416787,15.945404
20240511T1700,24.300245,42.51811,5.0528407,4.085617
20240511T1800,21.880245,54.673096,5.8603754,10.619659
20240511T1900,19.930244,55.195126,8.534353,27.645966
20240511T2000,18.060246,63.998894,7.491114,54.782394
20240511T2100,15.080245,76.24087,5.4833565,66.8014
20240511T2200,13.540245,83.87595,7.072878,75.25644
20240511T2300,12.660245,86.167145,8.049845,100.30484
20240512T0000,11.970245,87.379486,7.42159,104.03624
20240512T0100,11.490245,87.50905,5.815978,111.80141
20240512T0200,11.280245,86.8977,5.634891,116.56505
20240512T0300,11.000245,86.98674,6.6185193,112.380135
20240512T0400,11.000245,85.40477,5.634891,116.56505
20240512T0500,11.960245,84.53647,5.1165614,129.2894
20240512T0600,14.980246,75.26144,5.1165614,129.2894
20240512T0700,17.400246,65.93337,5.315336,118.30075
20240512T0800,19.640245,57.608795,5.692099,124.69515
20240512T0900,21.640245,53.359867,5.0911684,135.0
20240512T1000,23.230246,49.819195,3.8939953,123.69006
20240512T1100,24.240246,47.23936,3.8773184,201.8014
20240512T1200,25.010244,45.702503,3.7585104,196.69925
20240512T1300,25.630245,43.634537,3.6,143.1301
20240512T1400,25.230246,44.21983,5.3517847,132.27368
20240512T1500,24.520245,45.900314,6.193674,144.46231
20240512T1600,23.970245,48.365128,5.0142193,158.9625
20240512T1700,22.710245,60.249672,4.6800003,202.61987
20240512T1800,21.070246,61.817337,5.692099,214.69516
20240512T1900,18.630245,69.55346,5.815978,201.8014
20240512T2000,17.420246,75.07867,2.5455842,188.1301
20240512T2100,16.220245,82.06631,2.52,180.0
20240512T2200,16.460245,82.6903,6.763786,205.20113
20240512T2300,16.060246,85.448326,5.5887027,194.93143
20240513T0000,15.340245,88.79848,5.1544156,192.09476
20240513T0100,14.580245,91.99882,3.96,180.0
20240513T0200,14.480246,91.87196,3.2599385,173.6598
20240513T0300,14.170245,93.18995,3.6179552,174.28941
20240513T0400,14.160245,92.88389,3.2599385,173.6598
20240513T0500,14.380245,92.7136,2.9024127,172.87498
20240513T0600,15.710245,88.13629,3.319036,167.47119
20240513T0700,17.060246,84.121216,2.9024127,172.87498
20240513T0800,18.730246,77.379326,2.968636,165.96376
20240513T0900,19.830246,72.27943,3.8939953,146.30994
20240513T1000,21.200245,63.194237,5.1919937,236.30994
20240513T1100,22.130245,59.218727,6.193674,215.53769
20240513T1200,22.640245,56.287117,6.151683,200.55605
20240513T1300,23.280245,53.36287,6.5693827,189.46233
20240513T1400,23.610245,50.317245,6.2145634,190.00798
20240513T1500,23.810246,48.25793,5.4119864,176.18593
20240513T1600,23.540245,49.117893,5.154415,155.22485
20240513T1700,23.100245,49.94927,3.4152596,108.434944
20240513T1800,21.520245,53.75504,4.0249224,63.43495
20240513T1900,18.770245,62.020832,6.725354,74.47588
20240513T2000,16.610245,74.39747,6.849467,93.01279
20240513T2100,15.3102455,80.60437,5.5887027,104.93142
20240513T2200,13.970245,84.769684,5.6002855,135.0
20240513T2300,13.400246,86.706314,5.634891,153.43495
20240514T0000,13.010245,87.24773,5.6233797,140.19443
20240514T0100,12.710245,88.039154,5.3517847,132.27368
20240514T0200,12.140245,89.17516,4.39436,124.99202
20240514T0300,11.470245,90.3265,5.154415,114.77514
20240514T0400,11.090245,89.80964,5.4833565,113.19859
20240514T0500,12.150246,88.937035,5.315336,118.30075
20240514T0600,15.170245,79.311455,4.510787,118.61046
20240514T0700,18.040245,69.02506,4.0249224,116.56505
20240514T0800,20.320246,62.748554,4.0249224,116.56505
20240514T0900,22.180244,58.538692,4.510787,118.61046
20240514T1000,23.400246,54.167816,2.3051248,51.34018
20240514T1100,23.990246,51.58856,5.154415,65.224846
20240514T1200,24.510244,47.9403,6.924738,81.02737
20240514T1300,24.810246,44.044582,2.2768397,71.56504
20240514T1400,25.080246,42.39771,8.78872,304.99203
20240514T1500,24.370245,46.53141,14.168641,297.2161
20240514T1600,21.000246,61.922756,15.459054,297.75854
20240514T1700,18.620245,70.055916,13.584932,302.00537
20240514T1800,17.730246,71.75192,10.829958,291.44775
20240514T1900,16.990246,74.90694,8.891344,291.37064
20240514T2000,16.290245,76.64215,8.766573,289.17902
20240514T2100,15.350245,79.70707,6.9899354,281.88867
20240514T2200,14.840245,81.56187,6.4799995,270.0
20240514T2300,14.160245,86.553085,4.198285,300.96378
20240515T0000,13.800245,90.56415,2.0364676,315.0
20240515T0100,13.5602455,93.095345,0.8049845,296.56506
20240515T0200,13.440246,95.13726,1.484318,255.96376
20240515T0300,13.390245,96.07978,3.096837,234.46233
20240515T0400,13.340245,96.07813,3.096837,234.46233
20240515T0500,13.480246,94.70117,4.072935,225.0
20240515T0600,13.750245,92.250496,5.8603754,222.51045
20240515T0700,14.190246,90.11637,5.0911684,225.0
20240515T0800,14.820246,86.334435,1.9386592,248.1986
20240515T0900,15.840245,81.80178,2.1897945,9.462311
20240515T1000,16.180246,81.2567,2.16,270.0
20240515T1100,17.180244,76.78496,2.5959969,326.30994
20240515T1200,17.380245,76.31464,3.7064266,330.94543
20240515T1300,17.460245,77.23305,6.130579,356.63354
20240515T1400,17.760244,76.87695,7.5685663,2.7262878
20240515T1500,17.900246,76.99949,7.968939,341.56506
20240515T1600,17.540245,78.72351,7.289445,327.0948
20240515T1700,16.240246,81.692726,6.5693827,350.5377
20240515T1800,14.360246,87.899345,3.8939953,326.30994
20240515T1900,13.320246,91.372826,3.6,270.0
20240515T2000,12.970245,93.00069,3.5455887,246.0375
20240515T2100,12.640245,94.35053,4.510787,241.38954
20240515T2200,12.150246,94.57887,5.771239,183.57634
20240515T2300,11.920245,95.01084,6.924738,188.97263
20240516T0000,11.630245,95.507454,7.5942073,185.44034
20240516T0100,11.050245,96.44964,6.489992,176.82018
20240516T0200,10.750245,96.89414,5.8603754,169.38034
20240516T0300,10.840245,96.70194,4.6800003,157.38013
20240516T0400,10.750245,96.76406,4.2136917,160.01689
20240516T0500,11.400246,95.37049,4.6800003,157.38013
20240516T0600,12.410245,91.61499,3.319036,167.47119
20240516T0700,13.540245,88.82073,2.7416782,246.8014
20240516T0800,14.110246,87.23885,3.6179552,275.7106
20240516T0900,14.950245,80.12718,3.8773184,291.8014
20240516T1000,15.890245,75.21638,1.609969,333.43497
20240516T1100,16.620245,71.16293,2.6208394,285.9454
20240516T1200,16.610245,72.54635,3.96,270.0
20240516T1300,16.250246,72.04646,6.519877,263.65982
20240516T1400,15.740245,74.19553,9.028754,274.5739
20240516T1500,15.000245,78.91795,9.6932955,285.06848
20240516T1600,14.350245,87.14668,9.511088,299.4759
20240516T1700,13.710245,91.15813,8.373386,295.46335
20240516T1800,12.830245,94.86087,6.2145634,280.008
20240516T1900,12.480246,96.81593,4.829907,243.43495
20240516T2000,12.280245,97.06743,6.9153743,231.3402
20240516T2100,12.150246,96.6779,8.39657,239.03624
20240516T2200,11.900246,96.028725,9.021574,208.61046
20240516T2300,11.780245,95.89648,12.031756,218.92755
20240517T0000,11.710245,95.510635,12.313894,217.87498
20240517T0100,11.690246,95.12787,12.313894,217.87498
20240517T0200,11.570246,95.88874,13.276144,229.39871
20240517T0300,11.500245,96.33572,13.661038,251.56506
20240517T0400,11.460245,96.27002,12.0694,252.64598
20240517T0500,11.390245,95.68978,11.592894,233.84181
20240517T0600,11.530245,94.993835,11.457958,223.72697
20240517T0700,11.780245,90.89846,12.538134,219.17366
20240517T0800,12.220245,90.74855,14.264361,227.04541
20240517T0900,13.000245,88.53731,15.379206,237.42595
20240517T1000,14.000245,82.599106,14.007655,244.09349
20240517T1100,14.840245,78.265175,14.345898,252.47443
20240517T1200,15.540245,73.61711,12.864649,252.07208
20240517T1300,15.970245,70.46923,13.493999,260.78897
20240517T1400,16.430246,65.28039,13.363711,274.63547
20240517T1500,16.360247,64.9576,11.726277,287.8787
20240517T1600,16.490246,64.46321,9.085988,303.69006
20240517T1700,16.400246,65.80331,4.8433046,311.98724
20240517T1800,15.440246,75.54142,2.2768397,198.43495
20240517T1900,14.660245,72.13291,3.6179552,174.28941
20240517T2000,11.520246,88.462654,3.9763298,185.19443
20240517T2100,10.580245,92.23354,5.8048253,187.12502
20240517T2200,9.970245,95.50358,6.28713,193.24052
20240517T2300,9.400246,96.32679,5.6920996,198.43495
20240518T0000,8.620245,97.15706,5.506941,191.30994
20240518T0100,8.200246,98.0799,4.3349743,184.76364
20240518T0200,7.5902452,98.741394,3.9763298,174.80557
20240518T0300,7.5502453,99.080635,3.2599385,186.3402
20240518T0400,7.3502455,99.418724,3.2399998,180.0
20240518T0500,9.110246,96.974045,4.802999,167.00539
20240518T0600,11.760245,90.47069,3.9763298,174.80557
20240518T0700,14.700245,80.25168,2.9024127,187.12502
20240518T0800,17.080246,70.311485,1.9386592,201.8014
20240518T0900,18.670246,61.50362,2.0991426,239.03624
20240518T1000,19.830246,53.52843,1.5273507,225.0
20240518T1100,20.760244,49.515152,3.0547013,225.0
20240518T1200,20.850245,49.975056,1.835647,258.69006
20240518T1300,20.650246,49.819847,3.4152596,288.43497
20240518T1400,20.140245,50.119324,7.928178,267.39746
20240518T1500,17.350245,60.943886,12.413476,253.1416
20240518T1600,16.050245,71.577354,8.350138,262.5686
20240518T1700,15.260245,74.807785,6.830519,251.56506
20240518T1800,14.690246,78.924034,2.8116899,219.80557
20240518T1900,13.550245,86.606125,4.452954,165.96376
20240518T2000,12.540245,91.6238,5.8048253,172.87498
20240518T2100,11.600245,95.31498,5.1544156,167.90524
20240518T2200,11.550245,96.853264,4.0249224,169.69516
20240518T2300,11.130245,97.8177,4.68,180.0
20240519T0000,10.670245,98.33361,5.0528407,175.91438
20240519T0100,10.030245,99.25313,4.32,180.0
20240519T0200,9.900246,99.51948,3.6,180.0
20240519T0300,10.3102455,98.724266,5.1544156,192.09476
20240519T0400,10.600245,98.20034,5.4119864,183.81407
20240519T0500,11.530245,95.05741,6.9899354,191.88866
20240519T0600,12.900246,90.79877,7.072878,194.74356
20240519T0700,14.170245,86.611465,6.763786,205.20113
20240519T0800,15.380245,79.289696,7.8954163,223.15239
20240519T0900,16.540245,70.816536,8.287822,235.61966
20240519T1000,17.450245,64.24716,7.342588,281.30994
20240519T1100,18.650246,59.04112,6.792466,302.00537
20240519T1200,19.560246,56.33221,5.3517847,289.6538
20240519T1300,20.180244,54.525562,4.3349743,265.23636
20240519T1400,20.830246,52.442295,4.68,270.0
20240519T1500,21.310246,49.665016,4.452954,284.03625
20240519T1600,21.380245,49.351887,3.671294,258.69006
20240519T1700,20.720245,52.69454,3.319036,229.39871
20240519T1800,19.070246,59.57989,2.5455842,278.1301
20240519T1900,17.130245,64.7372,2.9024127,352.875
20240519T2000,14.870245,76.56365,4.3349743,48.366455
20240519T2100,13.730246,80.274216,3.8268526,48.81407
20240519T2200,12.140245,90.924995,5.4477882,7.594635
20240519T2300,11.360246,92.53289,4.3349743,48.366455
20240520T0000,10.620245,93.74409,1.8,126.869896
20240520T0100,10.440246,94.178665,3.219938,153.43495
20240520T0200,9.970245,94.666245,1.8,126.869896
20240520T0300,9.580245,94.77593,1.484318,104.03624
20240520T0400,9.610246,94.71298,2.2768397,108.434944
20240520T0500,11.240245,93.33765,2.5959969,123.69006
20240520T0600,13.190246,89.62118,2.968636,104.03624
20240520T0700,15.840245,79.04294,3.2599385,96.34019
20240520T0800,17.910246,72.449814,3.2399998,89.99999
20240520T0900,19.640245,67.42176,3.2599385,83.65981
20240520T1000,21.070246,61.817337,5.904439,52.431404
20240520T1100,21.810246,59.026142,6.4096174,38.157227
20240520T1200,22.520245,54.692474,7.10031,30.465546
20240520T1300,23.010244,53.64417,6.6087217,29.357742
20240520T1400,23.320246,53.478172,6.9247384,27.897263
20240520T1500,23.770245,51.16024,4.5536795,18.434952
20240520T1600,23.440245,50.271915,4.072935,44.999985
20240520T1700,22.030245,56.83973,5.991594,32.735214
20240520T1800,20.570246,62.681816,5.7599998,360.0
20240520T1900,19.060246,69.09263,8.707238,352.875
20240520T2000,17.630245,76.957016,7.754637,338.1986
20240520T2100,17.430244,76.92545,6.9153743,321.3402
20240520T2200,16.220245,83.75065,6.924738,261.02737
20240520T2300,14.880245,88.93468,10.703569,250.34618
20240521T0000,14.130245,92.395096,11.165805,249.22775
20240521T0100,13.760245,95.46308,9.387651,237.52881
20240521T0200,13.500245,95.51618,7.8954163,226.84761
20240521T0300,13.280245,96.2662,5.3517847,227.72632
20240521T0400,13.0602455,96.83227,5.0911684,225.0
20240521T0500,13.220245,96.70924,6.1094027,225.0
20240521T0600,13.520246,96.59067,6.4096174,231.84277
20240521T0700,14.000245,95.40941,7.5685663,244.65384
20240521T0800,14.520246,93.759384,9.255571,256.50427
20240521T0900,15.010245,91.78514,9.0645685,263.15723
20240521T1000,15.820246,82.231064,6.849467,266.9872
20240521T1100,16.790245,77.17861,2.7416782,246.8014
20240521T1200,17.480246,73.718864,3.8268526,221.18593
20240521T1300,18.040245,72.8553,5.00128,239.74356
20240521T1400,18.640245,68.6014,2.8799999,270.0
20240521T1500,19.080246,65.08163,0.71999997,360.0
20240521T1600,19.030245,64.94188,3.319036,192.52881
20240521T1700,18.430244,69.83492,6.519877,186.3402
20240521T1800,17.180244,76.93635,6.9527545,201.2505
20240521T1900,15.180245,84.29226,5.0911684,188.1301
20240521T2000,14.150246,87.76386,5.4477882,172.40535
20240521T2100,14.110246,86.54803,6.87779,186.009
20240521T2200,13.820246,90.08803,6.519877,186.3402
20240521T2300,13.920245,87.8588,7.69592,190.7843
20240522T0000,13.730246,87.78288,8.699793,204.44395
20240522T0100,13.700245,88.59925,10.703569,222.27368
20240522T0200,13.670245,88.71421,9.931042,223.5312
20240522T0300,13.690246,88.774796,9.957108,229.39871
20240522T0400,13.630245,88.9464,9.726664,231.009
20240522T0500,13.790245,89.255066,10.799999,233.1301
20240522T0600,14.420245,86.40777,11.808878,232.43141
20240522T0700,14.890245,83.70352,13.089354,238.49574
20240522T0800,15.8102455,77.58682,12.55879,242.70044
20240522T0900,16.320246,74.10055,13.854155,245.43283
20240522T1000,16.820246,69.19215,10.948973,242.59244
20240522T1100,17.530245,65.610435,8.39657,239.03624
20240522T1200,17.840246,62.46956,10.685391,237.38075
20240522T1300,18.410246,59.939587,10.636766,246.0375
20240522T1400,18.800245,61.125454,10.182337,261.8699
20240522T1500,18.940245,60.955215,10.105681,265.91437
20240522T1600,18.700245,62.585083,9.726665,272.1211
20240522T1700,18.590246,63.187336,7.9526596,264.80557
20240522T1800,17.510244,69.60722,3.6,216.8699
20240522T1900,15.030245,81.53312,6.6087217,209.35776
20240522T2000,13.620245,86.44052,6.9527545,201.2505
20240522T2100,13.570246,86.14804,5.937272,194.03624
20240522T2200,12.230246,89.66232,5.315336,208.30077
20240522T2300,11.800245,91.57319,3.6179552,185.71059
20240523T0000,11.370245,93.78456,4.0249224,190.30484
20240523T0100,10.910245,94.520226,4.1046314,195.25513
20240523T0200,10.510245,95.46176,4.3349743,184.76364
20240523T0300,10.050245,95.89536,3.9763298,185.19443
20240523T0400,10.020246,96.08897,2.8799999,180.0
20240523T0500,11.020246,94.20833,3.5455887,203.9625
20240523T0600,12.530245,92.29713,3.319036,220.6013
20240523T0700,13.590245,89.89145,3.319036,220.6013
20240523T0800,14.450245,86.58237,4.1046314,232.12502
20240523T0900,14.760245,84.690674,3.7064266,240.9454
20240523T1000,14.860246,83.9217,4.198285,239.03624
20240523T1100,15.600245,81.44732,6.489992,213.69006
20240523T1200,16.150246,79.454475,5.0528407,184.08562
20240523T1300,16.350246,76.14665,4.8965297,143.97263
20240523T1400,16.550245,74.98034,5.991594,122.73523
20240523T1500,16.640245,73.56962,4.2136917,160.01689
20240523T1600,16.230246,73.39844,4.73506,171.25385
20240523T1700,15.850245,74.41293,3.9763298,174.80557
20240523T1800,15.0602455,82.405685,1.2979984,213.69006
20240523T1900,13.880245,88.55635,0.71999997,360.0
20240523T2000,13.400246,91.68128,3.563818,135.0
20240523T2100,12.280245,96.23363,4.73506,171.25385
20240523T2200,11.590245,96.9191,3.6,143.1301
20240523T2300,10.920245,97.35515,2.7416782,156.8014
20240524T0000,10.870245,97.35381,2.4149535,153.43495
20240524T0100,10.910245,97.15927,1.609969,153.43495
20240524T0200,11.180245,96.45396,2.6208394,164.0546
20240524T0300,11.140245,96.77617,1.835647,168.69006
20240524T0400,11.210245,96.39041,2.968636,194.03624
20240524T0500,11.600245,96.21053,3.2599385,186.3402
20240524T0600,12.700245,93.79157,2.9024127,187.12502
20240524T0700,14.3102455,89.65178,2.4149535,206.56505
20240524T0800,15.700245,81.945335,2.3051248,231.3402
20240524T0900,16.790245,72.67582,2.8116899,230.19443
20240524T1000,17.390245,71.83048,3.2599385,276.34018
20240524T1100,17.450245,68.31361,4.2136917,289.98312
20240524T1200,17.210245,63.59265,8.669949,265.23636
20240524T1300,16.630245,67.147705,9.36,270.0
20240524T1400,16.320246,71.43797,4.3498964,294.44397
20240524T1500,17.010244,70.48486,2.5455842,351.8699
20240524T1600,17.070246,69.89031,1.4399999,360.0
20240524T1700,16.430246,73.67863,1.0182338,225.0
20240524T1800,15.540245,79.892944,2.52,180.0
20240524T1900,14.090245,82.50053,3.9763298,185.19443
20240524T2000,12.680245,87.97749,5.2416787,195.9454
20240524T2100,12.440246,88.72441,5.4119864,176.18593
20240524T2200,10.390245,94.8145,6.924738,188.97263
20240524T2300,9.550245,96.659645,4.6938252,175.60129
20240525T0000,8.580245,98.29018,5.0911684,171.8699
20240525T0100,8.550245,98.42376,3.96,180.0
20240525T0200,8.200246,98.6859,3.7585104,163.30075
20240525T0300,8.400246,98.28612,2.968636,165.96376
20240525T0400,8.530246,98.08795,3.5455887,156.0375
20240525T0500,10.070246,95.4432,5.0142193,158.9625
20240525T0600,12.180245,90.98878,4.452954,165.96376
20240525T0700,14.400246,86.17738,4.3349743,175.23636
20240525T0800,16.240246,78.68575,3.319036,192.52881
20240525T0900,17.640245,67.45071,2.5455842,171.8699
20240525T1000,18.350245,61.964195,1.1384199,161.56505
20240525T1100,18.620245,58.6785,2.9024127,150.25511
20240525T1200,19.190245,56.692825,3.9763298,174.80557
20240525T1300,20.190245,52.872845,3.319036,192.52881
20240525T1400,20.640245,51.244965,3.219938,206.56505
20240525T1500,21.090246,51.022842,2.9024127,262.875
20240525T1600,20.920246,50.80645,3.319036,319.3987
20240525T1700,20.420246,54.260532,4.3349743,355.23636
20240525T1800,19.170246,59.20781,3.563818,44.999985
20240525T1900,15.470245,77.37897,5.154415,65.224846
20240525T2000,13.790245,82.35168,2.968636,75.96376
20240525T2100,12.480246,88.01769,3.671294,78.69006
20240525T2200,12.130245,92.14864,3.2599385,96.34019
20240525T2300,11.240245,94.66303,2.9024127,119.74488
20240526T0000,10.480246,97.212425,4.1046314,127.874985
20240526T0100,10.510245,96.5613,4.198285,120.96376
20240526T0200,9.980246,95.89262,4.2136917,109.9831
20240526T0300,9.420245,96.2621,5.692099,124.69515
20240526T0400,9.8102455,94.08185,5.3517847,132.27368
20240526T0500,11.160245,89.75478,5.3517847,132.27368
20240526T0600,14.110246,81.463806,5.8603754,132.51044
20240526T0700,16.560246,74.487366,6.1094027,135.0
20240526T0800,18.680244,67.66714,6.792466,147.99461
20240526T0900,20.290245,61.718426,7.628263,160.70996
20240526T1000,21.450245,56.995205,5.8048253,172.87498
20240526T1100,22.000246,54.99315,6.6185193,202.38013
20240526T1200,21.940245,54.724556,8.4963045,233.61565
20240526T1300,20.960245,56.87315,9.339208,242.44719
20240526T1400,20.550245,59.30635,9.227524,249.44395
20240526T1500,20.590246,62.892185,8.766573,250.82098
20240526T1600,20.530245,63.916897,7.5170207,253.30075
20240526T1700,19.560246,69.55402,5.991594,237.26477
20240526T1800,18.140245,78.86254,3.8939953,213.69006
20240526T1900,17.250246,80.60588,4.452954,194.03624
20240526T2000,15.470245,89.50846,4.6938252,175.60129
20240526T2100,14.960245,90.707565,4.379589,170.53767
20240526T2200,15.210245,92.8813,3.7585104,196.69925
20240526T2300,15.840245,90.356995,4.198285,210.96376
20240527T0000,15.620245,91.16847,3.6,216.8699
20240527T0100,15.320246,91.6252,2.9024127,187.12502
20240527T0200,14.530245,95.928535,3.4152596,198.43495
20240527T0300,14.400246,96.741714,2.5455842,188.1301
20240527T0400,14.230246,96.990265,2.9024127,172.87498
20240527T0500,14.680245,95.68363,4.0249224,153.43495
20240527T0600,15.530245,92.41687,4.510787,151.38954
20240527T0700,16.820246,83.711365,5.04,180.0
20240527T0800,17.740246,79.11288,4.6800003,202.61987
20240527T0900,18.300245,74.93232,4.39436,214.99202
20240527T1000,18.220245,74.47948,3.9763298,185.19443
20240527T1100,18.440245,73.98379,5.8048253,187.12502
20240527T1200,18.800245,73.75724,7.172949,197.52557
20240527T1300,19.760244,68.51244,6.924738,188.97263
20240527T1400,20.230246,63.307804,7.5170207,196.69925
20240527T1500,20.430244,65.417,8.373386,205.46335
20240527T1600,19.000246,71.56568,9.220499,231.3402
20240527T1700,18.360245,74.406136,8.28,270.0
20240527T1800,17.690245,76.76541,7.072878,284.74356
20240527T1900,16.390245,81.01839,6.638072,282.5288
20240527T2000,15.220245,84.5194,6.130579,273.36646
20240527T2100,14.420245,86.29353,5.771239,266.42368
20240527T2200,13.800245,86.51647,7.072878,255.25644
20240527T2300,13.440246,85.16292,5.4833565,246.8014
20240528T0000,13.050245,84.83449,5.3999996,233.1301
20240528T0100,12.440246,86.25958,5.3517847,222.27368
20240528T0200,11.5602455,88.34703,5.6002855,225.0
20240528T0300,11.620245,87.64012,6.8777895,222.8789
20240528T0400,11.190246,89.092575,6.1305785,220.23636
20240528T0500,12.010245,86.44664,4.39436,214.99202
20240528T0600,13.700245,79.625786,3.8268526,228.81409
20240528T0700,15.040245,70.42752,3.8939953,236.30994
20240528T0800,16.010246,62.462883,4.0249224,243.43495
20240528T0900,17.100245,56.043053,4.896529,252.89728
20240528T1000,17.860245,56.010715,4.73506,188.74615
20240528T1100,18.680244,53.4052,6.924738,188.97263
20240528T1200,19.340246,50.036537,6.297428,210.96376
20240528T1300,20.040245,48.061943,4.6102495,231.3402
20240528T1400,20.580246,44.828915,4.3349743,228.36647
20240528T1500,20.950245,42.71962,4.1046314,217.87498
20240528T1600,21.110245,42.299667,4.5820518,225.0
20240528T1700,21.020245,42.477085,5.1165614,230.7106
20240528T1800,19.600245,50.5173,2.8116899,230.19443
20240528T1900,17.200245,62.36227,1.5273507,225.0
20240528T2000,16.670246,62.237915,0.8049845,333.43497
20240528T2100,15.070246,69.81828,2.16,180.0
20240528T2200,12.790245,81.22836,5.3999996,180.0
20240528T2300,12.090245,87.097786,4.6938252,175.60129
20240529T0000,11.580245,90.517624,3.671294,168.69006
20240529T0100,11.190246,93.39757,3.9763298,174.80557
20240529T0200,11.360246,93.78401,3.6,180.0
20240529T0300,11.470245,93.4133,3.6179552,185.71059
20240529T0400,11.490245,93.916756,5.04,180.0
20240529T0500,12.5602455,89.92937,5.8048253,187.12502
20240529T0600,13.520246,88.642265,5.815978,201.8014
20240529T0700,14.710245,86.15248,6.763786,205.20113
20240529T0800,15.980246,80.696846,7.24486,206.56505
20240529T0900,17.010244,75.654564,10.383987,236.30994
20240529T1000,16.650246,75.196,11.440978,257.27563
20240529T1100,15.820246,81.58394,9.3876505,265.6013
20240529T1200,15.920245,82.13573,7.5685663,272.72632
20240529T1300,15.570246,85.45216,2.0991426,239.03624
20240529T1400,16.050245,85.224045,6.763786,205.20113
20240529T1500,16.280245,84.52794,9.021574,208.61046
20240529T1600,16.460245,84.21755,10.739832,219.55966
20240529T1700,16.300245,85.4737,8.161764,221.42366
20240529T1800,16.030245,87.192764,6.8777895,222.8789
20240529T1900,15.360246,89.616844,5.4833565,203.1986
20240529T2000,14.8102455,91.83259,4.896529,162.89728
20240529T2100,14.580245,93.1509,5.2416787,164.0546
20240529T2200,14.210245,95.79258,5.154415,155.22485
20240529T2300,14.180245,95.79156,8.209263,164.74487
20240530T0000,14.350245,94.61441,9.826088,188.42697
20240530T0100,14.630245,92.60648,13.18308,214.99202
20240530T0200,14.770246,92.917786,13.004922,221.63354
20240530T0300,14.670245,94.012115,11.753876,220.03026
20240530T0400,14.570246,94.31516,10.296251,216.46924
20240530T0500,14.860246,94.20516,8.714677,218.29016
20240530T0600,15.160245,93.485634,7.7043357,217.40535
20240530T0700,15.380245,93.072014,8.913181,226.63658
20240530T0800,15.830245,91.12321,9.693296,248.1986
20240530T0900,16.390245,88.42514,8.311245,274.96973
20240530T1000,16.580246,89.65268,4.6938257,327.5288
20240530T1100,17.190245,86.737976,4.510787,298.61047
20240530T1200,17.670246,81.770706,7.9526596,275.19443
20240530T1300,17.980246,78.175095,8.669949,265.23636
20240530T1400,17.660246,74.18807,9.885262,259.50854
20240530T1500,17.300245,75.20664,11.165805,268.1524
20240530T1600,16.670246,79.3208,11.27553,286.69925
20240530T1700,16.340246,78.49349,8.654986,286.92752
20240530T1800,15.8102455,79.667915,9.605998,257.00537
20240530T1900,14.350245,83.47214,9.114471,260.90973
20240530T2000,13.220245,86.34153,7.628263,250.70996
20240530T2100,12.440246,88.78385,6.9247384,242.10274
20240530T2200,12.370245,89.015884,4.6800003,247.38014
20240530T2300,12.160245,89.53643,6.3690495,222.7094
20240531T0000,11.860246,89.87291,7.42159,230.90614
20240531T0100,11.570246,90.882866,7.127636,225.0
20240531T0200,11.490245,90.81577,6.1305785,220.23636
20240531T0300,11.320246,91.29359,6.4096174,231.84277
20240531T0400,11.290245,91.66103,6.763786,244.79889
20240531T0500,11.400246,90.68678,7.0911775,246.0375
20240531T0600,11.730246,90.34686,7.754637,248.1986
20240531T0700,12.220245,87.63936,10.8955765,262.40536
20240531T0800,12.410245,84.93203,9.779817,276.34018
20240531T0900,12.780245,83.6712,8.759178,279.46234
20240531T1000,13.420245,83.46957,6.9247384,297.89728
20240531T1100,14.120245,84.899445,6.830519,288.43497
20240531T1200,14.910245,80.22809,6.379216,286.38956
20240531T1300,15.570246,75.41254,5.2416787,285.9454
20240531T1400,15.870245,76.87946,4.6938252,274.3987
20240531T1500,15.960245,75.478615,4.5536795,251.56506
20240531T1600,15.750245,78.14511,6.489992,250.55997
20240531T1700,15.550245,80.797676,7.5685663,244.65384
20240531T1800,14.410245,87.61425,6.28713,256.7595
20240531T1900,13.460245,92.782875,5.0911684,261.8699
20240531T2000,13.050245,94.18267,3.7064266,240.9454
20240531T2100,12.830245,94.735306,4.1046314,232.12502
20240531T2200,12.580245,95.92527,5.692099,214.69516
20240531T2300,12.480246,96.11274,6.297428,210.96376
20240601T0000,12.470245,95.47696,6.1094027,225.0
20240601T0100,12.230246,96.104164,6.9153743,218.65982
20240601T0200,12.370245,95.5365,6.3690495,222.7094
20240601T0300,12.450245,95.92068,4.8433046,221.98721
20240601T0400,12.510245,95.9228,4.6102495,218.65982
20240601T0500,12.790245,95.42616,5.6233797,230.19443
20240601T0600,13.260245,93.82005,5.8048253,240.25513
20240601T0700,13.860246,90.6284,7.072878,255.25644
20240601T0800,14.490245,89.01909,7.208994,267.1376
20240601T0900,15.210245,87.05763,7.5170207,286.69925
20240601T1000,16.340246,76.95477,7.42159,292.83368
20240601T1100,17.460245,71.32325,5.8048253,299.74487
20240601T1200,17.850245,68.35029,2.5959969,303.69006
20240601T1300,17.880245,68.17553,2.4149535,296.56506
20240601T1400,17.500246,70.02158,3.0547013,315.0
20240601T1500,16.970245,76.097664,3.8268526,318.8141
20240601T1600,17.130245,77.84248,5.4833565,336.8014
20240601T1700,16.780245,81.65601,4.896529,342.89728
20240601T1800,16.160246,87.94644,2.4149535,333.43497
20240601T1900,15.210245,93.12362,1.8,323.13013
20240601T2000,14.670245,94.44291,2.1897945,279.46234
20240601T2100,14.360246,95.92295,3.6,233.1301
20240601T2200,14.130245,96.22966,4.510787,241.38954
20240601T2300,14.050245,96.54262,4.802999,257.00537
20240602T0000,13.900246,96.85501,3.2599385,263.65982
20240602T0100,13.760245,96.66095,3.4152596,198.43495
20240602T0200,13.980246,95.47125,3.6179552,185.71059
20240602T0300,13.950245,95.72086,4.5536795,198.43495
20240602T0400,13.970245,95.15832,4.6938257,212.47119
20240602T0500,13.980246,95.78467,2.8116899,219.80557
20240602T0600,14.190246,95.22927,2.8116899,219.80557
20240602T0700,14.400246,94.30752,3.319036,229.39871
20240602T0800,14.920245,94.085144,3.396233,237.99463
20240602T0900,15.730246,90.46672,1.609969,206.56505
20240602T1000,15.5602455,94.11432,0.5091169,225.0
20240602T1100,16.010246,91.96638,1.8,233.1301
20240602T1200,16.230246,92.5166,2.3051248,308.65982
20240602T1300,16.870245,91.132805,2.968636,345.96375
20240602T1400,17.140245,90.91611,2.3051248,321.3402
20240602T1500,16.950245,92.20004,3.8268526,318.8141
20240602T1600,16.930244,92.97278,6.0347,342.646
20240602T1700,16.880245,93.5095,9.0,360.0
20240602T1800,16.690245,95.68819,7.208994,357.13757
20240602T1900,16.060246,97.5342,6.489992,356.8202
20240602T2000,15.780245,97.46614,7.92,360.0
20240602T2100,15.600245,97.08572,8.669949,355.23636
20240602T2200,15.370245,96.579094,6.8399997,360.0
20240602T2300,15.080245,96.7595,8.825508,348.23172
20240603T0000,14.640245,96.18253,9.531505,349.11447
20240603T0100,14.230246,95.66802,9.726665,357.8789
20240603T0200,13.920245,95.782616,9.726665,357.8789
20240603T0300,13.760245,95.27514,8.473393,347.73523
20240603T0400,13.650246,94.14911,8.209263,344.74487
20240603T0500,13.680245,93.28628,7.8954163,335.77228
20240603T0600,13.880245,91.65228,9.360001,337.38013
20240603T0700,13.980246,90.87664,9.793058,342.89728
20240603T0800,14.010245,89.33228,9.178235,348.69006
20240603T0900,14.470245,86.24163,9.779817,353.65985
20240603T1000,15.080245,82.4628,7.2359104,354.28943
20240603T1100,15.670245,81.02778,7.42159,345.96375
20240603T1200,16.320246,77.97453,7.8625183,344.0546
20240603T1300,16.670246,77.05806,7.2805495,351.46924
20240603T1400,17.060246,76.31291,7.5942073,354.5597
20240603T1500,17.150246,76.377686,7.5685663,357.2737
20240603T1600,17.130245,76.324265,6.87779,353.991
20240603T1700,17.160246,77.490524,6.130579,356.63354
20240603T1800,16.790245,79.28615,4.68,360.0
20240603T1900,15.690246,86.81913,3.319036,347.4712
20240603T2000,14.550245,92.35949,2.7416782,336.8014
20240603T2100,14.420245,92.59436,4.3498964,335.55603
20240603T2200,14.3102455,89.59273,3.7585104,343.30075
20240603T2300,13.850245,91.04754,2.3051248,38.659805
20240604T0000,13.530245,92.11512,1.9386592,68.19859
20240604T0100,13.140245,93.31872,1.08,89.99999
20240604T0200,12.290245,95.53339,1.2979984,146.30994
20240604T0300,12.200245,96.74362,1.8,143.1301
20240604T0400,12.580245,96.43497,0.5091169,225.0
20240604T0500,13.200245,95.127556,1.5273507,315.0
20240604T0600,14.150246,91.60963,1.4399999,360.0
20240604T0700,15.470245,85.21726,1.9386592,21.801407
20240604T0800,16.760244,80.17054,2.9024127,7.125
20240604T0900,17.860245,76.842514,2.5455842,8.130096
20240604T1000,19.030245,71.38457,4.379589,350.5377
20240604T1100,20.270245,66.93779,1.2979984,326.30994
20240604T1200,21.130245,62.603806,0.8049845,296.56506
20240604T1300,21.640245,60.866707,1.609969,296.56506
20240604T1400,22.330246,58.72796,2.4149535,296.56506
20240604T1500,22.660246,56.809685,2.5959969,303.69006
20240604T1600,22.700245,56.782482,2.9024127,299.74487
20240604T1700,22.420246,58.82624,2.7416782,293.1986
20240604T1800,21.310246,61.590126,1.484318,284.03625
20240604T1900,19.550245,67.44734,3.2599385,276.34018
20240604T2000,16.490246,82.910645,4.510787,241.38954
20240604T2100,15.170245,88.20405,6.193674,215.53769
20240604T2200,14.620245,91.34023,5.634891,206.56505
20240604T2300,14.260245,92.58508,7.10031,210.46555
20240605T0000,13.710245,93.47246,6.379216,196.38954
20240605T0100,13.250245,94.50377,6.28713,193.24052
20240605T0200,12.860246,94.92498,5.506941,191.30994
20240605T0300,13.000245,94.68011,5.8048253,187.12502
20240605T0400,13.170245,93.69151,5.771239,183.57634
20240605T0500,14.650246,90.210464,6.130579,183.36646
20240605T0600,16.610245,84.619865,5.8603754,190.61966
20240605T0700,18.380245,75.387,5.8048253,209.74489
20240605T0800,20.110245,68.35967,6.618519,225.0
20240605T0900,21.420246,63.863533,8.4963045,233.61565
20240605T1000,22.540245,59.277924,10.514218,231.95296
20240605T1100,22.920246,59.060825,9.339208,242.44719
20240605T1200,23.030245,59.509853,9.107359,251.56506
20240605T1300,23.610245,58.35112,8.825508,258.23172
20240605T1400,23.960245,56.540607,8.350138,262.5686
20240605T1500,24.460245,53.8401,9.746631,265.7636
20240605T1600,24.260244,54.06948,7.5942073,264.5597
20240605T1700,23.580246,57.668087,5.506941,258.69006
20240605T1800,22.410246,59.595104,4.2136917,250.0169
20240605T1900,20.010244,70.78197,4.1046314,232.12502
20240605T2000,17.820246,77.79514,3.396233,212.00539
20240605T2100,16.780245,79.91107,1.609969,243.43495
20240605T2200,16.000246,83.61508,1.484318,14.03624
20240605T2300,15.070246,88.25309,1.8,36.86989
20240606T0000,14.150246,91.66993,4.379589,9.462311
20240606T0100,13.930245,93.915115,2.0364676,44.999985
20240606T0200,13.450245,95.0124,1.4399999,89.99999
20240606T0300,12.800245,95.869576,0.5091169,135.0
20240606T0400,12.790245,95.80582,2.6208394,195.9454
20240606T0500,14.360246,92.77329,2.5959969,213.69006
20240606T0600,16.350246,86.71332,2.9024127,172.87498
20240606T0700,18.750246,76.23648,3.5455887,156.0375
20240606T0800,20.770245,68.22603,4.1046314,164.74487
20240606T0900,22.340246,60.398125,6.4096174,218.15723
20240606T1000,23.540245,53.639893,7.754637,201.8014
20240606T1100,24.580246,49.267853,7.289445,212.90524
20240606T1200,25.140245,49.031757,8.209263,232.12502
20240606T1300,25.510244,48.938908,8.4042845,260.1342
20240606T1400,25.510244,51.44901,12.864649,252.07208
20240606T1500,25.070246,55.121067,11.91812,244.98311
20240606T1600,24.530245,58.00923,11.113451,245.09525
20240606T1700,23.650246,59.73289,8.78872,235.00798
20240606T1800,22.150246,63.899704,9.387651,237.52881
20240606T1900,20.380245,69.12834,5.315336,241.69925
20240606T2000,19.270245,74.997246,5.1165614,230.7106
20240606T2100,18.220245,81.471176,2.52,180.0
20240606T2200,17.340246,87.709694,0.8049845,243.43495
20240606T2300,16.080246,92.80803,2.5455842,171.8699
20240607T0000,15.730246,93.81753,3.2599385,173.6598
20240607T0100,15.660245,95.77851,2.5455842,171.8699
20240607T0200,15.640245,96.1502,2.0991426,149.03624
20240607T0300,15.480246,95.8347,2.1897945,170.53767
20240607T0400,15.370245,94.78031,1.9386592,158.1986
20240607T0500,16.080246,91.79201,1.1384199,198.43495
20240607T0600,17.550245,82.877525,0.71999997,180.0
20240607T0700,19.280245,77.513336,0.8049845,116.56505
20240607T0800,20.730246,70.36993,1.484318,194.03624
20240607T0900,22.180244,63.700043,4.3498964,245.55606
20240607T1000,23.290245,58.274193,2.7416782,203.1986
20240607T1100,23.960245,55.164356,4.3349743,221.63354
20240607T1200,24.940245,51.836674,5.6233797,230.19443
20240607T1300,25.550245,49.94682,5.8048253,240.25513
20240607T1400,25.940245,48.42012,6.379216,253.61046
20240607T1500,26.110245,47.56023,6.849467,266.9872
20240607T1600,25.890245,47.22279,6.12,298.07248
20240607T1700,25.220245,48.006405,5.6233797,309.80557
20240607T1800,23.850245,52.884377,4.0249224,296.56506
20240607T1900,23.030245,45.183804,6.9247384,297.89728
20240607T2000,20.700245,54.333138,6.3690495,312.7094
20240607T2100,18.320246,66.57169,5.315336,331.69925
20240607T2200,17.900246,69.96129,5.4477882,352.40536
20240607T2300,16.840246,76.377716,3.563818,44.999985
20240608T0000,16.100246,81.56712,2.1897945,80.537674
20240608T0100,15.0602455,86.985954,3.7585104,73.30075
20240608T0200,14.630245,89.26532,3.8773184,68.19859
20240608T0300,14.3102455,91.319435,3.671294,78.69006
20240608T0400,14.270246,92.039955,2.52,89.99999
20240608T0500,15.740245,88.77397,2.6208394,74.054596
20240608T0600,17.560246,78.983734,2.968636,75.96376
20240608T0700,19.660246,71.31619,2.9024127,82.874985
20240608T0800,21.400246,67.5626,3.4152596,108.434944
20240608T0900,22.780245,65.40938,4.39436,145.00798
20240608T1000,23.220245,64.95958,2.5455842,278.1301
20240608T1100,22.370245,67.02364,2.1897945,189.46233
20240608T1200,22.460245,71.873764,3.2599385,186.3402
20240608T1300,21.440245,79.12876,3.8939953,213.69006
20240608T1400,21.280245,80.72544,7.4128532,240.9454
20240608T1500,21.470245,81.87834,7.42159,247.16635
20240608T1600,21.440245,83.75134,4.802999,257.00537
20240608T1700,20.880245,86.151375,3.671294,258.69006
20240608T1800,19.830246,89.43761,2.6208394,254.0546
20240608T1900,19.000246,91.209724,2.5959969,236.30994
20240608T2000,18.430244,92.69448,2.4149535,206.56505
20240608T2100,17.920246,97.3189,3.8773184,201.8014
20240608T2200,17.970245,97.69051,3.096837,215.53769
20240608T2300,18.040245,95.97295,2.1897945,170.53767
20240609T0000,17.460245,98.368324,3.6,180.0
20240609T0100,17.420246,98.24292,2.52,180.0
20240609T0200,17.490246,98.36863,1.484318,75.96376
20240609T0300,17.160246,97.61579,2.9024127,29.744873
20240609T0400,17.220245,96.68748,4.379589,9.462311
20240609T0500,17.050245,95.02812,7.289444,20.224854
20240609T0600,17.110245,91.97253,7.8954163,24.227737
20240609T0700,17.190245,90.22016,7.729527,27.75853
20240609T0800,17.810246,87.58212,7.7043357,37.40535
20240609T0900,18.480246,83.36375,7.145796,40.914368
20240609T1000,19.830246,74.99329,9.346143,15.642242
20240609T1100,20.160246,74.758575,10.464798,3.9451752
20240609T1200,20.190245,73.85416,9.36,360.0
20240609T1300,20.280245,73.347786,10.08,360.0
20240609T1400,20.500246,73.48058,10.440001,360.0
20240609T1500,20.540245,72.96909,8.647496,2.3859253
20240609T1600,19.880245,77.80356,7.2359104,354.28943
20240609T1700,19.490246,80.28427,5.8603754,349.38034
20240609T1800,18.700245,82.00669,5.154415,335.22485
20240609T1900,17.790245,85.73903,4.3498964,335.55603
20240609T2000,16.840246,90.48659,5.904439,322.43143
20240609T2100,16.420246,91.398315,5.904439,307.5686
20240609T2200,16.280245,91.094025,5.904439,322.43143
20240609T2300,16.160246,89.91194,4.8433046,318.01282
20240610T0000,15.940246,86.73001,5.3999996,306.8699
20240610T0100,15.370245,84.982574,5.495161,301.6075
20240610T0200,14.700245,85.18938,4.6800003,292.61987
20240610T0300,13.960245,84.88141,4.802999,282.99463
20240610T0400,13.390245,85.2142,5.506941,281.30994
20240610T0500,13.720245,84.06572,5.7599998,270.0
20240610T0600,15.070246,77.47019,5.2416787,254.0546
20240610T0700,16.600245,68.320595,5.95906,244.98311
20240610T0800,17.970245,62.12436,8.534353,242.35403
20240610T0900,19.020245,57.2999,10.829958,248.55226
20240610T1000,20.000246,52.046173,11.659777,261.11935
20240610T1100,20.580246,49.465965,11.841756,250.46335
20240610T1200,21.110245,47.388794,13.049689,245.55606
20240610T1300,21.620245,45.614098,14.917212,250.25317
20240610T1400,21.770245,46.058586,15.629971,255.32361
20240610T1500,21.770245,45.87247,16.09969,259.69516
20240610T1600,21.320246,48.18819,15.876775,266.0995
20240610T1700,20.470245,49.469273,14.77755,272.79272
20240610T1800,19.540245,51.53803,14.332341,281.59216
20240610T1900,18.300245,57.54361,12.303366,290.55603
20240610T2000,17.240246,60.95862,11.183201,303.17853
20240610T2100,15.880245,65.9111,10.464797,310.8151
20240610T2200,14.610246,71.30002,10.041354,345.46555
20240610T2300,13.680245,73.92624,10.390226,345.96375
20240611T0000,12.980246,76.14504,9.826088,351.57306
20240611T0100,12.320246,78.507355,8.28,360.0
20240611T0200,11.710245,81.29812,6.489992,3.1798248
20240611T0300,11.290245,81.79563,4.6938252,355.60132
20240611T0400,10.910245,83.66545,4.6938252,355.60132
20240611T0500,10.980246,81.808815,6.489992,356.8202
20240611T0600,11.710245,77.55776,7.2,360.0
20240611T0700,12.500245,73.05691,7.69592,10.7842865
20240611T0800,13.510245,67.483116,7.289444,20.224854
20240611T0900,14.400246,62.03757,6.763786,25.201126
20240611T1000,15.500245,57.30096,2.4149535,26.565033
20240611T1100,16.410246,54.08706,3.0547013,44.999985
20240611T1200,16.610245,53.62123,3.7585104,16.69925
20240611T1300,17.220245,51.50617,4.896529,342.89728
20240611T1400,17.180244,51.77976,6.6185193,337.61987
20240611T1500,17.100245,54.307793,8.311245,342.34988
20240611T1600,16.810246,56.971092,8.557102,345.37915
20240611T1700,16.150246,60.613033,6.162207,353.29016
20240611T1800,15.440246,68.355194,4.32,360.0
20240611T1900,13.860246,74.91541,3.671294,348.69006
20240611T2000,12.530245,79.559326,4.452954,345.96375
20240611T2100,12.500245,81.7942,4.896529,342.89728
20240611T2200,12.010245,82.507195,2.9024127,187.12502
20240611T2300,11.410245,84.64328,5.3517847,199.65382
20240612T0000,10.860246,85.156364,4.8433046,228.01279
20240612T0100,10.190246,86.783775,1.8,233.1301
20240612T0200,9.530245,87.9731,0.8049845,296.56506
20240612T0300,9.160245,89.21558,2.5455842,315.0
20240612T0400,8.760245,89.6723,3.7585104,343.30075
20240612T0500,9.780245,88.238945,3.0758414,339.44397
20240612T0600,11.990245,83.74327,3.671294,348.69006
20240612T0700,14.280245,69.99018,5.4119864,3.8140564
20240612T0800,15.960245,59.623184,6.5693827,9.462311
20240612T0900,16.780245,52.96958,7.6367526,8.130096
20240612T1000,17.370245,49.117027,7.2805495,8.530762
20240612T1100,17.940245,46.755817,5.3517847,19.653809
20240612T1200,18.280245,44.35534,6.28713,13.240509
20240612T1300,18.760244,41.736076,6.87779,6.0090027
20240612T1400,19.240246,40.66854,7.5942073,354.5597
20240612T1500,19.400246,40.29166,9.0645685,353.15723
20240612T1600,18.900246,42.7182,10.538843,352.1467
20240612T1700,18.320246,45.269436,10.390226,345.96375
20240612T1800,17.330246,48.800793,9.605998,347.00537
20240612T1900,15.840245,53.82263,6.5693827,350.5377
20240612T2000,14.030245,62.549946,6.0347,342.646
20240612T2100,13.080245,68.842125,5.634891,333.43497
20240612T2200,11.800245,73.88467,8.209263,344.74487
20240612T2300,11.550245,76.58021,6.9899354,348.11133
20240613T0000,11.690246,73.3572,8.049845,333.43497
20240613T0100,10.490245,80.5139,8.587338,326.97614
20240613T0200,9.800245,84.74036,5.991594,327.26477
20240613T0300,10.3102455,79.98954,4.072935,315.0
20240613T0400,9.830245,81.98748,3.7064266,330.94543
20240613T0500,10.660245,79.87715,4.1046314,344.74487
20240613T0600,12.480246,73.10322,4.0249224,349.69516
20240613T0700,14.360246,67.02301,3.9763298,354.8056
20240613T0800,15.950245,61.85705,4.32,360.0
20240613T0900,16.990246,56.091106,3.6,360.0
20240613T1000,18.270245,47.011612,3.0758414,20.556046
20240613T1100,18.910246,43.924004,0.5091169,135.0
20240613T1200,19.530245,40.245384,3.8939953,236.30994
20240613T1300,20.290245,38.54593,4.6800003,247.38014
20240613T1400,20.950245,36.770638,3.8268526,228.81409
20240613T1500,21.150246,36.344757,4.8433046,228.01279
20240613T1600,21.410246,36.87919,3.8773184,248.1986
20240613T1700,20.760244,42.46067,1.609969,333.43497
20240613T1800,19.140245,51.956173,3.0547013,44.999985
20240613T1900,16.130245,65.301796,4.896529,72.89727
20240613T2000,14.320246,69.71364,4.2136917,109.9831
20240613T2100,12.460245,77.36307,3.0758414,159.44395
20240613T2200,12.010245,83.57588,3.671294,168.69006
20240613T2300,11.090245,89.627686,4.3349743,175.23636
20240614T0000,11.790245,88.84555,4.6938252,175.60129
20240614T0100,12.100245,86.68932,5.154415,155.22485
20240614T0200,12.350245,86.773415,4.6800003,157.38013
20240614T0300,12.380245,87.1854,5.315336,151.69923
20240614T0400,12.730246,88.454025,4.3349743,175.23636
20240614T0500,13.3102455,87.80191,4.379589,170.53767
20240614T0600,13.860246,85.9496,4.73506,171.25385
20240614T0700,14.150246,86.037254,6.849467,176.98721
20240614T0800,14.670245,84.34489,9.885262,190.49147
20240614T0900,15.910245,80.42169,10.538843,187.85332
20240614T1000,17.960245,71.55901,7.771331,166.6075
20240614T1100,18.850245,67.70224,13.679999,180.0
20240614T1200,19.070246,66.161545,15.941944,186.48308
20240614T1300,18.890245,68.15732,13.004921,184.76364
20240614T1400,19.600245,67.28119,11.609651,187.12502
20240614T1500,20.700245,63.24741,10.08,180.0
20240614T1600,20.630245,63.688602,9.0645685,173.15723
20240614T1700,20.820246,62.043835,8.311245,162.34987
20240614T1800,19.650246,66.371925,8.647496,182.38594
20240614T1900,18.510244,73.03532,7.2359104,174.28941
20240614T2000,17.580246,77.86024,6.0347,162.64597
20240614T2100,17.170246,82.99322,6.6087217,150.64224
20240614T2200,16.510246,88.95299,4.8965297,143.97263
20240614T2300,15.640245,91.645515,6.162207,173.29016
20240615T0000,15.140245,94.52477,7.2359104,185.71059
20240615T0100,14.570246,97.06184,5.815978,201.8014
20240615T0200,14.640245,96.93723,7.9932966,234.16235
20240615T0300,14.590245,95.49347,10.144082,242.52557
20240615T0400,14.160245,91.42959,12.313894,217.87498
20240615T0500,13.860246,90.6284,15.021105,224.02899
20240615T0600,14.290245,88.18368,17.713316,232.43141
20240615T0700,15.110246,83.23345,18.472595,236.92932
20240615T0800,16.080246,73.03005,19.652176,241.55707
20240615T0900,17.110245,63.058853,19.319628,243.43495
20240615T1000,17.930244,58.863853,15.141414,251.99585
20240615T1100,18.790245,56.211582,16.394829,250.76932
20240615T1200,19.320246,54.44823,15.484185,252.40758
20240615T1300,19.680244,54.578613,13.358861,255.96376
20240615T1400,19.840246,53.928154,11.792404,257.66092
20240615T1500,19.670246,54.502754,11.659777,261.11935
20240615T1600,19.600245,54.7046,11.212135,264.47247
20240615T1700,19.110245,54.87224,9.028754,265.4261
20240615T1800,18.390245,57.527462,5.3517847,250.34618
20240615T1900,16.670246,67.20122,5.495161,238.3925
20240615T2000,15.230246,72.14376,5.506941,191.30994
20240615T2100,13.970245,80.308556,6.489992,176.82018
20240615T2200,13.920245,82.86495,5.4833565,156.8014
20240615T2300,13.580245,85.406044,4.802999,167.00539
20240616T0000,13.630245,87.308205,4.73506,171.25385
20240616T0100,13.540245,88.05721,5.4119864,183.81407
20240616T0200,12.920245,89.53948,5.8603754,190.61966
20240616T0300,13.120245,88.84341,5.506941,191.30994
20240616T0400,12.970245,89.12693,5.0911684,188.1301
20240616T0500,13.870245,87.273476,5.8048253,187.12502
20240616T0600,15.000245,79.49765,5.7599998,180.0
20240616T0700,16.070246,70.96198,6.9247384,207.89728
20240616T0800,17.290245,63.867523,7.628263,199.29004
20240616T0900,18.520245,58.93008,11.043261,199.0256
20240616T1000,19.800245,55.68116,10.883676,214.2157
20240616T1100,21.050245,55.298035,12.387348,215.53769
20240616T1200,21.950245,51.973175,12.984975,223.87671
20240616T1300,22.420246,49.304775,13.479583,235.88553
20240616T1400,22.440245,49.244568,14.578888,249.77515
20240616T1500,21.580246,52.360867,13.339445,266.90594
20240616T1600,21.050245,56.445736,12.287555,275.04245
20240616T1700,20.630245,59.87596,8.905908,284.03625
20240616T1800,19.730246,65.95497,4.452954,284.03625
20240616T1900,18.570246,75.27126,1.1384199,288.43497
20240616T2000,17.500246,79.1298,2.7416782,156.8014
20240616T2100,16.310246,86.70945,4.198285,149.03624
20240616T2200,15.930245,91.426125,4.6102495,141.34018
20240616T2300,15.610246,92.78244,5.0142193,158.9625
20240617T0000,15.3102455,92.645164,5.2416787,164.0546
20240617T0100,15.640245,91.76478,5.937272,165.96376
20240617T0200,15.790245,91.7741,7.072878,165.25644
20240617T0300,15.860246,92.017006,6.87779,173.991
20240617T0400,15.860246,92.19628,6.162207,173.29016
20240617T0500,16.530245,91.93814,6.130579,176.63354
20240617T0600,18.030245,85.59795,6.12,180.0
20240617T0700,19.420246,75.90064,7.24486,206.56505
20240617T0800,20.420246,71.549484,7.8954163,226.84761
20240617T0900,20.780245,69.56579,7.653705,228.81409
20240617T1000,20.950245,69.19533,8.28,270.0
20240617T1100,20.670246,70.22228,6.489992,273.17984
20240617T1200,19.340246,78.27564,2.3051248,231.3402
20240617T1300,19.820246,76.94918,1.1384199,198.43495
20240617T1400,20.200245,75.24779,2.0364676,225.0
20240617T1500,20.320246,74.210106,0.35999998,270.0
20240617T1600,19.780245,75.616516,3.9763298,95.19443
20240617T1700,19.860245,76.856445,6.297428,120.963745
20240617T1800,19.540245,79.21621,5.1165614,129.2894
20240617T1900,18.370245,83.243645,5.1165614,129.2894
20240617T2000,17.220245,87.86908,5.0911684,135.0
20240617T2100,16.640245,90.88267,4.829907,153.43495
20240617T2200,15.370245,93.98355,3.319036,139.3987
20240617T2300,15.190246,93.36546,7.2,143.1301
20240618T0000,14.770246,95.375534,7.653705,138.81407
20240618T0100,14.330245,96.29869,5.904439,127.56859
20240618T0200,14.180245,95.79156,5.6233797,129.80557
20240618T0300,13.930245,95.78296,4.8433046,138.01279
20240618T0400,13.530245,95.58016,4.6102495,141.34018
20240618T0500,15.020246,92.62877,5.3517847,132.27368
20240618T0600,17.600245,85.222824,5.6233797,129.80557
20240618T0700,20.050245,77.2321,5.6233797,129.80557
20240618T0800,22.210245,71.64612,5.904439,127.56859
20240618T0900,24.170246,65.78392,6.638072,130.60129
20240618T1000,25.270245,61.422615,4.829907,116.56505
20240618T1100,26.640245,58.10433,3.9763298,185.19443
20240618T1200,27.630245,53.879246,4.6800003,247.38014
20240618T1300,28.240246,50.360844,3.6179552,264.28943
20240618T1400,29.130245,48.580036,5.2416787,195.9454
20240618T1500,29.740246,44.27677,6.6185193,202.38013
20240618T1600,29.240246,41.464813,4.3349743,221.63354
20240618T1700,27.960245,55.72661,1.08,270.0
20240618T1800,26.020245,57.99423,0.8049845,26.565033
20240618T1900,23.250246,69.50574,1.08,360.0
20240618T2000,22.470245,66.74372,1.1384199,108.434944
20240618T2100,20.020245,79.131615,3.671294,191.30994
20240618T2200,19.910246,84.81199,1.835647,78.69006
20240618T2300,19.530245,87.398895,1.484318,104.03624
20240619T0000,20.510244,84.07313,2.52,89.99999
20240619T0100,20.380245,84.646484,2.5959969,56.30993
20240619T0200,19.150246,88.31515,3.7585104,343.30075
20240619T0300,17.780245,92.71965,5.692099,325.30484
20240619T0400,17.310246,94.25091,4.68,360.0
20240619T0500,18.470245,90.25238,2.8116899,39.805573
20240619T0600,20.010244,83.64552,2.3051248,38.659805
20240619T0700,21.810246,75.03006,2.5455842,44.999985
20240619T0800,23.470245,70.47815,1.9386592,68.19859
20240619T0900,24.660246,67.4419,2.5455842,98.1301
20240619T1000,25.370245,67.836845,5.8603754,10.619659
20240619T1100,26.940245,62.73033,6.849467,3.0127716
20240619T1200,28.800245,55.02641,7.5685663,2.7262878
20240619T1300,28.620245,54.81005,7.5942073,354.5597
20240619T1400,28.240246,56.99797,6.924738,351.02737
20240619T1500,27.840246,57.839504,10.1376915,353.88452
20240619T1600,27.060246,61.243603,10.661107,11.689362
20240619T1700,26.250246,62.0704,11.726277,17.878693
20240619T1800,24.440245,67.52594,11.013882,11.309921
20240619T1900,22.670246,76.123116,10.239453,10.124664
20240619T2000,20.960245,82.17909,9.6932955,15.068481
20240619T2100,19.780245,85.93707,9.793058,17.102722
20240619T2200,19.130245,88.70725,10.390226,14.03624
20240619T2300,18.180244,90.636406,6.130579,356.63354
20240620T0000,17.770245,90.95757,4.896529,342.89728
20240620T0100,17.820246,91.48597,6.924738,8.972626
20240620T0200,17.730246,91.65621,6.924738,351.02737
20240620T0300,17.580246,91.76464,5.04,360.0
20240620T0400,17.500246,92.23134,4.1046314,52.125
20240620T0500,17.810246,91.48539,6.4096174,51.842773
20240620T0600,18.460245,89.22152,4.8433046,41.987198
20240620T0700,19.170246,86.75742,2.968636,75.96376
20240620T0800,20.330246,83.947014,1.8,126.869896
20240620T0900,21.220245,82.83506,1.2979984,146.30994
20240620T1000,21.310246,83.78977,6.162207,186.70984
20240620T1100,22.070246,81.28503,7.10031,149.53445
20240620T1200,22.790245,78.522675,10.195057,132.13759
20240620T1300,24.960245,69.52217,7.8954163,133.15239
20240620T1400,25.530245,66.85566,8.404285,136.7357
20240620T1500,25.600245,67.924225,6.9153743,128.6598
20240620T1600,26.370245,66.68972,3.7064266,119.054596
20240620T1700,24.760244,72.59569,1.08,89.99999
20240620T1800,23.630245,77.278404,2.2768397,288.43497
20240620T1900,22.520245,80.37885,5.1544156,257.90524
20240620T2000,22.120245,79.77308,3.7064266,60.945396
20240620T2100,19.900246,87.59735,6.0347,72.64597
20240620T2200,19.000246,88.64053,5.5887027,165.06857
20240620T2300,17.990246,91.9062,6.989936,214.50853
20240621T0000,18.230246,92.38959,3.096837,305.5377
20240621T0100,17.690245,93.60738,0.35999998,180.0
20240621T0200,17.280245,94.9757,2.8799999,180.0
20240621T0300,16.610245,94.34257,4.510787,208.61046
20240621T0400,17.240246,93.82655,4.3498964,204.44395
20240621T0500,18.010244,92.25984,8.311245,197.65013
20240621T0600,18.150246,91.15657,6.379216,163.61046
20240621T0700,18.220245,89.889854,5.1919937,146.30994
20240621T0800,18.530245,92.40578,5.1165614,129.2894
20240621T0900,20.130245,88.06066,5.904439,142.4314
20240621T1000,22.270245,76.44647,6.162207,173.29016
20240621T1100,23.830246,68.0052,9.826088,171.57303
20240621T1200,23.370245,70.014915,12.24,180.0
20240621T1300,22.130245,74.229546,12.387348,215.53769
20240621T1400,21.940245,78.20457,10.703569,222.27368
20240621T1500,20.680244,80.955414,9.021574,208.61046
20240621T1600,19.520245,80.59778,12.413477,209.53879
20240621T1700,18.980246,82.72908,11.792404,211.26373
20240621T1800,18.850245,84.53714,12.096214,233.47115
20240621T1900,18.330246,84.9709,9.19939,239.42078
20240621T2000,17.640245,86.78079,7.9036193,239.93141
20240621T2100,17.150246,88.88983,6.989936,235.49149
20240621T2200,16.690245,92.542175,6.696387,233.74615
20240621T2300,16.140245,92.87131,5.8048253,209.74489
20240622T0000,15.400246,93.862885,6.193674,215.53769
20240622T0100,14.5602455,95.24339,5.6920996,198.43495
20240622T0200,14.370245,95.29846,5.4119864,183.81407
20240622T0300,14.450245,95.363754,6.489992,176.82018
20240622T0400,14.730246,95.125694,5.506941,168.69006
20240622T0500,16.020247,92.08626,5.2416787,164.0546
20240622T0600,17.090246,88.37001,6.0347,197.35403
20240622T0700,17.640245,85.72377,10.495713,247.83365
20240622T0800,17.110245,87.689224,9.178235,258.69006
20240622T0900,16.320246,90.567276,8.669949,265.23636
20240622T1000,16.020247,90.31126,10.594036,260.2176
20240622T1100,16.000246,93.22517,10.853866,264.28943
20240622T1200,15.760245,94.001434,6.6087217,240.64226
20240622T1300,15.290245,88.9106,4.39436,214.99202
20240622T1400,15.440246,87.07973,7.386582,226.97495
20240622T1500,16.030245,84.27882,7.7043357,217.40535
20240622T1600,16.500246,82.31735,6.989936,214.50853
20240622T1700,16.960245,80.83017,6.12,208.0725
20240622T1800,17.170246,80.75296,4.5536795,161.56505
20240622T1900,15.950245,87.92778,3.563818,135.0
20240622T2000,15.170245,91.25742,5.6002855,135.0
20240622T2100,15.0602455,91.90828,3.7064266,150.94539
20240622T2200,14.700245,90.3327,3.319036,102.52881
20240622T2300,13.850245,95.780174,3.319036,130.60129
20240623T0000,13.670245,97.103355,2.3051248,128.6598
20240623T0100,13.490245,97.09887,1.8,180.0
20240623T0200,13.700245,96.78619,1.484318,165.96376
20240623T0300,13.5602455,95.83304,1.2979984,33.690063
20240623T0400,13.780245,95.02588,1.5273507,44.999985
20240623T0500,14.350245,92.955475,3.0547013,44.999985
20240623T0600,15.330245,89.90784,3.4152596,18.434952
20240623T0700,16.360247,83.76702,5.1544156,12.094757
20240623T0800,17.520245,79.08107,8.089993,20.854446
20240623T0900,18.390245,72.63241,9.028754,23.49855
20240623T1000,18.880245,71.965294,9.3876505,355.60132
20240623T1100,19.560246,69.01127,11.252519,7.352371
20240623T1200,19.890245,69.66382,11.966954,15.708633
20240623T1300,20.260244,69.91686,11.91812,25.016876
20240623T1400,20.780245,67.39252,12.10157,30.37912
20240623T1500,20.890245,67.54627,10.931203,17.241455
20240623T1600,20.770245,70.55947,11.841756,19.536652
20240623T1700,20.790245,69.883125,9.9571085,12.528793
20240623T1800,20.250246,73.72177,8.759178,9.462311
20240623T1900,19.140245,78.34721,6.162207,6.7098236
20240623T2000,17.740246,84.52496,6.12,360.0
20240623T2100,16.660246,89.94916,6.12,360.0
20240623T2200,16.330246,91.92614,7.69592,10.7842865
20240623T2300,16.070246,92.80749,7.5170207,16.69925
20240624T0000,16.040245,92.26661,8.557102,22.249008
20240624T0100,15.410245,93.315994,7.8954163,24.227737
20240624T0200,14.960245,93.65861,7.628263,19.29004
20240624T0300,14.860246,92.92272,7.42159,22.833649
20240624T0400,14.750245,92.97746,7.754637,21.801407
20240624T0500,16.540245,89.128525,6.379216,16.389526
20240624T0600,18.290245,83.77226,6.9899354,11.888657
20240624T0700,20.090246,78.7878,8.557102,14.620865
20240624T0800,21.990246,73.64222,11.269782,26.565033
20240624T0900,23.590246,67.39911,14.264361,42.954575
20240624T1000,24.790245,61.706028,12.181625,18.970398
20240624T1100,25.740246,56.902245,15.277749,34.43898
20240624T1200,26.550245,54.05554,16.199999,36.86989
20240624T1300,26.970245,53.100876,16.08761,40.46222
20240624T1400,27.150246,52.70766,14.904173,37.146683
20240624T1500,27.410246,51.444557,14.512064,29.744873
20240624T1600,27.160246,51.94177,13.237039,22.380127
20240624T1700,26.730246,53.414276,11.177405,14.931412
20240624T1800,25.440245,57.96693,10.661107,11.689362
20240624T1900,23.440245,65.464584,9.346143,15.642242
20240624T2000,21.350245,72.97066,8.311245,17.650116
20240624T2100,19.970245,78.06696,8.654986,16.927505
20240624T2200,18.540245,81.93386,9.693296,21.801407
20240624T2300,17.690245,84.95751,9.693296,21.801407
20240625T0000,17.030245,86.72264,9.339208,27.552795
20240625T0100,16.840246,87.32492,7.9036193,30.068573
20240625T0200,16.130245,89.38559,7.5942082,31.42955
20240625T0300,16.110247,89.9666,7.4128532,29.05458
20240625T0400,15.690246,91.11384,6.489992,33.690063
20240625T0500,17.070246,88.25421,4.0249224,26.565033
20240625T0600,19.530245,78.303566,4.198285,30.963745
20240625T0700,21.580246,71.16617,5.154415,24.775131
20240625T0800,23.160246,65.9517,6.6087217,29.357742
20240625T0900,24.390245,62.68649,7.9036193,30.068573
20240625T1000,25.610245,60.57088,7.5685663,2.7262878
20240625T1100,26.810246,57.159935,10.464798,3.9451752
20240625T1200,27.760244,54.805916,13.1041975,15.945404
20240625T1300,28.310246,54.63067,14.003029,17.969131
20240625T1400,28.800245,53.560238,13.441071,20.37642
20240625T1500,28.420246,55.593277,12.245293,24.304535
20240625T1600,28.320246,54.667522,10.805998,29.981628
20240625T1700,27.330246,58.34017,8.225035,23.198593
20240625T1800,25.400246,64.27351,4.5820518,44.999985
20240625T1900,23.700245,71.77683,4.802999,102.99461
20240625T2000,21.930244,80.40319,1.1384199,108.434944
20240625T2100,20.810246,83.102104,1.5273507,44.999985
20240625T2200,19.790245,83.408,4.6102495,128.6598
20240625T2300,18.570246,86.258514,4.3349743,138.36646
20240626T0000,17.360245,90.93068,5.6920996,161.56505
20240626T0100,17.020245,90.73265,5.771239,176.42366
20240626T0200,16.980246,91.02262,4.73506,171.25385
20240626T0300,16.640245,93.98048,4.379589,170.53767
20240626T0400,16.770245,94.95696,4.0249224,169.69516
20240626T0500,17.490246,93.2994,4.5536795,161.56505
20240626T0600,19.390245,88.67158,4.3349743,175.23636
20240626T0700,21.100245,85.524826,4.379589,189.46233
20240626T0800,22.450245,80.11816,4.198285,210.96376
20240626T0900,23.500246,77.6465,2.8116899,230.19443
20240626T1000,24.090246,77.10542,2.52,180.0
20240626T1100,24.070246,77.535545,1.9386592,158.1986
20240626T1200,23.890245,76.45345,5.1544156,257.90524
20240626T1300,24.360245,73.577576,7.771331,256.6075
20240626T1400,24.180244,72.042465,7.2,233.1301
20240626T1500,24.610245,67.262115,7.42159,202.83365
20240626T1600,24.890245,66.60105,7.729527,207.75854
20240626T1700,24.450245,70.34843,6.9899354,191.88866
20240626T1800,23.370245,72.76642,4.829907,206.56505
20240626T1900,21.790245,81.66003,6.87779,186.009
20240626T2000,20.060246,85.421394,6.87779,173.991
20240626T2100,19.480246,87.228195,6.151683,159.44395
20240626T2200,18.480246,91.7009,6.489992,183.17982
20240626T2300,18.170246,92.68093,7.771331,193.3925
20240627T0000,17.900246,93.37867,6.12,180.0
20240627T0100,17.500246,94.37928,3.319036,167.47119
20240627T0200,17.710245,94.56842,5.4477882,172.40535
20240627T0300,18.020245,93.62249,8.350138,187.43141
20240627T0400,18.130245,93.62748,9.47012,188.74615
20240627T0500,18.820246,91.25648,7.208994,177.13759
20240627T0600,21.180244,85.05029,5.4477882,172.40535
20240627T0700,23.230246,77.99684,6.725354,195.52411
20240627T0800,24.810246,73.83611,7.7043357,217.40535
20240627T0900,26.010244,71.86902,7.127636,225.0
20240627T1000,27.080246,69.52788,6.489992,236.30994
20240627T1100,27.730246,65.16388,8.707237,240.25513
20240627T1200,28.310246,61.139927,9.826088,241.55707
20240627T1300,28.240246,57.969746,9.360001,247.38014
20240627T1400,28.570246,55.874367,8.557102,247.75098
20240627T1500,29.350245,51.744064,8.427383,250.0169
20240627T1600,29.720245,50.01248,9.178235,244.44003
20240627T1700,28.980246,51.584896,6.725354,254.47589
20240627T1800,27.650246,58.049442,4.3498964,245.55606
20240627T1900,24.690245,71.59263,6.1094027,225.0
20240627T2000,23.190245,77.94232,6.9247384,207.89728
20240627T2100,22.470245,81.640656,7.24486,206.56505
20240627T2200,21.150246,83.45607,7.145796,220.91438
20240627T2300,20.530245,88.14893,6.0347,197.35403
20240628T0000,19.760244,92.87856,4.32,180.0
20240628T0100,19.280245,94.86603,3.6179552,174.28941
20240628T0200,19.040245,95.27716,4.802999,167.00539
20240628T0300,19.060246,94.61943,4.0249224,169.69516
20240628T0400,18.870245,95.87461,3.2399998,180.0
20240628T0500,19.690245,93.63734,4.802999,192.99461
20240628T0600,21.510244,88.17268,5.0911684,188.1301
20240628T0700,23.410246,79.34842,5.6920996,198.43495
20240628T0800,25.340246,72.33443,6.696387,216.25385
20240628T0900,26.600245,67.277145,7.6367526,225.0
20240628T1000,27.930244,63.13948,5.692099,214.69516
20240628T1100,29.060246,60.702545,6.12,241.92752
20240628T1200,28.500246,64.40265,5.506941,258.69006
20240628T1300,28.410246,64.782,4.8433046,228.01279
20240628T1400,28.470245,63.48934,2.16,270.0
20240628T1500,28.560246,63.822464,3.319036,282.5288
20240628T1600,28.250246,64.66924,3.319036,310.60132
20240628T1700,28.580246,63.00507,2.5959969,303.69006
20240628T1800,27.120245,68.72502,1.0182338,135.0
20240628T1900,24.790245,81.967804,2.5455842,44.999985
20240628T2000,23.250246,85.04525,5.1919937,56.30993
20240628T2100,22.430244,87.4283,6.439876,63.43495
20240628T2200,21.530245,91.53098,8.161764,41.42366
20240628T2300,21.000246,92.76428,5.8048253,29.744873
20240629T0000,20.450245,94.61,1.9386592,21.801407
20240629T0100,19.710245,94.99987,4.3498964,335.55603
20240629T0200,19.260244,94.92509,1.4399999,89.99999
20240629T0300,18.860245,94.85134,2.2768397,71.56504
20240629T0400,19.050245,93.60934,3.8268526,48.81407
20240629T0500,19.700245,91.42526,3.671294,78.69006
20240629T0600,21.450245,85.98917,3.319036,102.52881
20240629T0700,23.370245,80.488235,4.68,89.99999
20240629T0800,25.480246,75.052155,5.771239,86.42367
20240629T0900,27.250246,70.63736,6.5693827,80.537674
20240629T1000,28.430244,66.93156,8.427383,19.983109
20240629T1100,29.530245,64.181694,6.12,61.927513
20240629T1200,30.060246,63.009678,4.072935,135.0
20240629T1300,29.890245,66.686295,2.5455842,81.869896
20240629T1400,28.280245,71.29649,6.6087217,29.357742
20240629T1500,28.680244,71.669754,9.0,36.86989
20240629T1600,28.190245,73.34907,8.161764,48.576324
20240629T1700,26.240246,75.07855,5.4833565,23.198593
20240629T1800,25.910246,78.32431,5.5887027,14.931412
20240629T1900,24.940245,75.80862,4.73506,8.74614
20240629T2000,21.970245,86.57655,6.12,360.0
20240629T2100,21.970245,85.076645,5.3999996,36.86989
20240629T2200,21.610245,87.30442,12.371645,261.63412
20240629T2300,20.170246,92.84019,13.441071,277.69604
20240630T0000,19.680244,88.75062,2.9024127,299.74487
20240630T0100,19.060246,91.386925,4.6102495,141.34018
20240630T0200,19.170246,89.90063,6.379216,163.61046
20240630T0300,19.270245,86.711494,8.654986,196.92752
20240630T0400,19.080246,87.47046,11.966954,223.78113
20240630T0500,19.410246,88.16843,12.181624,235.8403
20240630T0600,20.060246,84.398186,11.885453,234.86581
20240630T0700,20.900246,80.52279,12.738099,227.29062
20240630T0800,21.330246,78.414375,13.608762,232.52382
20240630T0900,21.460245,77.29717,15.0038395,239.74356
20240630T1000,21.100245,75.73177,14.081477,237.52881
20240630T1100,20.380245,78.778824,14.84318,247.16635
20240630T1200,19.440245,83.74139,16.520823,258.69006
20240630T1300,19.180244,84.03389,15.546833,275.31454
20240630T1400,19.210245,83.28809,14.587776,285.7512
20240630T1500,18.900246,82.666405,11.620809,286.1892
20240630T1600,18.510244,82.67256,8.707238,277.125
20240630T1700,17.870245,84.70306,7.5599995,270.0
20240630T1800,17.470245,85.319405,6.12,270.0
20240630T1900,17.100245,86.00223,4.32,270.0
20240630T2000,16.560246,88.554344,3.396233,237.99463
20240630T2100,16.270247,90.27074,3.8939953,213.69006
20240630T2200,16.110247,92.151245,6.5693827,189.46233
20240630T2300,15.750245,93.39384,5.3517847,199.65382
20240701T0000,15.530245,94.35748,4.379589,189.46233
20240701T0100,15.230246,94.283104,3.4152596,198.43495
20240701T0200,15.130245,92.8164,2.968636,194.03624
20240701T0300,14.970245,92.38429,4.0249224,206.56505
20240701T0400,14.520246,95.1797,4.39436,214.99202
20240701T0500,15.400246,92.28913,3.7064266,209.05461
20240701T0600,16.900246,86.54163,3.7064266,209.05461
20240701T0700,18.240246,81.57917,5.00128,210.25644
20240701T0800,19.480246,75.42134,6.193674,215.53769
20240701T0900,20.720245,67.380226,5.991594,237.26477
20240701T1000,21.500246,62.361572,6.489992,236.30994
20240701T1100,22.400246,59.592747,7.8954163,223.15239
20240701T1200,22.670246,55.96405,8.669949,221.63354
20240701T1300,22.610245,54.143185,9.449572,229.63547
20240701T1400,21.840246,58.418137,11.885453,268.26428
20240701T1500,20.380245,68.54732,14.336861,308.88452
20240701T1600,19.460245,75.51564,13.276144,319.3987
20240701T1700,19.740246,74.255295,8.891343,328.24054
20240701T1800,19.390245,74.43645,7.289445,327.0948
20240701T1900,18.190245,80.419464,3.219938,333.43497
20240701T2000,16.660246,86.46199,1.8,306.8699
20240701T2100,16.130245,87.65788,2.8799999,270.0
20240701T2200,15.700245,88.07784,5.6002855,315.0
20240701T2300,15.410245,88.57228,5.0528407,274.08563
20240702T0000,15.540245,86.63405,5.4833565,246.8014
20240702T0100,15.010245,88.363754,6.489992,236.30994
20240702T0200,14.640245,86.658646,6.12,241.92752
20240702T0300,14.930245,84.31913,6.2145634,259.992
20240702T0400,14.130245,85.69339,5.2416787,254.0546
20240702T0500,14.390245,85.21168,3.396233,237.99463
20240702T0600,15.610246,80.8593,3.4152596,251.56506
20240702T0700,17.200245,73.23299,5.0528407,274.08563
20240702T0800,18.180244,64.15395,6.489992,289.44003
20240702T0900,18.660246,59.9198,7.342588,281.30994
20240702T1000,18.840246,59.92324,8.12197,282.80426
20240702T1100,19.160246,58.107937,9.826088,278.42697
20240702T1200,19.100245,58.248764,9.605998,282.99463
20240702T1300,18.890245,59.935295,9.904906,289.0935
20240702T1400,18.110245,66.086945,8.350138,277.4314
20240702T1500,16.980246,73.97161,5.8048253,262.875
20240702T1600,15.860246,84.53615,5.4833565,246.8014
20240702T1700,15.300245,89.37804,5.6920996,251.56506
20240702T1800,14.990245,90.70969,5.95906,244.98311
20240702T1900,14.690246,92.24694,5.6233797,230.19443
20240702T2000,14.360246,94.614845,5.00128,210.25644
20240702T2100,14.180245,94.669106,4.829907,206.56505
20240702T2200,14.040245,95.22347,5.8603754,227.48956
20240702T2300,14.010245,94.91056,5.904439,217.5686
20240703T0000,13.980246,95.221146,5.8603754,227.48956
20240703T0100,14.070246,95.474556,5.3517847,227.72632
20240703T0200,14.110246,95.663795,5.1165614,219.28941
20240703T0300,14.070246,95.91331,4.8965297,216.02737
20240703T0400,14.020246,96.163246,4.39436,214.99202
20240703T0500,14.270246,96.04548,4.6938257,212.47119
20240703T0600,14.980246,91.66333,4.6102495,218.65982
20240703T0700,15.640245,88.59189,5.6002855,225.0
20240703T0800,16.250246,84.02859,6.4096174,218.15723
20240703T0900,16.920246,78.83841,7.491114,234.78241
20240703T1000,17.520245,78.2081,7.491114,234.78241
20240703T1100,17.630245,77.057755,9.659814,243.43495
20240703T1200,17.610245,78.52857,10.105681,265.91437
20240703T1300,16.320246,87.04982,9.47012,278.74615
20240703T1400,16.210245,89.21789,8.28,270.0
20240703T1500,16.300245,88.01608,7.5685663,267.27368
20240703T1600,16.270247,85.582184,9.007196,272.29062
20240703T1700,16.360247,83.05768,8.28,270.0
20240703T1800,15.870245,84.31583,6.379216,253.61046
20240703T1900,15.420245,86.451866,4.6938257,237.52881
20240703T2000,14.780245,88.4017,4.510787,208.61046
20240703T2100,14.530245,89.31591,5.2416787,195.9454
20240703T2200,14.000245,90.93801,5.4119864,176.18593
20240703T2300,13.770246,91.4034,5.4477882,172.40535
20240704T0000,13.570246,92.17849,5.506941,168.69006
20240704T0100,13.480246,92.53915,5.937272,165.96376
20240704T0200,13.300245,92.467186,7.072878,165.25644
20240704T0300,13.480246,91.807945,8.049845,169.69516
20240704T0400,14.010245,90.04315,7.92,180.0
20240704T0500,14.860246,87.59849,10.137692,196.50436
20240704T0600,16.090246,83.735405,12.10157,210.37914
20240704T0700,17.100245,79.07174,14.77755,214.0772
20240704T0800,17.940245,73.945175,18.837324,225.0
20240704T0900,18.220245,74.139305,21.252197,231.18861
20240704T1000,19.360245,71.63249,15.778516,235.22217
20240704T1100,19.740246,71.238464,20.65848,247.45694
20240704T1200,20.080246,68.71061,19.734436,255.20325
20240704T1300,20.650246,64.44688,18.345877,254.0546
20240704T1400,21.230246,59.080265,18.0036,258.4654
20240704T1500,21.410246,60.297863,15.629971,255.32361
20240704T1600,20.870245,63.28551,16.595179,257.4712
20240704T1700,20.480246,65.899055,13.039754,263.65982
20240704T1800,19.900246,69.07862,10.594036,260.2176
20240704T1900,18.940245,73.06433,7.628263,250.70996
20240704T2000,17.640245,78.94388,5.4833565,246.8014
20240704T2100,16.420246,82.5231,4.8965297,233.97263
20240704T2200,15.250245,89.72554,6.3690495,222.7094
20240704T2300,14.850245,90.5216,7.42159,219.09386
20240705T0000,14.370245,91.20351,6.6087217,209.35776
20240705T0100,13.780245,92.61799,5.4833565,203.1986
20240705T0200,13.160245,94.001305,4.896529,197.10272
20240705T0300,13.080245,94.30878,4.5536795,198.43495
20240705T0400,12.890245,94.299805,4.452954,194.03624
20240705T0500,14.380245,91.62463,5.506941,191.30994
20240705T0600,16.880245,81.88264,5.506941,191.30994
20240705T0700,18.770245,71.2892,6.151683,200.55605
20240705T0800,20.300245,64.11754,6.12,208.0725
20240705T0900,21.350245,58.915367,5.692099,214.69516
20240705T1000,22.340246,52.6302,5.0911684,225.0
20240705T1100,23.020245,51.877464,5.3999996,216.8699
20240705T1200,23.760244,50.456627,4.072935,225.0
20240705T1300,24.410246,49.12546,2.7416782,246.8014
20240705T1400,24.640245,48.387035,1.8,270.0
20240705T1500,24.840246,48.695606,0.71999997,270.0
20240705T1600,24.750246,50.355865,1.1384199,108.434944
20240705T1700,24.320246,54.436905,2.4149535,116.56505
20240705T1800,23.090246,62.477448,2.8799999,89.99999
20240705T1900,20.450245,72.11145,5.8048253,97.125015
20240705T2000,18.550245,78.87086,6.0347,107.35402
20240705T2100,17.250246,84.14272,4.73506,98.74616
20240705T2200,16.360247,85.983086,3.5455887,113.96249
20240705T2300,16.000246,87.93224,4.6102495,141.34018
20240706T0000,15.430245,91.15577,5.3999996,143.1301
20240706T0100,15.050245,93.054436,5.1919937,146.30994
20240706T0200,14.860246,94.26662,5.495161,148.3925
20240706T0300,14.950245,95.444176,5.904439,142.4314
20240706T0400,15.180245,95.88719,6.12,151.9275
20240706T0500,16.860245,92.37306,7.24486,153.43495
20240706T0600,19.380245,84.48627,7.42159,157.16635
20240706T0700,21.880245,75.66325,7.9526596,174.80557
20240706T0800,22.680244,69.13189,10.990322,211.6075
20240706T0900,22.050245,71.66287,10.587918,234.68878
20240706T1000,21.170246,74.1633,14.618837,260.07376
20240706T1100,20.360245,82.472336,12.24,241.92752
20240706T1200,20.100245,88.11376,10.009036,232.30576
20240706T1300,19.720245,89.76914,12.181624,235.8403
20240706T1400,19.560246,89.19174,10.787993,244.29004
20240706T1500,18.760244,89.9286,12.9249525,257.125
20240706T1600,17.680244,91.41886,11.841756,250.46335
20240706T1700,17.280245,93.94857,10.787993,244.29004
20240706T1800,17.030245,92.85861,7.289444,249.77515
20240706T1900,16.470245,94.64078,6.6185193,247.61987
20240706T2000,15.920245,95.91057,6.792466,237.99463
20240706T2100,15.820246,95.35144,6.1305785,229.76364
20240706T2200,15.520246,93.07943,5.00128,239.74356
20240706T2300,15.000245,92.8698,3.8268526,221.18593
20240707T0000,14.450245,94.495026,4.510787,241.38954
20240707T0100,14.230246,94.05291,3.671294,258.69006
20240707T0200,13.930245,94.22418,4.2136917,250.0169
20240707T0300,13.430245,96.01791,2.8116899,219.80557
20240707T0400,13.340245,96.20474,2.9024127,209.74489
20240707T0500,13.480246,95.07623,3.396233,212.00539
20240707T0600,14.390245,93.568924,3.396233,212.00539
20240707T0700,15.480246,87.88562,3.0758414,200.55605
20240707T0800,17.030245,79.37278,2.16,180.0
20240707T0900,18.210245,72.36204,2.0364676,135.0
20240707T1000,18.840246,67.12298,1.609969,116.56505
20240707T1100,19.630245,63.047516,2.5455842,135.0
20240707T1200,20.100245,61.10726,3.6,143.1301
20240707T1300,20.740246,59.000828,4.0249224,153.43495
20240707T1400,21.310246,57.98313,4.0249224,169.69516
20240707T1500,21.490246,57.49525,3.6179552,185.71059
20240707T1600,21.680244,56.715378,3.96,180.0
20240707T1700,21.300245,58.942024,4.68,180.0
20240707T1800,20.380245,63.383057,4.379589,189.46233
20240707T1900,18.300245,69.12279,3.8939953,213.69006
20240707T2000,17.160246,73.95444,5.0528407,184.08562
20240707T2100,16.040245,80.97116,4.6938252,175.60129
20240707T2200,13.630245,91.757034,3.219938,206.56505
20240707T2300,12.330245,96.94012,3.2599385,186.3402
20240708T0000,11.800245,98.02791,3.396233,147.99461
20240708T0100,11.400246,99.00506,2.9024127,119.74488
20240708T0200,11.080245,99.06701,2.5959969,123.69006
20240708T0300,10.8102455,98.66625,1.8,126.869896
20240708T0400,10.740245,98.13733,1.8,126.869896
20240708T0500,12.650246,94.601746,3.563818,135.0
20240708T0600,15.350245,88.16216,2.0991426,120.96376
20240708T0700,18.210245,79.334785,2.1897945,80.537674
20240708T0800,20.390245,71.359245,3.0758414,69.443954
20240708T0900,22.050245,64.37545,4.1046314,74.74488
20240708T1000,23.330246,59.15834,5.00128,59.74356
20240708T1100,24.380245,54.877247,4.68,89.99999
20240708T1200,25.440245,50.17802,3.6179552,95.71059
20240708T1300,26.310246,45.07589,3.319036,102.52881
20240708T1400,27.050245,41.89025,3.319036,102.52881
20240708T1500,27.380245,42.009575,3.4152596,108.434944
20240708T1600,27.410246,42.210876,3.671294,101.30993
20240708T1700,27.130245,44.193253,4.1046314,74.74488
20240708T1800,25.510244,52.899315,3.8268526,41.18593
20240708T1900,22.330246,66.41562,6.618519,44.999985
20240708T2000,19.870245,75.33922,7.24486,63.43495
20240708T2100,18.110245,85.16658,5.2416787,74.054596
20240708T2200,16.980246,90.72991,5.1544156,77.905235
20240708T2300,16.370245,91.69113,3.96,89.99999
20240709T0000,16.100246,91.49631,3.7064266,119.054596
20240709T0100,15.840245,91.836815,4.1046314,127.874985
20240709T0200,15.580245,92.60013,4.1046314,127.874985
20240709T0300,15.3102455,93.85864,4.3349743,131.63353
20240709T0400,15.260245,93.12626,5.1165614,129.2894
20240709T0500,16.790245,89.49495,5.6233797,129.80557
20240709T0600,19.690245,80.8787,4.3349743,131.63353
20240709T0700,22.320246,71.25638,4.1046314,127.874985
20240709T0800,24.700245,66.43665,5.1165614,129.2894
20240709T0900,26.730246,61.51653,6.638072,130.60129
20240709T1000,28.530245,55.133316,5.0142193,111.03751
20240709T1100,29.760244,50.33885,6.379216,106.38954
20240709T1200,30.880245,45.067116,8.534353,117.64597
20240709T1300,31.650246,42.15126,9.726664,128.991
20240709T1400,32.240246,40.836483,10.464797,139.1849
20240709T1500,32.520245,39.283157,10.182337,135.0
20240709T1600,32.380245,40.179955,9.220499,128.6598
20240709T1700,31.690245,43.21737,7.145796,130.91438
20240709T1800,29.440245,53.050224,5.692099,145.30484
20240709T1900,26.120245,67.098785,5.5887027,165.06857
20240709T2000,24.030245,74.40202,5.0142193,158.9625
20240709T2100,23.460245,79.30571,4.379589,170.53767
20240709T2200,23.040245,80.848495,4.68,180.0
20240709T2300,22.740246,80.306755,5.0528407,175.91438
20240710T0000,22.110245,81.29002,5.8603754,190.61966
20240710T0100,21.710245,83.93865,7.42159,219.09386
20240710T0200,21.490246,84.6026,6.3690495,227.29062
20240710T0300,20.840246,88.008194,4.2136917,199.98311
20240710T0400,20.300245,91.11691,3.5455887,203.9625
20240710T0500,20.510244,91.30105,3.319036,220.6013
20240710T0600,21.360245,89.547615,2.16,180.0
20240710T0700,21.430244,84.22527,2.7416782,203.1986
20240710T0800,20.900246,84.80778,4.6102495,231.3402
20240710T0900,21.090246,85.900955,6.9527545,248.7495
20240710T1000,22.420246,86.13379,3.7585104,196.69925
20240710T1100,23.720245,78.01807,2.8116899,219.80557
20240710T1200,25.320246,70.0255,4.6938252,184.39871
20240710T1300,26.250246,65.55129,5.506941,191.30994
20240710T1400,26.750246,62.846245,4.0249224,206.56505
20240710T1500,26.290245,63.34005,5.3517847,222.27368
20240710T1600,25.440245,65.92081,6.28713,246.37064
20240710T1700,24.120245,74.09166,6.151683,249.44395
20240710T1800,23.860245,77.79535,5.1165614,219.28941
20240710T1900,22.660246,83.674835,2.9024127,277.125
20240710T2000,22.500246,82.67136,3.6,306.8699
20240710T2100,22.440245,83.54664,5.692099,304.69516
20240710T2200,21.100245,89.64119,3.219938,63.43495
20240710T2300,20.370245,92.55977,1.2979984,326.30994
20240711T0000,20.150246,93.30577,1.609969,206.56505
20240711T0100,19.980246,94.29759,3.0547013,225.0
20240711T0200,19.720245,95.059784,4.5536795,251.56506
20240711T0300,19.530245,95.41232,0.8049845,206.56505
20240711T0400,19.460245,95.05126,1.0182338,135.0
20240711T0500,19.750246,95.29942,1.484318,194.03624
20240711T0600,20.590246,91.821434,2.6208394,254.0546
20240711T0700,21.580246,86.433044,1.8,233.1301
20240711T0800,22.930244,79.2835,1.9386592,201.8014
20240711T0900,24.210245,70.65877,1.9386592,158.1986
20240711T1000,25.070246,73.51253,3.096837,125.537674
20240711T1100,26.020245,64.60707,0.5091169,315.0
20240711T1200,26.950245,57.51983,3.563818,44.999985
20240711T1300,27.580246,53.594048,3.8268526,41.18593
20240711T1400,27.990246,52.220036,4.32,360.0
20240711T1500,27.720245,53.83346,6.28713,13.240509
20240711T1600,27.360245,57.291336,3.6179552,5.7105865
20240711T1700,27.060246,58.682217,2.0991426,329.03625
20240711T1800,26.020245,62.647903,2.2768397,341.56506
20240711T1900,24.100245,70.86119,1.835647,11.309921
20240711T2000,22.120245,81.4956,0.35999998,270.0
20240711T2100,20.900246,87.51742,0.71999997,180.0
20240711T2200,20.610245,89.55041,3.8268526,131.18591
20240711T2300,20.120245,92.43111,4.73506,98.74616
20240712T0000,20.240246,92.61123,4.198285,149.03624
20240712T0100,20.030245,93.82816,6.638072,167.47119
20240712T0200,19.910246,94.11777,7.628263,160.70996
20240712T0300,19.710245,94.10988,6.439876,153.43495
20240712T0400,19.620245,93.92906,6.6087217,150.64224
20240712T0500,19.960245,91.959496,6.489992,160.55997
20240712T0600,20.680244,88.71654,6.924738,171.02737
20240712T0700,21.770245,83.94513,6.12,180.0
20240712T0800,22.920246,77.95234,10.233123,230.7106
20240712T0900,23.520245,73.159805,12.43434,247.89056
20240712T1000,23.820246,71.57255,11.440979,245.85446
20240712T1100,23.840246,68.13652,13.089354,238.49574
20240712T1200,23.220245,68.57906,12.682018,235.40771
20240712T1300,23.240246,70.25722,12.181625,251.0296
20240712T1400,21.980246,74.67743,10.829959,254.57785
20240712T1500,20.930244,80.06828,10.594036,260.2176
20240712T1600,20.960245,81.9196,10.1376915,263.8845
20240712T1700,20.380245,83.74,8.209263,254.74487
20240712T1800,19.930244,84.81411,8.217153,241.18921
20240712T1900,19.040245,87.52268,11.298495,247.52057
20240712T2000,18.510244,87.140816,10.966713,246.8014
20240712T2100,17.710245,87.404305,8.217153,241.18921
20240712T2200,17.120245,89.69355,5.315336,241.69925
20240712T2300,16.740246,90.246155,4.072935,225.0
20240713T0000,16.530245,90.05605,4.8965297,216.02737
20240713T0100,16.300245,90.56587,6.1094027,225.0
20240713T0200,15.970245,91.25088,5.991594,237.26477
20240713T0300,15.470245,92.35332,5.0142193,248.9625
20240713T0400,15.3102455,92.58487,4.2136917,250.0169
20240713T0500,15.480246,92.474106,6.489992,250.55997
20240713T0600,16.490246,88.31893,5.634891,243.43495
20240713T0700,17.640245,80.08348,5.495161,238.3925
20240713T0800,18.640245,72.34579,5.315336,241.69925
20240713T0900,19.560246,66.61459,4.2136917,250.0169
20240713T1000,20.310246,63.408947,4.829907,243.43495
20240713T1100,21.220245,58.767914,6.5693827,260.5377
20240713T1200,21.760244,56.140823,6.162207,276.70984
20240713T1300,22.280245,54.094048,5.2416787,285.9454
20240713T1400,22.580246,52.762527,4.802999,282.99463
20240713T1500,23.060246,50.603367,4.896529,287.10272
20240713T1600,22.950245,50.107708,5.692099,304.69516
20240713T1700,22.310246,51.861694,4.8965297,323.97263
20240713T1800,21.520245,55.344475,3.319036,347.4712
20240713T1900,19.410246,58.59844,5.0911684,8.130096
20240713T2000,17.860245,69.309074,6.5693827,9.462311
20240713T2100,16.320246,79.06147,6.2145634,10.00798
20240713T2200,15.150246,84.79047,1.835647,348.69006
20240713T2300,14.510245,87.45032,1.08,270.0
20240714T0000,14.350245,89.36008,0.8049845,206.56505
20240714T0100,13.370245,92.71634,1.8,216.8699
20240714T0200,13.370245,92.83902,2.4149535,206.56505
20240714T0300,13.150246,92.82631,2.6208394,195.9454
20240714T0400,12.050245,94.763535,2.968636,165.96376
20240714T0500,13.430245,92.23077,3.8268526,138.81407
20240714T0600,15.920245,84.542885,3.396233,147.99461
20240714T0700,18.490246,75.897835,3.0758414,159.44395
20240714T0800,20.590246,68.81191,2.52,180.0
20240714T0900,22.190245,62.88314,2.1897945,170.53767
20240714T1000,23.440245,53.29934,4.452954,165.96376
20240714T1100,24.520245,48.833458,5.8048253,187.12502
20240714T1200,25.240246,45.405506,5.0142193,201.0375
20240714T1300,24.920246,44.840515,3.8939953,213.69006
20240714T1400,24.810246,47.581985,2.7416782,246.8014
20240714T1500,24.550245,50.83168,2.0991426,300.96378
20240714T1600,23.910246,59.98637,2.52,360.0
20240714T1700,22.790245,68.6699,2.9024127,29.744873
20240714T1800,21.970245,74.01445,2.0364676,44.999985
20240714T1900,20.900246,72.28545,3.096837,54.46232
20240714T2000,19.580246,77.508865,2.5455842,81.869896
20240714T2100,18.520245,82.94033,2.1897945,99.46232
20240714T2200,16.540245,91.58325,2.1897945,80.537674
20240714T2300,16.160246,93.71647,0.71999997,360.0
20240715T0000,15.170245,95.080696,1.484318,75.96376
20240715T0100,14.840245,95.8138,2.1897945,99.46232
20240715T0200,14.780245,95.562515,2.52,89.99999
20240715T0300,14.5602455,96.054726,2.52,89.99999
20240715T0400,14.500245,96.11552,2.5455842,98.1301
20240715T0500,15.740245,93.635796,3.219938,116.56505
20240715T0600,17.610245,86.27574,3.319036,102.52881
20240715T0700,20.160246,79.252556,3.2599385,96.34019
20240715T0800,22.720245,70.96763,4.1046314,105.25512
20240715T0900,24.810246,65.41835,5.0142193,111.03751
20240715T1000,26.540245,60.858532,4.379589,99.46232
20240715T1100,27.850245,57.19182,5.634891,116.56505
20240715T1200,29.080246,54.001278,7.42159,140.90614
20240715T1300,29.650246,51.625183,7.10031,149.53445
20240715T1400,29.500246,52.27235,5.6233797,140.19443
20240715T1500,28.770245,54.537865,4.8433046,131.98721
20240715T1600,27.530245,58.90246,4.5536795,108.434944
20240715T1700,26.840246,65.264496,0.71999997,180.0
20240715T1800,24.910246,79.30323,14.512064,246.61478
20240715T1900,21.670246,86.983055,10.630672,241.69925
20240715T2000,20.030245,97.353325,5.95906,154.98311
20240715T2100,19.700245,96.983696,6.9899354,168.11134
20240715T2200,19.420246,94.75165,9.007196,177.7094
20240715T2300,19.760244,94.11185,8.707238,187.12502
20240716T0000,19.950245,93.296745,6.849467,183.01279
20240716T0100,19.570246,93.98604,8.12197,192.80426
20240716T0200,19.230246,93.91288,6.28713,203.62938
20240716T0300,18.810246,93.717186,5.315336,208.30077
20240716T0400,18.310246,93.51673,5.4833565,203.1986
20240716T0500,18.610245,92.35145,4.829907,206.56505
20240716T0600,19.220245,90.47563,4.3349743,228.36647
20240716T0700,19.780245,86.15548,6.6185193,247.61987
20240716T0800,20.270245,82.09547,9.0,253.7398
20240716T0900,20.870245,77.504295,10.041354,255.46555
20240716T1000,21.690245,71.59761,8.12197,257.19574
20240716T1100,22.720245,65.69115,10.853866,264.28943
20240716T1200,23.500246,59.92924,11.885453,268.26428
20240716T1300,23.820246,57.27991,12.620554,273.2705
20240716T1400,24.090246,54.626583,12.964998,268.40887
20240716T1500,23.920246,52.729992,12.261158,266.63354
20240716T1600,23.910246,51.906345,12.245294,268.3153
20240716T1700,23.480246,52.719387,10.086427,267.9546
20240716T1800,22.700245,57.079906,6.9899354,258.11133
20240716T1900,20.640245,67.62687,6.696387,233.74615
20240716T2000,18.630245,75.62489,7.9036193,210.06859
20240716T2100,17.680244,78.590195,6.9527545,201.2505
20240716T2200,16.780245,83.27127,5.1165614,219.28941
20240716T2300,15.940246,84.822525,3.5455887,203.9625
20240717T0000,15.740245,84.52264,2.1897945,189.46233
20240717T0100,15.510245,85.78297,1.835647,191.30994
20240717T0200,15.600245,85.3993,1.08,180.0
20240717T0300,15.660245,84.95865,1.484318,165.96376
20240717T0400,15.750245,84.24683,1.484318,165.96376
20240717T0500,15.160245,90.54397,0.8049845,206.56505
20240717T0600,17.480246,82.654175,1.1384199,288.43497
20240717T0700,20.050245,72.835464,1.8,306.8699
20240717T0800,21.890245,63.224873,2.0991426,329.03625
20240717T0900,23.030245,59.240494,2.968636,345.96375
20240717T1000,23.780245,54.3,4.896529,17.102722
20240717T1100,24.400246,52.61375,5.0911684,8.130096
20240717T1200,24.850245,50.218197,5.0528407,4.085617
20240717T1300,25.410246,48.8803,4.6800003,22.619858
20240717T1400,25.520245,47.060875,5.315336,28.30075
20240717T1500,25.700245,46.986664,5.815978,21.801407
20240717T1600,25.590246,48.737553,6.638072,12.528809
20240717T1700,25.010244,51.45218,7.5942073,5.440323
20240717T1800,23.610245,57.22868,7.5685663,2.7262878
20240717T1900,21.220245,66.355995,6.28713,13.240509
20240717T2000,19.270245,75.143166,6.6185193,22.380127
20240717T2100,18.050245,81.50198,7.5942082,31.42955
20240717T2200,16.730246,86.412735,7.42159,39.09384
20240717T2300,16.150246,88.519745,5.8603754,47.489548
20240718T0000,15.600245,89.86968,5.95906,64.98311
20240718T0100,15.120245,91.31372,5.815978,68.19859
20240718T0200,14.440246,92.96044,5.0142193,68.96249
20240718T0300,14.120245,93.616615,4.829907,63.43495
20240718T0400,14.260245,93.623695,4.198285,59.036232
20240718T0500,15.410245,92.65078,3.319036,40.601288
20240718T0600,17.970245,84.49566,3.8268526,41.18593
20240718T0700,20.400246,74.94281,4.6102495,38.659805
20240718T0800,22.450245,68.16591,4.8433046,41.987198
20240718T0900,24.070246,63.90729,5.1165614,50.7106
20240718T1000,25.470245,60.30868,6.28713,23.629364
20240718T1100,26.700245,55.736702,8.707237,29.744873
20240718T1200,27.810246,51.843475,8.39657,30.963745
20240718T1300,28.510244,50.04766,7.24486,26.565033
20240718T1400,28.800245,49.80582,6.763786,25.201126
20240718T1500,28.840246,49.784603,6.28713,23.629364
20240718T1600,28.570246,51.350025,5.8603754,10.619659
20240718T1700,27.650246,54.882847,7.2805495,351.46924
20240718T1800,26.140245,59.55097,6.28713,346.7595
20240718T1900,23.070246,73.73144,6.12,360.0
20240718T2000,20.730246,83.198105,8.64,360.0
20240718T2100,19.580246,85.917534,7.342588,11.309921
20240718T2200,20.050245,81.65128,7.42159,14.03624
20240718T2300,18.820246,85.240555,5.3999996,36.86989
20240719T0000,18.300245,86.84287,3.0547013,44.999985
20240719T0100,17.370245,89.36663,2.0364676,44.999985
20240719T0200,16.650246,91.23613,3.219938,63.43495
20240719T0300,16.130245,91.61686,2.9024127,82.874985
20240719T0400,16.300245,90.33142,2.2768397,108.434944
20240719T0500,17.480246,91.289246,2.2768397,108.434944
20240719T0600,20.060246,83.121086,2.0991426,120.96376
20240719T0700,22.540245,74.769066,1.8,89.99999
20240719T0800,24.540245,68.4025,2.1897945,80.537674
20240719T0900,26.310246,64.304535,1.835647,78.69006
20240719T1000,27.760244,60.903545,1.5273507,135.0
20240719T1100,28.710245,56.50608,1.2979984,213.69006
20240719T1200,29.730246,50.015053,1.4399999,180.0
20240719T1300,30.420246,45.37399,2.0991426,239.03624
20240719T1400,30.720245,43.505688,3.671294,281.30994
20240719T1500,30.920246,43.33875,5.692099,304.69516
20240719T1600,30.990246,42.591854,6.638072,319.3987
20240719T1700,30.090246,46.421814,5.315336,331.69925
20240719T1800,28.310246,52.60011,3.671294,348.69006
20240719T1900,25.650246,64.205215,5.771239,356.42368
20240719T2000,23.430244,73.838196,7.5942073,5.440323
20240719T2100,22.050245,78.418015,5.154415,24.775131
20240719T2200,21.770245,75.50178,3.4152596,71.56504
20240719T2300,19.640245,84.24556,2.7416782,113.19859
20240720T0000,18.870245,88.404655,2.5455842,171.8699
20240720T0100,18.250246,90.75683,3.0758414,200.55605
20240720T0200,17.640245,92.71229,3.2599385,186.3402
20240720T0300,17.280245,93.82839,3.0758414,159.44395
20240720T0400,17.300245,92.872696,3.396233,147.99461
20240720T0500,18.680244,89.01117,2.9024127,150.25511
20240720T0600,21.010244,82.02938,3.319036,130.60129
20240720T0700,23.520245,73.76043,3.396233,147.99461
20240720T0800,26.060246,67.717514,3.319036,167.47119
20240720T0900,27.860245,61.15412,3.6179552,174.28941
20240720T1000,29.160246,56.4021,1.609969,206.56505
20240720T1100,29.820246,51.21624,1.4399999,180.0
20240720T1200,30.620245,46.47439,3.2599385,173.6598
20240720T1300,30.920246,42.24822,3.2399998,180.0
20240720T1400,31.170246,40.440292,2.7416782,203.1986
20240720T1500,30.830246,40.868034,2.0991426,210.96376
20240720T1600,30.620245,42.1125,2.7416782,66.8014
20240720T1700,30.510244,43.698807,5.506941,78.69006
20240720T1800,28.400246,57.934788,4.3349743,85.23635
20240720T1900,25.180244,67.544846,6.2145634,79.99202
20240720T2000,23.010244,75.55549,6.87779,96.009
20240720T2100,22.180244,78.09116,5.0911684,98.1301
20240720T2200,21.340246,83.793045,2.9024127,97.125015
20240720T2300,20.930244,86.318794,3.0547013,135.0
20240721T0000,20.190245,87.73289,4.379589,189.46233
20240721T0100,20.080246,87.44689,4.3349743,184.76364
20240721T0200,20.190245,86.74129,3.6,180.0
20240721T0300,20.080246,87.6128,7.42159,247.16635
20240721T0400,20.140245,85.267235,5.495161,238.3925
20240721T0500,20.130245,83.871735,6.638072,220.6013
20240721T0600,20.330246,85.610725,5.8603754,190.61966
20240721T0700,21.300245,84.63601,6.87779,186.009
20240721T0800,22.710245,82.2839,6.162207,186.70984
20240721T0900,24.670246,73.17151,3.6179552,185.71059
20240721T1000,25.520245,68.42019,7.491114,234.78241
20240721T1100,26.170246,63.833054,9.339208,242.44719
20240721T1200,26.460245,61.45637,8.669949,265.23636
20240721T1300,26.500246,59.14648,8.905908,284.03625
20240721T1400,25.980246,60.234455,7.9932966,305.83765
20240721T1500,25.110245,61.777782,8.287822,304.38034
20240721T1600,24.500246,65.93559,8.287822,272.48956
20240721T1700,24.500246,66.73249,7.289445,237.09476
20240721T1800,24.060246,69.48361,4.39436,235.00798
20240721T1900,22.650246,75.83262,5.1165614,230.7106
20240721T2000,21.070246,82.76537,6.489992,213.69006
20240721T2100,20.390245,86.431625,6.638072,220.6013
20240721T2200,19.370245,90.829666,8.287822,235.61966
20240721T2300,19.370245,90.71485,5.6233797,230.19443
20240722T0000,19.370245,90.94459,6.618519,225.0
20240722T0100,19.300245,91.285904,5.6233797,230.19443
20240722T0200,19.140245,91.913704,5.692099,235.30484
20240722T0300,19.170246,91.39358,5.1165614,230.7106
20240722T0400,19.270245,91.05341,4.1046314,232.12502
20240722T0500,19.360245,91.00148,3.8939953,236.30994
20240722T0600,19.670246,91.65423,5.0142193,248.9625
20240722T0700,20.540245,89.65786,7.2359104,275.7106
20240722T0800,21.570246,84.24016,7.968939,288.43497
20240722T0900,22.270245,78.399895,7.5685663,295.3462
20240722T1000,23.280245,68.19945,4.0249224,280.30487
20240722T1100,24.120245,62.626717,5.6920996,251.56506
20240722T1200,24.730246,58.39332,8.825508,258.23172
20240722T1300,25.170246,57.97654,9.746631,265.7636
20240722T1400,25.510244,56.37547,9.3669195,272.2026
20240722T1500,25.640245,56.335094,9.422101,276.58194
20240722T1600,25.700245,55.668716,9.178235,281.30994
20240722T1700,25.090246,56.780777,8.4042845,279.8658
20240722T1800,24.030245,60.71186,7.342588,281.30994
20240722T1900,21.780245,67.07549,6.5693827,279.46234
20240722T2000,19.540245,75.62634,5.4477882,277.59464
20240722T2100,18.340246,80.70036,4.802999,257.00537
20240722T2200,17.570246,83.79812,4.6938252,274.3987
20240722T2300,17.180244,85.178406,4.6938257,302.4712
20240723T0000,16.690245,86.577354,3.671294,281.30994
20240723T0100,16.260246,87.27116,3.6,233.1301
20240723T0200,15.880245,87.29254,4.1046314,217.87498
20240723T0300,15.240245,88.44176,4.510787,208.61046
20240723T0400,15.120245,89.18817,4.6800003,202.61987
20240723T0500,16.020247,87.419586,3.5455887,203.9625
20240723T0600,17.940245,80.75146,4.6800003,202.61987
20240723T0700,19.690245,75.163994,5.1165614,219.28941
20240723T0800,21.340246,69.5395,6.9153743,231.3402
20240723T0900,22.490246,64.80372,8.287822,235.61966
20240723T1000,23.360245,60.051353,6.489992,236.30994
20240723T1100,24.330246,58.86281,10.30883,245.22485
20240723T1200,24.980246,57.893986,9.346143,254.35776
20240723T1300,25.420246,58.147476,11.013882,258.69006
20240723T1400,25.130245,60.653816,11.885453,268.26428
20240723T1500,25.110245,61.81703,11.570515,275.35583
20240723T1600,24.280245,66.772415,10.538843,277.85333
20240723T1700,23.530245,70.48924,8.311245,265.03027
20240723T1800,22.790245,71.887115,8.905908,255.96376
20240723T1900,21.760244,75.06964,8.049845,259.69516
20240723T2000,21.130245,77.444466,7.5599995,270.0
20240723T2100,20.450245,79.749306,7.342588,281.30994
20240723T2200,19.900246,81.06123,6.696387,306.25385
20240723T2300,19.480246,82.05087,7.653705,318.8141
20240724T0000,19.030245,84.01722,6.193674,324.46234
20240724T0100,18.460245,86.52463,5.3999996,306.8699
20240724T0200,17.980246,88.04817,4.0249224,280.30487
20240724T0300,17.660246,88.81655,4.39436,304.99203
20240724T0400,17.090246,89.864914,4.6938257,327.5288
20240724T0500,17.180244,90.10335,3.4152596,341.56506
20240724T0600,18.120245,84.29455,3.9763298,354.8056
20240724T0700,19.470245,72.21416,5.4119864,356.18594
20240724T0800,20.420246,67.89035,6.130579,356.63354
20240724T0900,21.020245,63.81677,6.2145634,349.992
20240724T1000,21.680244,63.796436,6.849467,3.0127716
20240724T1100,22.350245,60.83371,7.2,360.0
20240724T1200,22.890245,58.026497,7.9526596,354.8056
20240724T1300,23.440245,54.497456,7.9526596,354.8056
20240724T1400,23.870245,53.097214,8.287822,357.51044
20240724T1500,23.900246,51.497414,8.647496,357.61407
20240724T1600,23.740246,52.855915,7.92,360.0
20240724T1700,23.200245,55.26091,7.5942073,5.440323
20240724T1800,21.890245,60.56853,7.5599995,360.0
20240724T1900,19.980246,68.20001,6.162207,353.29016
20240724T2000,18.290245,77.61382,5.4477882,352.40536
20240724T2100,17.650246,79.2547,4.6938252,355.60132
20240724T2200,15.980246,89.14145,5.937272,14.03624
20240724T2300,15.670245,90.34467,5.692099,34.69516
20240725T0000,15.340245,92.52631,5.00128,30.256424
20240725T0100,15.480246,92.53427,3.563818,44.999985
20240725T0200,15.280245,91.981834,3.96,360.0
20240725T0300,14.400246,94.616554,6.162207,353.29016
20240725T0400,14.5602455,93.57752,5.937272,14.03624
20240725T0500,14.380245,93.99841,4.6800003,22.619858
20240725T0600,16.800245,85.3041,4.198285,30.963745
20240725T0700,19.000246,74.806305,4.1046314,37.87497
20240725T0800,20.810246,69.212685,3.8773184,21.801407
20240725T0900,22.440245,64.211105,4.6938257,32.47119
20240725T1000,23.790245,59.65034,5.3999996,36.86989
20240725T1100,24.850245,55.386787,4.3349743,48.366455
20240725T1200,25.990246,50.74775,2.5959969,33.690063
20240725T1300,26.610245,48.25425,2.2768397,18.434952
20240725T1400,26.900246,45.979286,1.835647,11.309921
20240725T1500,27.040245,44.63176,3.2399998,360.0
20240725T1600,26.880245,46.273567,4.68,360.0
20240725T1700,26.280245,51.020523,5.4119864,356.18594
20240725T1800,24.270245,58.171112,3.8773184,338.1986
20240725T1900,20.760244,75.19449,5.0911684,351.8699
20240725T2000,18.690245,83.28107,6.9899354,11.888657
20240725T2100,18.170246,84.13729,6.638072,40.601288
20240725T2200,16.820246,89.55511,2.5455842,44.999985
20240725T2300,16.220245,90.67776,1.609969,63.43495
20240726T0000,15.850245,90.18155,1.08,180.0
20240726T0100,15.380245,91.80831,2.1897945,189.46233
20240726T0200,15.710245,90.64214,3.2599385,186.3402
20240726T0300,15.840245,90.41578,3.6179552,185.71059
20240726T0400,15.250245,92.40066,3.9763298,185.19443
20240726T0500,16.010246,91.96638,2.52,180.0
20240726T0600,18.110245,86.1583,1.9386592,201.8014
20240726T0700,20.900246,76.03919,2.0991426,210.96376
20240726T0800,23.380245,65.87118,2.8116899,230.19443
20240726T0900,25.080246,58.364414,2.5455842,278.1301
20240726T1000,26.390245,52.043903,1.4399999,270.0
20240726T1100,27.220245,49.265594,0.35999998,270.0
20240726T1200,27.700245,46.675575,1.2979984,326.30994
20240726T1300,28.350245,44.6134,2.4149535,333.43497
20240726T1400,28.500246,43.20672,3.2399998,360.0
20240726T1500,28.700245,42.100937,3.8939953,33.690063
20240726T1600,28.250246,43.814297,4.1046314,37.87497
20240726T1700,27.370245,49.846012,4.2136917,19.983109
20240726T1800,25.630245,61.347954,3.6179552,5.7105865
20240726T1900,23.170246,66.41887,6.830519,18.434952
20240726T2000,21.660246,71.68382,7.6367526,44.999985
20240726T2100,20.710245,76.88889,7.42159,50.906143
20240726T2200,19.380245,84.81022,6.1305785,40.236343
20240726T2300,18.950245,87.12511,5.154415,24.775131
20240727T0000,18.640245,87.99177,3.6179552,354.28943
20240727T0100,18.220245,90.69695,2.6208394,15.945404
20240727T0200,17.590246,93.24463,2.5455842,44.999985
20240727T0300,17.380245,94.31408,0.5091169,135.0
20240727T0400,17.360245,95.16076,3.319036,167.47119
20240727T0500,18.160246,92.32695,1.2979984,123.69006
20240727T0600,19.620245,86.688835,1.835647,101.30993
20240727T0700,22.220245,77.215195,2.0991426,120.96376
20240727T0800,24.670246,66.72474,2.2768397,71.56504
20240727T0900,26.550245,59.57042,3.5455887,66.037506
20240727T1000,27.640245,56.962242,2.9024127,82.874985
20240727T1100,28.620245,53.989223,4.0249224,296.56506
20240727T1200,28.710245,53.605274,6.28713,293.6294
20240727T1300,28.200245,55.19144,8.766573,289.17902
20240727T1400,27.310246,58.042465,6.638072,310.60132
20240727T1500,25.250246,70.45102,4.510787,331.38956
20240727T1600,24.890245,71.85198,4.198285,329.03625
20240727T1700,24.450245,73.776596,2.0991426,30.963745
20240727T1800,23.830246,77.645775,0.8049845,26.565033
20240727T1900,22.470245,85.92451,1.609969,296.56506
20240727T2000,21.970245,86.79271,3.319036,282.5288
20240727T2100,21.480246,89.22173,5.7599998,270.0
20240727T2200,21.060246,91.33334,5.154415,294.77515
20240727T2300,20.910246,91.78177,5.692099,304.69516
20240728T0000,20.790245,91.54607,8.714677,321.70984
20240728T0100,20.230246,93.66044,9.360001,337.38013
20240728T0200,19.830246,93.937645,8.209263,344.74487
20240728T0300,19.270245,93.67808,6.439876,333.43497
20240728T0400,18.800245,92.71352,6.489992,340.55997
20240728T0500,18.270245,92.39174,7.771331,346.6075
20240728T0600,18.070246,91.035164,7.2359104,354.28943
20240728T0700,18.230246,88.06949,8.350138,7.431381
20240728T0800,18.860245,84.646576,9.6932955,15.068481
20240728T0900,19.920246,77.46065,11.165805,20.772247
20240728T1000,20.890245,73.03054,10.685391,32.619232
20240728T1100,21.990246,67.20484,10.587918,35.311203
20240728T1200,23.110245,63.494465,9.726664,38.990982
20240728T1300,24.080246,60.801266,9.422101,43.451828
20240728T1400,24.560246,59.258183,8.669949,41.63353
20240728T1500,24.900246,58.24693,7.9932966,35.837646
20240728T1600,24.850245,57.640507,8.049845,26.565033
20240728T1700,24.060246,58.723083,8.654986,16.927505
20240728T1800,22.520245,61.467876,7.9526596,5.194412
20240728T1900,20.160246,68.280754,6.519877,6.340164
20240728T2000,18.440245,75.79093,7.072878,14.743561
20240728T2100,17.450245,81.37121,7.42159,22.833649
20240728T2200,16.610245,87.929146,5.3517847,42.27368
20240728T2300,16.220245,88.41064,5.3517847,47.726303
20240729T0000,15.760245,89.00752,5.1919937,56.30993
20240729T0100,15.280245,90.08051,5.1165614,50.7106
20240729T0200,14.860246,91.23666,4.8433046,48.01277
20240729T0300,14.440246,92.47416,4.6938257,57.5288
20240729T0400,13.980246,93.60949,4.3498964,65.55604
20240729T0500,15.250245,91.02476,4.379589,80.537674
20240729T0600,17.790245,80.10424,5.0911684,81.869896
20240729T0700,20.050245,71.01944,5.506941,78.69006
20240729T0800,21.970245,64.274864,6.151683,69.443954
20240729T0900,23.640245,61.525063,7.0911775,66.037506
20240729T1000,25.200245,60.131683,6.8777895,47.121094
20240729T1100,26.490246,59.032116,7.7043357,52.594643
20240729T1200,27.640245,56.818954,7.5942082,58.570435
20240729T1300,28.570246,54.66021,6.989936,55.491463
20240729T1400,29.170246,52.353577,7.145796,49.085617
20240729T1500,29.490246,51.03564,6.8777895,47.121094
20240729T1600,29.440245,50.47897,6.3690495,42.70938
20240729T1700,28.720245,51.420933,5.991594,32.735214
20240729T1800,27.090246,57.698627,4.2136917,19.983109
20240729T1900,24.940245,64.992294,6.6087217,29.357742
20240729T2000,22.890245,74.30858,5.8048253,60.25511
20240729T2100,20.350245,84.96537,4.1046314,74.74488
20240729T2200,19.460245,88.28447,5.4119864,93.81408
20240729T2300,18.820246,89.41952,4.896529,107.10272
20240730T0000,18.510244,88.65769,5.4833565,113.19859
20240730T0100,18.390245,86.9626,6.151683,110.556046
20240730T0200,18.010244,87.09505,5.4477882,97.59464
20240730T0300,17.400246,88.16856,5.2416787,105.9454
20240730T0400,16.900246,88.58277,5.3999996,126.869896
20240730T0500,17.520245,87.72563,5.3517847,132.27368
20240730T0600,19.640245,81.079475,5.1165614,129.2894
20240730T0700,22.360245,71.17296,4.39436,124.99202
20240730T0800,24.630245,65.29815,4.8433046,131.98721
20240730T0900,26.700245,61.39408,5.6002855,135.0
20240730T1000,28.470245,59.22994,3.0547013,135.0
20240730T1100,30.080246,55.75053,2.0364676,135.0
20240730T1200,31.620245,50.97108,1.1384199,108.434944
20240730T1300,32.84025,46.534683,0.8049845,63.43495
20240730T1400,33.710247,42.62676,2.0364676,44.999985
20240730T1500,34.11025,41.033504,3.096837,35.53766
20240730T1600,33.660248,42.82696,4.2136917,19.983109
20240730T1700,32.130245,49.943104,3.9763298,5.194412
20240730T1800,29.200245,61.56365,2.1897945,350.5377
20240730T1900,25.400246,75.41165,6.28713,13.240509
20240730T2000,23.710245,80.03291,7.145796,40.914368
20240730T2100,21.710245,87.09527,5.0142193,68.96249
20240730T2200,21.200245,89.76023,5.3517847,70.346176
20240730T2300,21.140245,87.09995,4.510787,61.38954
20240731T0000,20.600245,88.265526,4.8433046,48.01277
20240731T0100,19.750246,90.68217,3.219938,63.43495
20240731T0200,19.380245,91.40617,2.2768397,71.56504
20240731T0300,19.290245,91.28528,3.8773184,68.19859
20240731T0400,18.960245,91.4968,4.0249224,79.695145
20240731T0500,19.720245,89.48605,3.5455887,113.96249
20240731T0600,22.030245,81.843346,4.8433046,131.98721
20240731T0700,24.790245,71.52088,3.396233,122.00538
20240731T0800,27.220245,64.535576,2.1897945,80.537674
20240731T0900,28.970245,58.83082,1.484318,75.96376
20240731T1000,29.850245,60.170483,3.96,360.0
20240731T1100,30.480246,56.296673,6.849467,356.98724
20240731T1200,31.200245,55.162323,2.52,360.0
20240731T1300,30.630245,57.630943,2.5959969,236.30994
20240731T1400,30.240246,58.57791,5.6002855,225.0
20240731T1500,29.460245,62.49771,5.904439,217.5686
20240731T1600,28.470245,63.528545,2.5959969,303.69006
20240731T1700,27.040245,65.3056,3.6,360.0
20240731T1800,24.880245,75.799385,1.1384199,108.434944
20240731T1900,24.380245,68.673744,3.319036,130.60129
20240731T2000,22.630245,78.35239,4.198285,120.96376
20240731T2100,21.690245,81.647766,2.3051248,128.6598
20240731T2200,21.080246,83.34303,5.0911684,81.869896
20240731T2300,20.580246,85.905945,5.8048253,150.25511
20240801T0000,19.960245,88.15792,7.0911775,156.0375
20240801T0100,19.460245,89.46699,5.1919937,146.30994
20240801T0200,19.320246,89.96821,5.6002855,135.0
20240801T0300,19.240246,90.82132,6.297428,149.03624
20240801T0400,19.380245,90.83031,5.0142193,158.9625
20240801T0500,19.860245,90.40396,5.4833565,156.8014
20240801T0600,20.470245,88.75607,4.73506,188.74615
20240801T0700,21.890245,85.70897,3.7585104,196.69925
20240801T0800,22.870245,85.64278,5.937272,194.03624
20240801T0900,23.820246,81.14703,9.9571085,192.52881
20240801T1000,24.750246,77.441444,9.346143,164.35776
20240801T1100,25.720245,74.076675,8.707238,187.12502
20240801T1200,26.540245,73.03239,9.114471,279.09027
20240801T1300,26.890245,76.850235,4.896529,252.89728
20240801T1400,26.350245,81.20431,4.198285,210.96376
20240801T1500,26.610245,76.481674,6.9527545,201.2505
20240801T1600,26.170246,73.87591,6.4096174,231.84277
20240801T1700,25.690245,74.807556,5.7599998,270.0
20240801T1800,24.470245,79.785324,4.6800003,157.38013
20240801T1900,22.520245,83.29521,5.4833565,203.1986
20240801T2000,21.460245,86.80151,10.464797,229.18492
20240801T2100,20.950245,86.53794,8.913181,226.63658
20240801T2200,20.430244,86.9275,6.763786,244.79889
20240801T2300,19.790245,89.2654,5.8603754,259.38034
20240802T0000,19.410246,90.25961,4.8965297,233.97263
20240802T0100,19.090246,91.04213,4.6102495,218.65982
20240802T0200,18.630245,92.118324,4.0249224,206.56505
20240802T0300,18.460245,92.81384,4.8965297,216.02737
20240802T0400,17.890245,93.915276,3.219938,206.56505
20240802T0500,18.380245,92.45647,1.8,216.8699
20240802T0600,20.430244,86.217445,1.2979984,213.69006
20240802T0700,22.220245,77.703964,1.484318,255.96376
20240802T0800,23.780245,70.57989,1.835647,281.30994
20240802T0900,25.430244,66.2925,2.7416782,293.1986
20240802T1000,26.540245,60.286247,1.2979984,326.30994
20240802T1100,27.410246,54.546356,2.1897945,260.5377
20240802T1200,27.850245,52.81788,1.835647,258.69006
20240802T1300,27.810246,52.008614,2.8116899,320.19443
20240802T1400,27.470245,54.423077,3.4152596,341.56506
20240802T1500,27.110245,56.979134,3.319036,347.4712
20240802T1600,26.780245,58.616756,7.771331,346.6075
20240802T1700,24.450245,69.38246,12.224107,346.37302
20240802T1800,23.010244,75.745834,8.350138,352.5686
20240802T1900,21.420246,83.11937,5.0911684,351.8699
20240802T2000,20.180244,87.842834,4.6938257,327.5288
20240802T2100,19.380245,90.60082,5.1165614,320.7106
20240802T2200,18.200245,95.12912,1.0182338,135.0
20240802T2300,18.020245,95.06254,6.618519,225.0
20240803T0000,17.590246,95.96027,3.396233,237.99463
20240803T0100,17.480246,96.816734,1.1384199,198.43495
20240803T0200,17.240246,97.05866,2.1897945,189.46233
20240803T0300,17.430244,96.692375,2.8799999,180.0
20240803T0400,17.620245,94.68563,3.2399998,180.0
20240803T0500,17.960245,93.20316,3.0758414,200.55605
20240803T0600,19.120245,90.06832,3.096837,215.53769
20240803T0700,20.650246,82.821075,3.4152596,251.56506
20240803T0800,22.380245,74.93241,5.0911684,278.1301
20240803T0900,23.520245,65.606804,6.830519,288.43497
20240803T1000,24.680244,62.870293,6.28713,283.2405
20240803T1100,25.260244,58.893917,7.342588,281.30994
20240803T1200,26.110245,54.53567,7.172949,287.52557
20240803T1300,26.380245,53.39414,6.9527545,291.2505
20240803T1400,26.740246,51.63482,8.557102,292.24902
20240803T1500,27.090246,50.3514,9.387651,302.4712
20240803T1600,26.810246,49.8593,8.942214,310.10092
20240803T1700,26.060246,51.42574,8.404285,316.73572
20240803T1800,24.260244,57.60933,5.991594,327.26477
20240803T1900,22.040245,64.290085,6.297428,329.03625
20240803T2000,20.800245,68.409065,5.991594,327.26477
20240803T2100,20.140245,71.68325,6.193674,324.46234
20240803T2200,19.390245,79.296936,5.904439,322.43143
20240803T2300,18.870245,81.08356,5.1165614,320.7106
20240804T0000,18.220245,84.959236,3.671294,281.30994
20240804T0100,17.770245,86.56982,3.8939953,213.69006
20240804T0200,17.070246,88.65411,5.0911684,225.0
20240804T0300,16.680244,89.60232,4.8965297,216.02737
20240804T0400,16.320246,90.45,4.510787,208.61046
20240804T0500,16.640245,89.54129,2.5959969,213.69006
20240804T0600,18.320246,82.75622,3.319036,220.6013
20240804T0700,20.050245,73.877754,3.8268526,228.81409
20240804T0800,21.420246,67.175026,3.8939953,236.30994
20240804T0900,22.630245,63.757656,4.73506,261.25385
20240804T1000,23.460245,60.736706,4.3349743,274.76364
20240804T1100,24.430244,58.81093,6.12,270.0
20240804T1200,24.780245,56.85125,6.5693827,279.46234
20240804T1300,25.200245,55.54512,6.489992,289.44003
20240804T1400,25.230246,56.306946,6.439876,296.56506
20240804T1500,24.960245,58.48544,7.0911775,293.9625
20240804T1600,24.530245,59.67025,7.42159,292.83368
20240804T1700,23.870245,61.89381,6.9153743,308.65982
20240804T1800,22.890245,68.514534,5.692099,325.30484
20240804T1900,21.830246,71.94404,4.896529,342.89728
20240804T2000,21.470245,72.4799,4.68,360.0
20240804T2100,20.610245,75.84739,5.8603754,10.619659
20240804T2200,19.620245,81.38876,3.8773184,21.801407
20240804T2300,18.940245,83.7385,4.0249224,10.30484
20240805T0000,18.330246,85.463684,1.8,360.0
20240805T0100,17.730246,89.79659,0.35999998,180.0
20240805T0200,17.260244,89.704056,0.0,180.0
20240805T0300,17.020245,90.67423,0.8049845,63.43495
20240805T0400,16.580246,92.59577,0.8049845,63.43495
20240805T0500,16.760244,93.56387,0.8049845,116.56505
20240805T0600,18.270245,88.52498,1.2979984,56.30993
20240805T0700,20.570246,79.81646,1.8,36.86989
20240805T0800,22.440245,71.73319,2.6208394,15.945404
20240805T0900,23.920246,65.52336,2.968636,14.03624
20240805T1000,24.940245,60.378986,4.510787,28.610443
20240805T1100,25.780245,55.83116,3.8773184,21.801407
20240805T1200,26.600245,52.164738,4.452954,14.03624
20240805T1300,27.230246,49.204914,5.771239,3.5763245
20240805T1400,27.600245,47.25436,6.849467,3.0127716
20240805T1500,27.650246,45.76644,7.342588,11.309921
20240805T1600,27.450245,46.009182,7.771331,13.392487
20240805T1700,26.510244,47.884827,7.9932976,7.765167
20240805T1800,24.660246,51.59546,5.771239,356.42368
20240805T1900,21.470245,68.189804,6.162207,6.7098236
20240805T2000,19.530245,78.505264,8.049845,10.30484
20240805T2100,19.180244,78.910675,8.089993,20.854446
20240805T2200,18.360245,82.54787,6.439876,26.565033
20240805T2300,18.110245,82.67745,5.1165614,39.2894
20240806T0000,17.630245,83.58826,4.39436,34.99202
20240806T0100,17.380245,84.21196,4.3349743,41.63353
20240806T0200,16.670246,87.30922,2.9024127,60.25511
20240806T0300,15.690246,90.699745,2.6208394,105.9454
20240806T0400,15.050245,91.667816,3.096837,125.537674
20240806T0500,15.790245,91.89338,2.3051248,128.6598
20240806T0600,18.590246,83.00203,2.8116899,129.80557
20240806T0700,21.430244,70.683426,1.8,143.1301
20240806T0800,23.630245,64.18016,1.2979984,146.30994
20240806T0900,25.480246,60.272682,1.484318,165.96376
20240806T1000,26.870245,56.49041,0.35999998,180.0
20240806T1100,28.080246,53.178116,2.16,270.0
20240806T1200,29.050245,49.211052,2.9024127,299.74487
20240806T1300,29.760244,45.399094,2.8116899,320.19443
20240806T1400,30.090246,43.003098,2.4149535,333.43497
20240806T1500,30.290245,41.59298,3.6,323.13013
20240806T1600,30.110245,41.410175,4.3498964,335.55603
20240806T1700,29.350245,43.13298,4.73506,351.25385
20240806T1800,27.100245,57.482872,3.671294,11.309921
20240806T1900,25.810246,52.162914,6.6185193,22.380127
20240806T2000,23.850245,63.0086,5.315336,28.30075
20240806T2100,22.830246,65.63001,3.6,36.86989
20240806T2200,20.540245,80.21987,0.8049845,63.43495
20240806T2300,19.300245,84.96423,0.35999998,360.0
20240807T0000,18.370245,90.07291,2.52,180.0
20240807T0100,18.000246,91.321884,2.5455842,188.1301
20240807T0200,17.640245,92.47547,2.5455842,171.8699
20240807T0300,17.820246,92.367165,1.1384199,108.434944
20240807T0400,17.950245,93.14329,1.5273507,135.0
20240807T0500,19.030245,90.923,2.3051248,141.34018
20240807T0600,19.410246,89.63342,3.7064266,119.054596
20240807T0700,19.550245,91.58953,4.6938252,175.60129
20240807T0800,19.950245,92.71301,6.489992,213.69006
20240807T0900,20.170246,90.42446,5.8603754,222.51045
20240807T1000,21.150246,88.64165,9.36,180.0
20240807T1100,23.360245,77.38381,9.0,180.0
20240807T1200,24.840246,69.76153,9.826088,188.42697
20240807T1300,25.610245,65.37834,10.00256,210.25644
20240807T1400,26.500246,60.772926,8.714677,231.70984
20240807T1500,27.100245,57.883312,8.12197,257.19574
20240807T1600,27.550245,56.654354,6.924738,261.02737
20240807T1700,27.590246,56.59257,5.1544156,257.90524
20240807T1800,25.650246,66.54532,3.9763298,275.19443
20240807T1900,23.090246,78.36833,4.510787,331.38956
20240807T2000,22.010244,84.07612,6.28713,346.7595
20240807T2100,21.420246,86.31017,7.2,360.0
20240807T2200,21.520245,83.39247,4.3349743,311.63354
20240807T2300,20.400246,88.91829,5.4119864,273.8141
20240808T0000,20.180244,90.14126,6.6185193,292.38013
20240808T0100,20.060246,89.45442,6.193674,305.5377
20240808T0200,19.490246,92.22374,5.154415,294.77515
20240808T0300,19.410246,91.81291,3.2599385,263.65982
20240808T0400,19.720245,90.052986,1.9386592,248.1986
20240808T0500,19.800245,90.45701,1.609969,243.43495
20240808T0600,20.250246,89.41196,1.9386592,291.8014
20240808T0700,20.770245,84.31405,3.5455887,293.9625
20240808T0800,21.680244,76.74396,5.904439,307.5686
20240808T0900,22.450245,69.17572,6.3690495,317.29062
20240808T1000,23.710245,60.638138,4.3349743,311.63354
20240808T1100,24.620245,54.020664,5.8603754,317.48956
20240808T1200,25.370245,49.931656,5.1165614,320.7106
20240808T1300,25.750246,47.898636,4.6102495,321.3402
20240808T1400,26.250246,46.982414,5.1919937,326.30994
20240808T1500,26.340246,46.21718,6.0347,342.646
20240808T1600,26.180244,45.93295,6.4799995,360.0
20240808T1700,25.600245,46.80607,6.0347,17.35402
20240808T1800,23.620245,63.728233,3.8773184,21.801407
20240808T1900,21.970245,61.902462,7.10031,30.465546
20240808T2000,20.280245,71.43125,6.696387,36.25383
20240808T2100,18.340246,82.38586,6.1305785,49.76364
20240808T2200,17.090246,83.85171,5.6002855,44.999985
20240808T2300,15.830245,90.473885,4.6102495,51.34018
20240809T0000,15.170245,94.3418,3.0758414,69.443954
20240809T0100,15.030245,95.88236,2.9024127,119.74488
20240809T0200,14.340245,97.94643,2.8116899,140.19443
20240809T0300,14.200245,97.81625,0.8049845,153.43495
20240809T0400,13.8102455,97.93703,1.484318,165.96376
20240809T0500,14.820246,95.06716,2.1897945,170.53767
20240809T0600,17.630245,85.39129,3.6179552,185.71059
20240809T0700,20.680244,73.890495,3.6179552,185.71059
20240809T0800,23.100245,63.24793,4.5536795,198.43495
20240809T0900,24.990246,56.06749,5.0911684,225.0
20240809T1000,26.130245,51.443905,3.319036,229.39871
20240809T1100,27.100245,48.19795,4.6938257,237.52881
20240809T1200,28.040245,45.84243,6.12,241.92752
20240809T1300,28.680244,45.16579,6.725354,254.47589
20240809T1400,29.180244,44.40916,7.208994,267.1376
20240809T1500,29.210245,44.96198,7.928178,272.60257
20240809T1600,28.930244,45.64146,7.5599995,270.0
20240809T1700,28.140245,47.949074,7.5942073,275.44034
20240809T1800,26.370245,53.83787,4.379589,260.5377
20240809T1900,23.200245,66.59484,7.968939,251.56506
20240809T2000,21.280245,75.42316,7.729527,242.24146
20240809T2100,20.380245,79.2833,6.439876,243.43495
20240809T2200,19.890245,80.95646,3.0547013,225.0
20240809T2300,19.470245,82.10215,2.3051248,218.65982
20240810T0000,19.250246,83.5061,3.096837,215.53769
20240810T0100,19.500246,82.73818,2.9024127,209.74489
20240810T0200,19.040245,84.55763,2.8799999,180.0
20240810T0300,17.920246,88.95146,2.968636,165.96376
20240810T0400,17.270245,90.57469,2.4149535,153.43495
20240810T0500,17.280245,91.45262,1.1384199,161.56505
20240810T0600,19.830246,84.26618,1.8,143.1301
20240810T0700,22.500246,72.93835,0.8049845,206.56505
20240810T0800,24.760244,65.20148,1.609969,296.56506
20240810T0900,26.320246,59.66798,2.0991426,300.96378
20240810T1000,27.470245,54.803757,2.0991426,30.963745
20240810T1100,28.510244,50.913246,2.5455842,8.130096
20240810T1200,29.230246,48.206623,2.8799999,360.0
20240810T1300,29.780245,45.607525,3.9763298,5.194412
20240810T1400,30.310246,43.95203,4.6938252,4.398697
20240810T1500,30.390245,43.527214,6.162207,6.7098236
20240810T1600,30.230246,44.09886,6.9899354,11.888657
20240810T1700,29.190245,48.657543,7.342588,11.309921
20240810T1800,26.950245,55.269043,5.7599998,360.0
20240810T1900,23.660246,71.13905,6.162207,6.7098236
20240810T2000,22.190245,78.98328,6.638072,12.528809
20240810T2100,21.270245,82.58014,6.830519,18.434952
20240810T2200,20.400246,89.03021,5.95906,25.016876
20240810T2300,19.720245,91.19627,5.6233797,39.805573
20240811T0000,19.380245,91.811195,5.3999996,53.130096
20240811T0100,18.780245,93.301575,4.510787,61.38954
20240811T0200,18.170246,94.3461,3.8773184,68.19859
20240811T0300,17.710245,95.05171,3.8773184,68.19859
20240811T0400,17.680244,93.48751,4.198285,59.036232
20240811T0500,17.710245,94.26746,3.8939953,56.30993
20240811T0600,20.290245,86.040886,5.1165614,50.7106
20240811T0700,22.700245,74.51221,5.3999996,36.86989
20240811T0800,24.720245,66.273186,6.9247384,27.897263
20240811T0900,26.530245,61.781895,7.9036193,30.068573
20240811T1000,28.400246,57.465893,7.9932966,35.837646
20240811T1100,29.760244,54.168774,7.928177,39.472458
20240811T1200,31.010244,51.13418,8.404285,43.264297
20240811T1300,31.860245,48.70958,8.404285,43.264297
20240811T1400,32.370247,46.760204,7.653705,41.18593
20240811T1500,32.510246,46.564137,7.386582,43.025055
20240811T1600,32.170246,46.79533,8.4963045,36.38434
20240811T1700,31.030245,49.25966,7.8625183,15.945404
20240811T1800,28.800245,58.46345,5.4477882,7.594635
20240811T1900,25.720245,72.39975,7.289444,20.224854
20240811T2000,25.240246,72.9494,6.193674,35.53766
20240811T2100,23.590246,79.9178,5.1165614,50.7106
20240811T2200,22.150246,87.51352,4.6938257,57.5288
20240811T2300,21.390245,90.672745,4.829907,63.43495
20240812T0000,21.000246,91.90127,3.6,126.869896
20240812T0100,21.050245,92.07594,4.2136917,160.01689
20240812T0200,21.070246,91.73339,6.1305785,130.23636
20240812T0300,21.300245,90.27243,3.396233,122.00538
20240812T0400,21.170246,90.26386,2.2768397,108.434944
20240812T0500,20.930244,90.530594,2.5455842,135.0
20240812T0600,22.070246,83.97741,4.072935,135.0
20240812T0700,23.780245,76.008194,4.1046314,142.12502
20240812T0800,26.160246,69.35704,4.829907,153.43495
20240812T0900,28.440245,63.67926,5.0911684,171.8699
20240812T1000,30.790245,53.850533,3.319036,130.60129
20240812T1100,32.160248,48.00441,1.2979984,123.69006
20240812T1200,33.45025,43.825916,2.0364676,225.0
20240812T1300,33.500248,44.694084,3.2399998,270.0
20240812T1400,34.260246,42.034176,4.3498964,335.55603
20240812T1500,34.04025,40.860703,6.28713,13.240509
20240812T1600,33.460247,42.479836,2.2768397,18.434952
20240812T1700,32.070248,46.47757,2.968636,194.03624
20240812T1800,30.610245,47.870277,1.9386592,248.1986
20240812T1900,29.590246,49.414124,3.0758414,200.55605
20240812T2000,27.270245,59.213074,5.937272,165.96376
20240812T2100,25.710245,63.015804,5.4833565,156.8014
20240812T2200,23.330246,73.265724,5.8603754,132.51044
20240812T2300,22.130245,75.750824,4.3349743,138.36646
20240813T0000,21.760244,77.19518,6.763786,154.79887
20240813T0100,20.950245,81.14411,7.0911775,156.0375
20240813T0200,20.400246,82.63432,3.319036,139.3987
20240813T0300,19.480246,87.33903,3.8268526,131.18591
20240813T0400,19.010244,87.91108,4.3349743,138.36646
20240813T0500,18.970245,88.863976,3.8268526,138.81407
20240813T0600,20.500246,81.86319,4.3349743,138.36646
20240813T0700,22.950245,71.915665,4.6938257,122.47119
20240813T0800,25.500246,65.39666,4.510787,118.61046
20240813T0900,27.430244,58.990284,4.198285,120.96376
20240813T1000,29.160246,53.481636,4.73506,98.74616
20240813T1100,30.410246,48.63818,3.5455887,113.96249
20240813T1200,31.590246,45.714695,4.1046314,105.25512
20240813T1300,32.560246,43.17903,4.1046314,105.25512
20240813T1400,32.740246,42.020435,3.219938,116.56505
20240813T1500,33.18025,39.164482,3.5455887,113.96249
20240813T1600,32.870247,38.34093,2.5959969,56.30993
20240813T1700,32.010246,41.902348,4.896529,17.102722
20240813T1800,28.620245,62.00939,5.937272,14.03624
20240813T1900,26.290245,61.92318,7.42159,22.833649
20240813T2000,25.500246,63.97139,0.8049845,116.56505
20240813T2100,23.790245,70.40383,3.2599385,186.3402
20240813T2200,23.080246,74.19947,6.151683,200.55605
20240813T2300,22.130245,79.62396,7.653705,221.18593
20240814T0000,21.830246,78.933205,9.339208,242.44719
20240814T0100,20.820246,81.695206,6.297428,239.03625
20240814T0200,20.340246,83.89492,5.1165614,230.7106
20240814T0300,19.890245,86.38474,2.9024127,187.12502
20240814T0400,19.460245,87.50375,3.7064266,150.94539
20240814T0500,19.210245,87.92805,3.6179552,174.28941
20240814T0600,20.960245,82.49145,3.4152596,198.43495
20240814T0700,23.020245,75.79506,3.6,233.1301
20240814T0800,24.950245,67.54185,2.7416782,246.8014
20240814T0900,26.080246,63.49399,4.6102495,231.3402
20240814T1000,27.750246,55.150845,3.6,216.8699
20240814T1100,28.600245,51.880436,6.6185193,247.61987
20240814T1200,28.720245,49.406796,4.73506,261.25385
20240814T1300,28.900246,49.359627,5.4833565,246.8014
20240814T1400,28.940245,50.70197,6.725354,254.47589
20240814T1500,27.740246,52.689575,8.669949,265.23636
20240814T1600,26.650246,56.186802,11.013882,281.30994
20240814T1700,26.210245,58.371735,9.449572,287.7447
20240814T1800,24.880245,63.757614,6.830519,288.43497
20240814T1900,22.820246,71.34737,4.0249224,296.56506
20240814T2000,21.200245,78.545204,4.1046314,322.12503
20240814T2100,20.060246,84.66641,2.16,270.0
20240814T2200,20.290245,83.306114,2.968636,345.96375
20240814T2300,19.600245,85.81033,5.8603754,349.38034
20240815T0000,18.840246,90.45014,4.3349743,4.7636414
20240815T0100,18.310246,91.98324,0.8049845,296.56506
20240815T0200,18.150246,92.3264,3.2399998,270.0
20240815T0300,17.880245,93.13987,3.8268526,318.8141
20240815T0400,17.510244,94.018684,3.0758414,20.556046
20240815T0500,17.680244,93.96606,2.5959969,33.690063
20240815T0600,19.100245,89.55402,3.0547013,44.999985
20240815T0700,20.970245,81.61038,3.396233,32.005356
20240815T0800,23.010244,72.566246,4.3498964,24.443954
20240815T0900,24.770245,64.87445,5.3517847,19.653809
20240815T1000,26.380245,59.94626,7.5170207,16.69925
20240815T1100,27.590246,56.343353,7.289444,20.224854
20240815T1200,28.360245,52.214706,7.8625183,15.945404
20240815T1300,29.080246,49.59486,8.049845,10.30484
20240815T1400,29.540245,47.80059,9.47012,8.74614
20240815T1500,29.580246,46.67052,10.1376915,6.1154785
20240815T1600,29.260244,46.793648,9.746631,4.236374
20240815T1700,28.310246,48.549892,9.0645685,353.15723
20240815T1800,26.570246,50.280136,6.9527545,338.7495
20240815T1900,23.870245,63.33604,6.379216,343.61047
20240815T2000,22.060246,71.43643,6.151683,339.44397
20240815T2100,20.660246,79.4233,6.9527545,338.7495
20240815T2200,21.610245,74.00095,5.3517847,340.3462
20240815T2300,20.900246,77.50878,4.6938257,327.5288
20240816T0000,19.970245,82.84659,6.1094027,315.0
20240816T0100,19.290245,86.49284,5.1165614,320.7106
20240816T0200,19.300245,86.82468,4.5820518,315.0
20240816T0300,19.200245,86.81545,1.1384199,288.43497
20240816T0400,19.100245,87.41656,0.35999998,360.0
20240816T0500,18.880245,89.14004,0.71999997,270.0
20240816T0600,20.300245,83.571915,4.896529,342.89728
20240816T0700,22.820246,73.3176,4.1046314,344.74487
20240816T0800,24.820246,64.96708,4.802999,347.00537
20240816T0900,26.300245,58.838608,4.896529,342.89728
20240816T1000,27.170246,57.535805,3.5455887,23.962494
20240816T1100,28.020245,52.96138,0.8049845,333.43497
20240816T1200,28.670246,49.48806,2.5455842,278.1301
20240816T1300,29.460245,47.688538,4.6102495,308.65982
20240816T1400,29.640245,46.56785,5.6233797,309.80557
20240816T1500,30.090246,44.428093,6.193674,305.5377
20240816T1600,29.990246,43.363026,5.1919937,303.69006
20240816T1700,29.100245,43.25939,5.2416787,285.9454
20240816T1800,27.140245,49.594097,6.0347,287.35403
20240816T1900,24.880245,56.766052,6.0347,287.35403
20240816T2000,23.710245,60.59915,6.725354,285.5241
20240816T2100,22.430244,67.03587,6.162207,276.70984
20240816T2200,21.410246,72.422874,3.7585104,286.69925
20240816T2300,20.560246,75.354866,4.379589,279.46234
20240817T0000,20.090246,77.188644,3.96,270.0
20240817T0100,19.300245,83.56521,2.0991426,210.96376
20240817T0200,19.120245,83.91979,3.6,216.8699
20240817T0300,18.450245,88.08814,3.219938,206.56505
20240817T0400,18.460245,87.69559,2.968636,194.03624
20240817T0500,18.080246,89.192245,2.2768397,198.43495
20240817T0600,19.530245,83.75151,3.5455887,203.9625
20240817T0700,21.560246,76.09461,2.6208394,195.9454
20240817T0800,23.690245,67.89142,2.1897945,189.46233
20240817T0900,25.300245,60.57702,1.5273507,225.0
20240817T1000,26.380245,56.371597,1.0182338,135.0
20240817T1100,27.220245,52.0568,2.9024127,150.25511
20240817T1200,28.020245,47.30591,4.3498964,155.55605
20240817T1300,28.420246,45.357536,5.1544156,167.90524
20240817T1400,28.700245,44.622307,5.5887027,165.06857
20240817T1500,28.350245,46.13336,6.0347,162.64597
20240817T1600,27.640245,47.723824,6.638072,167.47119
20240817T1700,26.360245,54.284897,3.6179552,174.28941
20240817T1800,24.880245,60.67393,2.968636,165.96376
20240817T1900,23.310246,68.55302,3.0758414,159.44395
20240817T2000,22.320246,74.167076,2.6208394,105.9454
20240817T2100,21.820246,78.583595,2.8799999,89.99999
20240817T2200,21.000246,90.30912,1.9386592,111.80141
20240817T2300,20.780245,88.77991,3.563818,225.0
20240818T0000,20.540245,89.26472,5.3517847,222.27368
20240818T0100,20.230246,89.69224,6.3690495,227.29062
20240818T0200,19.910246,91.552795,5.1919937,236.30994
20240818T0300,19.430244,93.5082,3.8939953,236.30994
20240818T0400,19.040245,94.02354,3.8268526,228.81409
20240818T0500,18.730246,93.004166,4.0249224,206.56505
20240818T0600,18.630245,93.94701,3.5455887,203.9625
20240818T0700,19.060246,90.2357,5.3999996,216.8699
20240818T0800,19.550245,85.26126,7.10031,239.53445
20240818T0900,20.230246,82.40439,7.9036193,239.93141
20240818T1000,20.100245,85.85935,7.24486,243.43495
20240818T1100,20.630245,82.66149,11.165805,249.22775
20240818T1200,20.910246,78.854034,11.367109,259.04596
20240818T1300,21.080246,77.289246,10.086427,272.0454
20240818T1400,20.450245,80.51484,8.825508,281.7683
20240818T1500,19.730246,83.77392,6.0347,287.35403
20240818T1600,19.210245,88.82633,3.6,270.0
20240818T1700,18.890245,88.51892,4.2136917,250.0169
20240818T1800,18.520245,91.645004,4.6800003,247.38014
20240818T1900,18.240246,93.276024,5.154415,245.22485
20240818T2000,18.070246,94.34212,5.3517847,250.34618
20240818T2100,17.970245,94.338104,4.896529,252.89728
20240818T2200,17.680244,94.08603,5.904439,232.43141
20240818T2300,17.310246,94.431915,5.154415,245.22485
20240819T0000,17.090246,95.45621,3.5455887,246.0375
20240819T0100,16.970245,95.08612,1.835647,281.30994
20240819T0200,16.910246,94.59747,2.2768397,288.43497
20240819T0300,16.690245,95.38166,2.9024127,330.25513
20240819T0400,16.450245,95.803604,2.8799999,360.0
20240819T0500,16.180246,95.54861,3.9763298,5.194412
20240819T0600,16.720245,92.24623,5.0911684,8.130096
20240819T0700,18.210245,85.72642,6.0347,17.35402
20240819T0800,19.520245,76.95237,6.6185193,22.380127
20240819T0900,20.850245,67.23215,9.021574,28.610443
20240819T1000,21.710245,62.08512,10.948973,43.66777
20240819T1100,22.620245,57.50904,11.384198,34.69516
20240819T1200,23.070246,54.65317,11.609651,29.744873
20240819T1300,23.620245,53.24119,11.609651,29.744873
20240819T1400,24.030245,52.24418,11.503113,20.136307
20240819T1500,24.200245,51.64358,10.829958,21.447723
20240819T1600,23.920246,52.249683,9.693296,21.801407
20240819T1700,23.080246,56.249603,8.373386,25.463333
20240819T1800,21.330246,63.140972,4.829907,26.565033
20240819T1900,19.150246,74.010185,5.6002855,44.999985
20240819T2000,18.450245,78.04243,5.634891,63.43495
20240819T2100,17.780245,82.63727,6.2145634,79.99202
20240819T2200,17.300245,85.52278,4.73506,81.25384
20240819T2300,16.900246,85.4256,2.6208394,74.054596
20240820T0000,17.120245,83.041214,1.2979984,33.690063
20240820T0100,16.860245,83.879745,2.5455842,44.999985
20240820T0200,16.010246,87.76134,4.3349743,94.76365
20240820T0300,14.830245,91.115234,3.219938,116.56505
20240820T0400,15.280245,90.43436,1.0182338,135.0
20240820T0500,15.090245,90.954346,2.3051248,141.34018
20240820T0600,16.760244,86.97839,2.4149535,153.43495
20240820T0700,18.760244,78.44329,1.9386592,158.1986
20240820T0800,20.280245,73.48978,1.0182338,135.0
20240820T0900,21.660246,69.60114,1.0182338,44.999985
20240820T1000,22.920246,66.579926,0.71999997,89.99999
20240820T1100,23.990246,64.13485,0.35999998,270.0
20240820T1200,24.790245,61.47073,0.71999997,270.0
20240820T1300,25.660246,59.100502,1.484318,255.96376
20240820T1400,26.080246,58.19303,1.609969,243.43495
20240820T1500,26.460245,56.247765,2.9024127,240.25513
20240820T1600,26.250246,55.590813,2.9024127,277.125
20240820T1700,25.390245,57.218765,2.7416782,293.1986
20240820T1800,23.650246,64.26654,2.1897945,279.46234
20240820T1900,21.260244,75.419945,4.3349743,265.23636
20240820T2000,20.490246,77.744934,6.28713,256.7595
20240820T2100,20.110245,77.688286,6.6185193,247.61987
20240820T2200,20.220245,78.253845,6.379216,253.61046
20240820T2300,19.770245,79.40115,5.1165614,230.7106
20240821T0000,19.240246,81.13165,6.1305785,229.76364
20240821T0100,18.910246,83.19985,5.8048253,240.25513
20240821T0200,19.000246,81.62349,6.439876,243.43495
20240821T0300,18.570246,82.04329,7.289444,249.77515
20240821T0400,18.390245,80.60274,7.172949,252.47443
20240821T0500,17.960245,82.285706,7.5170207,253.30075
20240821T0600,17.990246,79.3034,10.440001,270.0
20240821T0700,18.070246,74.99155,12.10157,292.75098
20240821T0800,18.670246,67.665054,10.495713,300.96378
20240821T0900,19.180244,61.33733,8.891343,301.7595
20240821T1000,20.180244,56.526817,6.439876,296.56506
20240821T1100,21.120245,51.68379,8.557102,292.24902
20240821T1200,21.780245,47.702393,8.217153,298.8108
20240821T1300,22.450245,43.971684,7.8954163,313.1524
20240821T1400,23.020245,41.645866,7.42159,320.90616
20240821T1500,22.960245,40.35001,7.10031,329.53445
20240821T1600,22.630245,40.53046,7.072878,345.25644
20240821T1700,21.800245,43.16758,7.2,360.0
20240821T1800,19.190245,57.11251,4.5536795,18.434952
20240821T1900,17.630245,61.75373,6.489992,19.440033
20240821T2000,15.940246,70.416145,6.489992,19.440033
20240821T2100,14.640245,74.74967,6.28713,23.629364
20240821T2200,14.270246,78.59709,6.12,360.0
20240821T2300,12.990245,84.770744,6.725354,15.524109
20240822T0000,12.230246,88.76527,6.3690495,47.29059
20240822T0100,12.150246,88.996735,5.1165614,50.7106
20240822T0200,12.500245,87.43157,5.315336,28.30075
20240822T0300,12.050245,89.167435,4.829907,26.565033
20240822T0400,11.710245,89.98163,4.198285,30.963745
20240822T0500,11.430245,90.75015,2.4149535,63.43495
20240822T0600,12.670245,90.11837,1.8,126.869896
20240822T0700,15.440246,77.63182,1.2979984,123.69006
20240822T0800,18.000246,66.72462,1.8,143.1301
20240822T0900,20.110245,59.121582,2.4149535,153.43495
20240822T1000,21.940245,55.743996,1.4399999,180.0
20240822T1100,23.560246,52.361385,3.7585104,196.69925
20240822T1200,25.030245,47.516785,4.2136917,199.98311
20240822T1300,26.070246,40.581154,3.7064266,209.05461
20240822T1400,26.750246,35.930305,3.8939953,236.30994
20240822T1500,27.010244,33.732944,3.671294,258.69006
20240822T1600,26.560246,33.673653,3.2599385,276.34018
20240822T1700,25.150246,35.13856,1.4399999,270.0
20240822T1800,22.270245,44.668682,0.35999998,180.0
20240822T1900,19.470245,55.0395,2.4149535,153.43495
20240822T2000,18.040245,61.933067,3.219938,153.43495
20240822T2100,16.050245,71.00558,3.0758414,159.44395
20240822T2200,13.960245,82.87,3.8773184,158.1986
20240822T2300,13.470245,85.45094,3.9763298,174.80557
20240823T0000,13.170245,87.4382,4.3349743,175.23636
20240823T0100,12.680245,89.57949,4.379589,170.53767
20240823T0200,12.510245,91.07346,4.0249224,169.69516
20240823T0300,12.250245,92.77343,3.7585104,163.30075
20240823T0400,12.190246,94.07808,3.7585104,163.30075
20240823T0500,12.120245,93.57406,3.671294,168.69006
20240823T0600,14.190246,86.38427,6.2145634,169.99202
20240823T0700,17.900246,73.06966,5.771239,176.42366
20240823T0800,21.650246,56.484238,6.87779,186.009
20240823T0900,24.540245,47.446068,8.766573,199.17902
20240823T1000,26.440245,41.090973,9.19939,210.57922
20240823T1100,27.760244,37.886784,10.703569,222.27368
20240823T1200,28.640245,36.8023,11.753876,229.96974
20240823T1300,29.260244,36.063892,12.55879,242.70044
20240823T1400,29.510244,35.732258,12.979984,250.55997
20240823T1500,29.530245,35.038673,12.224107,256.37302
20240823T1600,29.000246,35.12186,10.446206,268.0251
20240823T1700,27.620245,37.10207,6.28713,283.2405
20240823T1800,24.370245,51.55327,5.506941,281.30994
20240823T1900,22.760244,55.986572,2.968636,284.03625
20240823T2000,21.140245,62.769806,2.52,180.0
20240823T2100,18.360245,75.62983,2.5455842,171.8699
20240823T2200,17.300245,79.515366,3.319036,167.47119
20240823T2300,16.460245,82.204575,2.7416782,156.8014
20240824T0000,16.030245,84.943565,2.9024127,150.25511
20240824T0100,15.730246,86.99355,2.4149535,153.43495
20240824T0200,15.650246,88.477104,2.5959969,146.30994
20240824T0300,15.550245,89.74872,2.5959969,146.30994
20240824T0400,15.3102455,90.9101,3.8268526,138.81407
20240824T0500,15.420245,90.149796,5.3517847,132.27368
20240824T0600,17.440245,82.86422,6.8777895,137.1211
20240824T0700,21.000246,67.78783,5.6233797,140.19443
20240824T0800,24.280245,57.911892,6.638072,139.3987
20240824T0900,27.140245,50.65601,7.9932966,144.16235
20240824T1000,29.590246,42.92179,6.792466,147.99461
20240824T1100,31.600245,37.024857,7.2805495,171.46924
20240824T1200,33.050247,33.18509,9.028754,184.57391
20240824T1300,34.190247,31.836443,10.105681,175.91438
20240824T1400,34.670246,31.053324,11.212135,174.47246
20240824T1500,34.77025,28.998682,12.24,180.0
20240824T1600,33.79025,27.732483,12.371645,171.63411
20240824T1700,32.100246,31.366844,10.182337,171.8699
20240824T1800,28.750246,45.0977,10.086427,214.8245
20240824T1900,28.800245,44.19186,12.287555,238.17256
20240824T2000,26.510244,50.949013,10.883676,235.7843
20240824T2100,24.140245,57.43186,15.042659,248.9625
20240824T2200,23.310246,68.64019,8.699793,245.55606
20240824T2300,21.860245,77.897064,8.14587,225.0
20240825T0000,20.720245,82.986664,10.44,223.60281
20240825T0100,18.940245,86.239204,13.708391,246.8014
20240825T0200,17.790245,86.516,14.113653,264.14398
20240825T0300,16.840246,87.042366,11.212135,264.47247
20240825T0400,16.360247,87.90702,10.446206,268.0251
20240825T0500,16.020247,89.90144,9.422101,276.58194
20240825T0600,16.000246,89.37535,7.771331,283.39252
20240825T0700,16.850245,84.09734,7.4128532,299.0546
20240825T0800,17.800245,75.63643,7.386582,313.0251
20240825T0900,18.650246,70.29206,7.7879906,326.30994
20240825T1000,19.490246,65.99036,7.9932966,324.16235
20240825T1100,20.210245,61.213745,5.8048253,330.25513
20240825T1200,20.810246,57.86028,2.4149535,333.43497
20240825T1300,21.260244,54.081352,0.5091169,44.999985
20240825T1400,21.430244,52.495777,0.8049845,296.56506
20240825T1500,21.520245,49.922203,0.5091169,135.0
20240825T1600,21.640245,51.238426,2.0991426,120.96376
20240825T1700,20.720245,55.656025,2.3051248,141.34018
20240825T1800,19.070246,62.62861,1.835647,168.69006
20240825T1900,17.010244,72.81244,2.5455842,188.1301
20240825T2000,16.190247,75.31736,1.0182338,225.0
20240825T2100,15.660245,79.27825,1.835647,11.309921
20240825T2200,16.420246,74.75972,5.495161,31.607498
20240825T2300,15.250245,82.86669,4.5536795,18.434952
20240826T0000,14.0602455,88.57211,4.6102495,38.659805
20240826T0100,13.5602455,89.35437,5.1544156,12.094757
20240826T0200,13.480246,88.57991,5.4119864,356.18594
20240826T0300,13.110246,88.84253,5.0911684,351.8699
20240826T0400,13.000245,89.30779,5.506941,348.69006
20240826T0500,13.220245,86.86177,5.3517847,340.3462
20240826T0600,14.120245,81.95598,6.725354,344.4759
20240826T0700,15.520246,74.703224,7.5942073,354.5597
20240826T0800,17.260244,68.00233,9.0645685,6.8427734
20240826T0900,19.030245,62.702583,9.693296,21.801407
20240826T1000,20.200245,58.364517,8.225035,23.198593
20240826T1100,21.520245,55.125336,8.4963045,36.38434
20240826T1200,22.150246,52.719845,8.209263,37.87497
20240826T1300,22.750246,51.261547,6.989936,34.508514
20240826T1400,22.930244,51.614933,6.638072,40.601288
20240826T1500,23.000246,51.73562,7.127636,44.999985
20240826T1600,22.590246,52.245304,7.145796,49.085617
20240826T1700,21.980246,53.448322,6.193674,54.46232
20240826T1800,20.320246,60.15843,4.3498964,65.55604
20240826T1900,18.130245,71.82654,6.151683,69.443954
20240826T2000,16.930244,76.09111,6.28713,76.75948
20240826T2100,16.700245,73.775566,5.8603754,79.38034
20240826T2200,13.970245,88.15483,5.0142193,68.96249
20240826T2300,13.230246,90.76255,5.3517847,70.346176
20240827T0000,12.890245,92.25828,5.0142193,68.96249
20240827T0100,12.5602455,92.42198,5.495161,58.392494
20240827T0200,12.130245,93.82454,6.1305785,49.76364
20240827T0300,11.970245,93.94157,5.692099,55.304832
20240827T0400,11.520246,95.24792,5.8048253,60.25511
20240827T0500,11.500245,94.67516,5.692099,55.304832
20240827T0600,14.040245,87.11654,5.6233797,50.194427
20240827T0700,16.680244,76.30138,4.8433046,41.987198
20240827T0800,19.130245,69.834335,6.696387,53.746155
20240827T0900,20.890245,65.51552,8.4042845,80.134186
20240827T1000,22.650246,61.37834,8.049845,63.43495
20240827T1100,23.700245,59.629215,10.163227,67.067894
20240827T1200,24.640245,56.780514,10.446206,88.02507
20240827T1300,25.430244,54.36526,9.114471,99.09027
20240827T1400,26.180244,52.0568,7.5685663,92.72631
20240827T1500,26.550245,50.7957,6.489992,86.82017
20240827T1600,26.370245,50.97821,6.489992,86.82017
20240827T1700,25.470245,55.898037,6.12,118.07248
20240827T1800,22.430244,68.07474,6.3690495,137.2906
20240827T1900,20.310246,75.31416,6.3690495,137.2906
20240827T2000,19.060246,81.52629,6.638072,130.60129
20240827T2100,18.200245,85.12124,6.193674,125.537674
20240827T2200,17.540245,84.55766,5.6002855,135.0
20240827T2300,16.730246,87.76889,5.1165614,140.71059
20240828T0000,16.000246,90.016884,5.495161,148.3925
20240828T0100,15.710245,90.819275,5.1165614,129.2894
20240828T0200,15.440246,91.75229,4.8433046,131.98721
20240828T0300,15.460245,91.455246,4.1046314,142.12502
20240828T0400,15.200245,92.15705,4.510787,151.38954
20240828T0500,14.910245,93.71726,5.634891,153.43495
20240828T0600,16.340246,91.215965,7.10031,149.53445
20240828T0700,19.210245,82.38631,5.3999996,143.1301
20240828T0800,21.990246,74.67908,5.00128,149.74356
20240828T0900,24.540245,67.12093,5.3517847,160.34618
20240828T1000,27.140245,57.929287,5.8048253,150.25511
20240828T1100,28.980246,51.650063,7.342588,168.69006
20240828T1200,30.400246,46.006187,7.2359104,185.71059
20240828T1300,31.350245,41.643185,5.937272,194.03624
20240828T1400,31.920246,38.226845,3.6179552,185.71059
20240828T1500,32.080246,36.96669,1.9386592,158.1986
20240828T1600,31.550245,37.395164,2.6208394,105.9454
20240828T1700,30.080246,39.984886,2.9024127,119.74488
20240828T1800,27.660246,49.57156,5.8603754,132.51044
20240828T1900,25.450245,57.26986,6.193674,144.46231
20240828T2000,22.630245,68.946014,5.6233797,140.19443
20240828T2100,21.290245,76.68417,4.8433046,138.01279
20240828T2200,20.590246,78.20782,1.9386592,158.1986
20240828T2300,19.840246,80.79489,2.0364676,135.0
20240829T0000,19.290245,82.39602,3.6,143.1301
20240829T0100,18.400246,87.802635,4.3498964,155.55605
20240829T0200,17.520245,90.766365,4.3498964,155.55605
20240829T0300,17.100245,92.68361,4.0249224,153.43495
20240829T0400,16.740246,93.7436,3.7064266,150.94539
20240829T0500,16.770245,94.04669,4.198285,149.03624
20240829T0600,18.660246,85.82661,6.1305785,139.76364
20240829T0700,21.920246,75.334305,4.6938257,147.52881
20240829T0800,25.190245,64.51337,4.6800003,157.38013
20240829T0900,27.990246,55.628696,4.73506,171.25385
20240829T1000,29.630245,50.87894,5.8048253,172.87498
20240829T1100,31.030245,46.788773,6.519877,186.3402
20240829T1200,32.010246,42.51716,5.0911684,188.1301
20240829T1300,32.520245,39.00888,3.4152596,198.43495
20240829T1400,32.500248,36.868935,3.096837,215.53769
20240829T1500,32.350246,36.544613,1.8,270.0
20240829T1600,31.730246,38.816864,2.6208394,285.9454
20240829T1700,30.260244,44.587437,2.1897945,9.462311
20240829T1800,27.400246,50.561504,4.802999,12.994629
20240829T1900,25.680244,58.02413,6.193674,35.53766
20240829T2000,23.760244,67.77621,5.495161,58.392494
20240829T2100,21.580246,78.74864,4.198285,59.036232
20240829T2200,19.890245,87.3198,3.219938,63.43495
20240829T2300,19.210245,89.221855,4.198285,59.036232
20240830T0000,18.560246,91.88063,5.1165614,50.7106
20240830T0100,18.110245,93.80543,5.1919937,33.690063
20240830T0200,17.900246,93.91571,3.319036,77.47118
20240830T0300,17.780245,93.43254,1.1384199,108.434944
20240830T0400,17.660246,92.181335,2.0991426,120.96376
20240830T0500,17.730246,90.722244,2.4149535,116.56505
20240830T0600,19.220245,88.264786,2.9024127,119.74488
20240830T0700,22.400246,74.462845,3.219938,116.56505
20240830T0800,24.910246,65.15044,2.5455842,98.1301
20240830T0900,27.100245,57.883312,2.6208394,74.054596
20240830T1000,28.440245,54.972942,4.510787,61.38954
20240830T1100,29.890245,50.945366,4.8433046,48.01277
20240830T1200,30.740246,48.115685,3.319036,40.601288
20240830T1300,31.530245,44.928165,3.8268526,41.18593
20240830T1400,31.570246,44.515682,5.154415,24.775131
20240830T1500,31.460245,44.122257,5.6920996,18.434952
20240830T1600,30.720245,47.419052,7.7879906,33.690063
20240830T1700,28.590246,53.474197,5.8048253,29.744873
20240830T1800,26.680244,61.0818,5.771239,356.42368
20240830T1900,24.250246,75.89103,7.6367526,351.8699
20240830T2000,22.730246,83.94325,7.9526596,354.8056
20240830T2100,21.910246,87.82095,7.69592,10.7842865
20240830T2200,22.820246,76.91662,7.42159,14.03624
20240830T2300,22.150246,78.87829,7.8625183,15.945404
20240831T0000,21.580246,81.788635,7.69592,10.7842865
20240831T0100,20.310246,87.74302,6.5693827,9.462311
20240831T0200,19.620245,90.15992,6.0347,17.35402
20240831T0300,19.040245,92.54997,5.6002855,44.999985
20240831T0400,18.820246,93.1264,3.7064266,60.945396
20240831T0500,18.090246,96.03524,2.9024127,60.25511
20240831T0600,19.190245,93.32065,2.8116899,50.194427
20240831T0700,21.170246,83.98571,2.8116899,39.805573
20240831T0800,23.390245,74.48437,3.8268526,41.18593
20240831T0900,25.660246,64.897545,4.5820518,44.999985
20240831T1000,27.640245,56.92639,6.151683,20.556046
20240831T1100,29.210245,51.83899,6.830519,18.434952
20240831T1200,30.230246,49.176178,5.5887027,14.931412
20240831T1300,31.090246,46.393826,4.3349743,4.7636414
20240831T1400,31.120245,45.24554,6.87779,6.0090027
20240831T1500,30.810246,46.43674,7.628263,19.29004
20240831T1600,30.170246,48.882732,6.830519,18.434952
20240831T1700,28.730246,54.254673,4.452954,345.96375
20240831T1800,25.960245,67.150894,5.6920996,341.56506
20240831T1900,25.070246,70.15453,5.506941,348.69006
20240831T2000,24.350245,72.93468,3.219938,26.565033
20240831T2100,21.830246,84.74385,3.7064266,60.945396
20240831T2200,20.940245,88.34813,3.0758414,110.556046
20240831T2300,20.420246,90.2141,3.319036,167.47119
20240901T0000,19.840246,91.779465,2.0364676,44.999985
20240901T0100,19.370245,93.38775,3.319036,49.398697
20240901T0200,18.960245,94.37716,2.8116899,50.194427
20240901T0300,18.440245,94.95664,2.2768397,71.56504
20240901T0400,18.100245,95.61,2.52,89.99999
20240901T0500,17.990246,95.424614,2.52,89.99999
20240901T0600,19.510244,90.437744,3.5455887,113.96249
20240901T0700,22.260244,80.49657,1.9386592,111.80141
20240901T0800,24.700245,71.370834,1.5273507,135.0
20240901T0900,26.870245,64.02168,0.71999997,180.0
20240901T1000,28.580246,61.275593,2.1897945,80.537674
20240901T1100,29.880245,56.119076,1.9386592,201.8014
20240901T1200,30.700245,52.5403,4.2136917,289.98312
20240901T1300,30.500246,51.45305,7.8954163,316.8476
20240901T1400,29.770245,50.627373,8.209263,344.74487
20240901T1500,28.830246,52.070206,4.73506,8.74614
20240901T1600,28.230246,55.16404,7.8625183,254.0546
20240901T1700,27.490246,57.684288,1.9386592,21.801407
20240901T1800,25.080246,72.42472,3.8773184,68.19859
20240901T1900,24.080246,71.17019,3.2599385,173.6598
20240901T2000,22.710245,79.05506,5.0911684,171.8699
20240901T2100,21.200245,84.147736,4.68,180.0
20240901T2200,20.530245,89.151924,6.519877,186.3402
20240901T2300,19.250246,94.269455,4.6800003,202.61987
20240902T0000,18.830246,95.93399,3.9763298,185.19443
20240902T0100,19.060246,96.0006,4.896529,162.89728
20240902T0200,18.760244,96.295906,4.6800003,157.38013
20240902T0300,18.850245,96.05557,5.4833565,156.8014
20240902T0400,18.740246,95.81051,4.896529,162.89728
20240902T0500,18.290245,96.52832,4.452954,165.96376
20240902T0600,18.600245,95.38358,5.4477882,172.40535
20240902T0700,19.620245,91.76698,5.0528407,184.08562
20240902T0800,20.920246,84.91678,4.8965297,233.97263
20240902T0900,22.590246,77.22164,5.0528407,274.08563
20240902T1000,24.190245,72.77048,3.219938,243.43495
20240902T1100,25.580246,67.20158,3.2599385,276.34018
20240902T1200,26.430244,61.565784,4.6102495,308.65982
20240902T1300,26.860245,58.193,5.1165614,309.2894
20240902T1400,27.450245,56.523212,4.3349743,318.36646
20240902T1500,27.560246,55.664394,3.7064266,330.94543
20240902T1600,26.940245,58.138412,3.563818,315.0
20240902T1700,25.670246,61.902725,3.5455887,293.9625
20240902T1800,24.410246,65.086845,2.8799999,270.0
20240902T1900,22.930244,72.7361,2.4149535,243.43495
20240902T2000,21.510244,80.90811,2.8116899,219.80557
20240902T2100,20.560246,84.61191,2.2768397,198.43495
20240902T2200,21.130245,78.78497,1.0182338,225.0
20240902T2300,19.740246,86.809944,4.3349743,175.23636
20240903T0000,19.340246,88.499016,4.8965297,233.97263
20240903T0100,19.060246,89.55109,3.7585104,196.69925
20240903T0200,18.620245,91.18613,3.4152596,161.56505
20240903T0300,18.080246,93.44663,2.3051248,141.34018
20240903T0400,17.770245,94.330025,2.3051248,141.34018
20240903T0500,18.050245,93.80276,2.5455842,135.0
20240903T0600,19.090246,89.72398,4.3349743,131.63353
20240903T0700,21.080246,82.662094,3.7585104,163.30075
20240903T0800,23.290245,74.468,2.5455842,171.8699
20240903T0900,25.340246,67.111786,1.609969,153.43495
20240903T1000,26.700245,60.85632,1.2979984,123.69006
20240903T1100,27.760244,54.529392,2.4149535,153.43495
20240903T1200,28.630245,48.294205,2.1897945,189.46233
20240903T1300,29.170246,44.065388,0.8049845,243.43495
20240903T1400,29.160246,42.804085,2.9024127,352.875
20240903T1500,28.010244,41.204807,2.3051248,321.3402
20240903T1600,26.650246,42.864326,2.8799999,270.0
20240903T1700,25.260244,52.83525,4.3349743,311.63354
20240903T1800,22.330246,65.314095,5.6920996,341.56506
20240903T1900,21.410246,72.65503,7.69592,349.2157
20240903T2000,21.740246,72.11195,7.928178,2.6025543
20240903T2100,20.650246,79.320854,6.130579,3.3664398
20240903T2200,20.750246,78.08164,4.6938252,265.6013
20240903T2300,20.860245,78.2969,4.802999,257.00537
20240904T0000,20.870245,78.89856,4.6102495,231.3402
20240904T0100,20.450245,82.640236,3.8268526,221.18593
20240904T0200,19.510244,88.00913,3.0547013,225.0
20240904T0300,19.280245,89.73766,3.6,216.8699
20240904T0400,18.910246,92.13385,2.6208394,195.9454
20240904T0500,18.820246,93.067474,1.484318,194.03624
20240904T0600,19.420246,89.69091,2.16,180.0
20240904T0700,20.250246,86.74677,2.6208394,195.9454
20240904T0800,21.010244,83.0201,2.5455842,225.0
20240904T0900,22.130245,77.397026,2.0991426,239.03624
20240904T1000,22.450245,77.98261,1.835647,168.69006
20240904T1100,23.370245,72.40025,0.8049845,206.56505
20240904T1200,24.290245,66.185165,0.8049845,296.56506
20240904T1300,24.690245,62.11719,2.0991426,300.96378
20240904T1400,24.860245,60.979523,3.219938,333.43497
20240904T1500,25.260244,59.459972,4.68,360.0
20240904T1600,25.010244,60.472088,6.638072,319.3987
20240904T1700,23.940245,65.48587,6.9153743,308.65982
20240904T1800,22.380245,73.94239,6.193674,324.46234
20240904T1900,21.540245,78.99256,5.506941,348.69006
20240904T2000,20.850245,83.26439,6.849467,356.98724
20240904T2100,20.670246,84.89104,8.28,360.0
20240904T2200,19.970245,88.32598,7.0911775,23.962494
20240904T2300,19.640245,90.27523,7.072878,14.743561
20240905T0000,19.590246,90.38597,7.8625183,15.945404
20240905T0100,19.410246,91.58132,7.289445,32.905228
20240905T0200,19.240246,91.7452,9.178235,41.82016
20240905T0300,19.210245,90.70446,7.653705,41.18593
20240905T0400,18.890245,91.60871,5.6920996,18.434952
20240905T0500,18.730246,92.182335,4.6938252,355.60132
20240905T0600,19.120245,90.75608,2.6208394,344.0546
20240905T0700,19.780245,88.4783,2.3051248,308.65982
20240905T0800,20.620245,84.671684,2.4149535,296.56506
20240905T0900,21.530245,79.94587,2.9024127,262.875
20240905T1000,22.040245,77.628525,3.671294,258.69006
20240905T1100,23.380245,72.49338,6.489992,236.30994
20240905T1200,23.800245,71.74943,10.365251,249.67686
20240905T1300,22.570246,74.963196,12.7279215,261.8699
20240905T1400,20.990246,80.27969,14.404499,268.5679
20240905T1500,19.480246,82.31372,13.910169,259.56253
20240905T1600,18.510244,85.64674,14.003029,252.03087
20240905T1700,17.810246,88.43035,12.0694,252.64598
20240905T1800,17.120245,91.678055,7.8954163,245.77226
20240905T1900,16.810246,91.65909,7.653705,228.81409
20240905T2000,16.680244,91.71022,8.654987,225.0
20240905T2100,16.470245,92.58973,7.6367526,225.0
20240905T2200,16.410246,91.990364,8.435069,219.80557
20240905T2300,16.160246,92.63243,7.653705,228.81409
20240906T0000,16.010246,92.68414,6.696387,233.74615
20240906T0100,15.720245,93.150375,5.0911684,225.0
20240906T0200,15.390245,93.55792,4.6102495,231.3402
20240906T0300,14.980246,94.51794,3.319036,229.39871
20240906T0400,14.570246,95.0574,3.096837,215.53769
20240906T0500,14.260245,94.85868,4.072935,225.0
20240906T0600,14.740245,92.73405,3.8268526,221.18593
20240906T0700,15.940246,90.30549,3.8939953,213.69006
20240906T0800,17.510244,80.90399,3.0758414,200.55605
20240906T0900,19.180244,74.787994,2.52,180.0
20240906T1000,20.480246,71.745544,0.8049845,296.56506
20240906T1100,22.230246,63.79344,1.8,126.869896
20240906T1200,23.710245,57.475975,4.3349743,175.23636
20240906T1300,24.460245,55.004078,3.96,180.0
20240906T1400,25.060246,53.714092,2.5959969,146.30994
20240906T1500,25.340246,51.873272,1.4399999,89.99999
20240906T1600,25.010244,51.720325,3.319036,49.398697
20240906T1700,23.410246,60.56879,4.39436,34.99202
20240906T1800,19.930244,75.39759,6.1305785,40.236343
20240906T1900,18.500246,81.98169,7.6367526,44.999985
20240906T2000,17.530245,87.21918,6.696387,53.746155
20240906T2100,16.600245,91.4098,5.692099,55.304832
20240906T2200,17.020245,88.478355,1.2979984,33.690063
20240906T2300,16.550245,90.0575,1.5273507,44.999985
20240907T0000,15.240245,94.89826,3.4152596,71.56504
20240907T0100,14.610246,97.0628,2.8799999,89.99999
20240907T0200,14.410245,96.36397,2.5959969,123.69006
20240907T0300,14.390245,95.9866,2.4149535,116.56505
20240907T0400,14.200245,96.98951,2.7416782,113.19859
20240907T0500,13.950245,97.046715,3.0758414,110.556046
20240907T0600,15.650246,93.9355,4.802999,102.99461
20240907T0700,18.250246,85.840675,4.0249224,100.30484
20240907T0800,21.020245,77.724365,4.0249224,100.30484
20240907T0900,23.420246,69.493996,4.3349743,85.23635
20240907T1000,25.050245,66.04855,3.8268526,48.81407
20240907T1100,26.690245,59.527588,5.634891,63.43495
20240907T1200,27.660246,54.263615,5.634891,63.43495
20240907T1300,28.510244,51.23715,4.072935,44.999985
20240907T1400,28.960245,49.75264,5.6233797,39.805573
20240907T1500,28.990246,47.594448,5.6233797,39.805573
20240907T1600,28.290245,47.652035,7.145796,40.914368
20240907T1700,25.930244,59.313927,5.154415,24.775131
20240907T1800,23.040245,68.76238,7.8954163,24.227737
20240907T1900,21.800245,74.363495,6.618519,44.999985
20240907T2000,20.920246,80.11776,5.3517847,70.346176
20240907T2100,20.240246,83.45917,4.39436,214.99202
20240907T2200,20.610245,85.09953,8.473393,282.26477
20240907T2300,20.200245,85.97782,6.519877,276.34018
20240908T0000,19.490246,87.395355,1.2979984,236.30994
20240908T0100,19.180244,88.8804,3.396233,212.00539
20240908T0200,18.970245,89.60137,4.2136917,199.98311
20240908T0300,19.060246,87.7476,5.00128,210.25644
20240908T0400,18.740246,87.10605,5.315336,208.30077
20240908T0500,18.430244,85.858696,5.8603754,222.51045
20240908T0600,18.380245,83.62089,6.8777895,222.8789
20240908T0700,18.460245,80.82078,7.24486,243.43495
20240908T0800,18.730246,77.68076,7.342588,258.69006
20240908T0900,19.370245,74.04804,6.830519,251.56506
20240908T1000,20.700245,68.477806,1.8,216.8699
20240908T1100,20.910246,67.200874,4.0249224,169.69516
20240908T1200,20.590246,66.39647,4.452954,194.03624
20240908T1300,20.460245,68.92019,3.396233,237.99463
20240908T1400,19.880245,70.390564,3.096837,234.46233
20240908T1500,19.260244,72.55271,1.0182338,225.0
20240908T1600,18.820246,73.329315,1.8,126.869896
20240908T1700,18.150246,74.711395,2.5455842,135.0
20240908T1800,17.180244,83.318886,4.0249224,153.43495
20240908T1900,16.110247,87.541916,4.8965297,143.97263
20240908T2000,15.5602455,89.69094,5.154415,155.22485
20240908T2100,15.420245,91.93049,5.154415,155.22485
20240908T2200,15.410245,95.894554,6.6185193,157.61987
20240908T2300,15.760245,95.16453,6.830519,161.56505
20240909T0000,15.900246,95.0468,8.4042845,189.86581
20240909T0100,15.960245,93.2835,9.693296,211.32869
20240909T0200,15.760245,92.550125,10.44,223.60281
20240909T0300,15.700245,90.81857,10.44,223.60281
20240909T0400,15.370245,90.73648,9.885262,213.11134
20240909T0500,15.250245,89.90174,10.630672,208.30077
20240909T0600,15.350245,88.85744,12.783802,212.34744
20240909T0700,15.620245,88.53234,13.513193,221.7603
20240909T0800,15.780245,89.241554,14.291592,229.08562
20240909T0900,16.260246,90.03616,14.689588,233.97263
20240909T1000,17.350245,84.48198,13.779114,236.72511
20240909T1100,17.850245,83.66781,12.783802,237.65256
20240909T1200,18.240246,82.69321,11.885453,234.86581
20240909T1300,18.820246,76.993004,13.281023,237.17145
20240909T1400,19.550245,73.83942,14.021525,240.80252
20240909T1500,18.430244,76.73232,14.458382,251.11392
20240909T1600,18.390245,80.18672,15.827721,252.80145
20240909T1700,18.010244,83.25502,13.527572,244.79889
20240909T1800,17.050245,87.40076,13.708391,246.8014
20240909T1900,16.920246,86.26341,13.527572,244.79889
20240909T2000,16.850245,87.099754,13.708391,246.8014
20240909T2100,16.650246,86.62971,14.003029,252.03087
20240909T2200,16.570246,86.11643,11.91812,244.98311
20240909T2300,16.160246,87.660614,12.181625,251.0296
20240910T0000,16.010246,87.76134,11.27553,253.30075
20240910T0100,15.870245,87.92063,10.483357,254.0546
20240910T0200,15.720245,88.25236,9.793058,252.89728
20240910T0300,15.640245,89.17208,9.227524,249.44395
20240910T0400,15.520246,88.69755,7.729527,242.24146
20240910T0500,15.040245,91.30841,7.10031,239.53445
20240910T0600,15.200245,90.1334,7.10031,239.53445
20240910T0700,15.590245,88.1257,6.9247384,242.10274
20240910T0800,15.850245,85.31418,7.4128532,240.9454
20240910T0900,16.020247,81.55661,8.891344,248.62938
20240910T1000,16.860245,74.835304,13.910169,259.56253
20240910T1100,17.370245,69.810585,12.496719,258.36636
20240910T1200,17.860245,65.420525,14.205182,261.25385
20240910T1300,18.210245,63.904823,14.205182,261.25385
20240910T1400,18.130245,64.27104,14.332341,258.40784
20240910T1500,18.000246,63.010254,13.708391,256.3287
20240910T1600,17.430244,63.557556,13.493999,260.78897
20240910T1700,16.390245,65.80112,11.966953,263.08878
20240910T1800,15.020246,70.423546,7.968939,251.56506
20240910T1900,13.980246,75.139084,6.193674,234.46233
20240910T2000,13.380245,78.45995,6.638072,220.6013
20240910T2100,13.280245,80.26347,7.10031,210.46555
20240910T2200,12.980246,81.254684,7.2,216.8699
20240910T2300,13.050245,80.447,7.729527,207.75854
20240911T0000,13.050245,80.50126,8.534353,207.64598
20240911T0100,13.230246,78.96802,10.685391,212.61925
20240911T0200,13.790245,74.80188,13.004922,221.63354
20240911T0300,14.030245,74.39067,14.336861,218.88449
20240911T0400,14.240245,73.47978,15.696165,216.60707
20240911T0500,14.110246,74.404915,15.9134655,217.64761
20240911T0600,14.210245,75.027245,16.418526,217.87498
20240911T0700,14.540245,74.18115,15.408671,217.40535
20240911T0800,15.010245,73.42257,15.408671,217.40535
20240911T0900,15.0602455,75.0237,16.831684,221.53177
20240911T1000,15.270246,77.29572,12.738099,222.7094
20240911T1100,15.180245,81.8776,12.984975,226.1233
20240911T1200,14.980246,86.23706,12.904882,239.85861
20240911T1300,14.870245,87.541824,11.923557,241.11342
20240911T1400,13.880245,90.27141,10.041354,255.46555
20240911T1500,12.750245,91.88215,10.24578,288.43494
20240911T1600,11.550245,92.4827,9.957108,319.3987
20240911T1700,10.540245,90.374985,7.0911775,336.0375
20240911T1800,10.290245,87.92726,3.6,323.13013
20240911T1900,10.200245,89.42994,2.1897945,260.5377
20240911T2000,9.910245,91.56363,3.319036,229.39871
20240911T2100,9.610246,93.36955,4.379589,189.46233
20240911T2200,9.210245,91.82652,7.172949,197.52557
20240911T2300,9.3102455,90.2135,9.114471,189.09027
20240912T0000,9.3102455,89.65859,8.825508,191.7683
20240912T0100,8.970245,90.80691,7.8625183,195.9454
20240912T0200,8.630245,92.86351,6.9899354,191.88866
20240912T0300,8.420245,94.07055,5.4477882,187.59465
20240912T0400,8.330246,94.25969,5.4477882,187.59465
20240912T0500,8.160246,95.42428,5.0911684,188.1301
20240912T0600,8.460245,95.56873,5.04,180.0
20240912T0700,9.680245,90.986565,5.00128,210.25644
20240912T0800,10.930245,85.28056,5.6920996,251.56506
20240912T0900,12.080245,80.19767,5.0911684,261.8699
20240912T1000,13.040245,66.91845,5.154415,245.22485
20240912T1100,13.270246,61.67881,6.379216,253.61046
20240912T1200,13.670245,58.272755,7.2359104,275.7106
20240912T1300,13.5602455,57.718063,7.9036193,300.0686
20240912T1400,13.630245,57.93811,4.8965297,323.97263
20240912T1500,13.670245,57.827225,2.52,270.0
20240912T1600,13.030245,65.99909,6.28713,283.2405
20240912T1700,11.800245,72.67349,6.924738,278.97263
20240912T1800,10.140245,85.24744,3.319036,310.60132
20240912T1900,9.110246,89.456635,2.5455842,315.0
20240912T2000,8.340245,90.44402,3.6,306.8699
20240912T2100,7.710245,91.90844,3.7585104,286.69925
20240912T2200,6.9902453,94.44755,8.647496,272.38596
20240912T2300,7.230245,93.87293,4.68,270.0
20240913T0000,7.110245,92.957275,4.2136917,289.98312
20240913T0100,7.000245,93.92463,5.0528407,265.91437
20240913T0200,6.8402452,94.439316,6.5693827,260.5377
20240913T0300,7.4702454,93.62727,5.5887027,255.06857
20240913T0400,7.2402453,94.330284,6.489992,266.8202
20240913T0500,7.170245,94.9827,5.4477882,277.59464
20240913T0600,7.8102455,93.067154,4.896529,287.10272
20240913T0700,8.860246,89.55767,4.510787,298.61047
20240913T0800,9.8102455,83.009125,7.24486,333.43497
20240913T0900,10.570246,77.69106,7.9036193,329.93143
20240913T1000,11.590245,75.698135,7.491114,324.7824
20240913T1100,12.490245,71.961044,9.957108,319.3987
20240913T1200,13.090245,69.03359,10.990322,328.39252
20240913T1300,13.460245,64.07612,12.879752,333.43497
20240913T1400,13.640245,61.768723,12.904882,337.0113
20240913T1500,13.450245,64.42874,12.904882,337.0113
20240913T1600,13.500245,67.15747,13.708391,336.8014
20240913T1700,12.280245,71.52547,7.9932966,324.16235
20240913T1800,10.870245,81.123955,7.42159,320.90616
20240913T1900,10.010245,86.34976,5.3517847,312.27368
20240913T2000,9.820246,89.64133,4.0249224,296.56506
20240913T2100,9.730246,90.8043,4.73506,278.74615
20240913T2200,10.140245,89.54666,5.3517847,289.6538
20240913T2300,9.790245,90.43797,3.4152596,288.43497
20240914T0000,9.5602455,91.101746,3.7064266,299.0546
20240914T0100,9.720245,89.20471,4.1046314,285.25513
20240914T0200,9.700245,89.69227,4.0249224,296.56506
20240914T0300,9.690246,91.23604,3.8939953,303.69006
20240914T0400,9.500245,92.47607,4.39436,304.99203
20240914T0500,9.640245,90.79729,4.39436,304.99203
20240914T0600,9.590245,90.42186,5.1919937,326.30994
20240914T0700,10.3102455,89.37865,9.0645685,353.15723
20240914T0800,11.450245,84.64801,10.446206,358.0251
20240914T0900,12.280245,74.43058,12.287555,5.04245
20240914T1000,13.120245,68.37918,11.659777,8.880646
20240914T1100,13.750245,61.368977,11.720751,10.619659
20240914T1200,14.420245,57.2997,11.659777,8.880646
20240914T1300,14.890245,54.28057,11.609651,7.125
20240914T1400,14.820246,53.95986,12.371645,8.365875
20240914T1500,14.590245,54.655754,12.7279215,8.130096
20240914T1600,14.280245,55.418106,11.792404,12.339081
20240914T1700,13.200245,58.76535,9.9571085,12.528793
20240914T1800,11.510245,66.16171,8.4042845,9.865799
20240914T1900,10.160245,73.78324,6.725354,15.524109
20240914T2000,8.890245,81.23179,6.2145634,10.00798
20240914T2100,7.6002455,88.26958,6.489992,3.1798248
20240914T2200,6.8202453,93.13257,6.9899354,11.888657
20240914T2300,6.380245,93.234085,6.6087217,29.357742
20240915T0000,6.150245,93.74275,6.519877,6.340164
20240915T0100,5.860245,93.988235,6.8399997,360.0
20240915T0200,5.3102455,94.419395,7.5685663,2.7262878
20240915T0300,4.8502455,95.668076,6.830519,18.434952
20240915T0400,4.5702453,95.6544,6.439876,26.565033
20240915T0500,4.3002453,96.800026,6.439876,26.565033
20240915T0600,5.380245,95.962814,5.815978,21.801407
20240915T0700,8.430245,87.92427,7.42159,22.833649
20240915T0800,10.950245,77.2197,10.1887,32.005356
20240915T0900,13.130245,62.50768,12.738099,42.70938
20240915T1000,14.510245,55.86708,10.009036,37.69423
20240915T1100,15.530245,51.93854,11.090103,35.75389
20240915T1200,16.380245,50.079025,11.183201,33.178513
20240915T1300,16.800245,49.504387,10.30883,24.775131
20240915T1400,17.270245,47.745888,10.495713,22.166351
20240915T1500,17.190245,47.590694,10.587917,17.818878
20240915T1600,16.490246,49.762573,10.594036,9.782394
20240915T1700,14.590245,55.9271,8.28,360.0
20240915T1800,12.100245,69.01609,6.4799995,360.0
20240915T1900,10.020246,80.16707,8.4042845,9.865799
20240915T2000,8.650246,86.85832,6.0347,17.35402
20240915T2100,9.620245,80.49648,4.2136917,19.983109
20240915T2200,9.030245,83.71416,2.5959969,56.30993
20240915T2300,8.750245,84.20262,1.609969,116.56505
20240916T0000,7.9902453,88.4309,2.0991426,149.03624
20240916T0100,8.450246,87.0175,1.2979984,123.69006
20240916T0200,7.900245,88.60658,0.71999997,89.99999
20240916T0300,8.070246,87.765945,1.9386592,248.1986
20240916T0400,8.170245,87.53284,1.0182338,44.999985
20240916T0500,8.160246,88.019104,0.0,180.0
20240916T0600,8.660245,85.96188,0.35999998,360.0
20240916T0700,9.610246,85.89161,1.4399999,360.0
20240916T0800,11.110246,83.46267,2.52,360.0
20240916T0900,12.730246,78.998535,4.73506,8.74614
20240916T1000,14.160245,71.74534,4.510787,28.610443
20240916T1100,14.930245,67.23752,8.427383,19.983109
20240916T1200,15.460245,63.533974,7.928178,2.6025543
20240916T1300,15.270246,65.19815,9.007196,357.7094
20240916T1400,14.930245,68.15603,9.826088,351.57306
20240916T1500,14.110246,76.02756,9.826088,351.57306
20240916T1600,13.390245,84.42069,7.928178,357.39746
20240916T1700,12.960245,89.30445,3.319036,347.4712
20240916T1800,12.440246,94.969986,2.4149535,333.43497
20240916T1900,12.220245,97.38833,3.5455887,336.0375
20240916T2000,12.150246,98.3604,4.0249224,349.69516
20240916T2100,12.250245,98.62299,3.2399998,360.0
20240916T2200,12.410245,94.46516,2.0991426,30.963745
20240916T2300,12.290245,97.19651,2.1897945,350.5377
20240917T0000,12.320246,97.39077,3.4152596,341.56506
20240917T0100,12.450245,97.975815,5.4833565,336.8014
20240917T0200,12.470245,97.717255,6.0347,342.646
20240917T0300,12.590245,97.33291,7.2,360.0
20240917T0400,12.720245,97.01497,7.5942073,5.440323
20240917T0500,12.840245,95.80761,7.5685663,2.7262878
20240917T0600,12.900246,94.92669,9.178235,11.309921
20240917T0700,12.990245,94.742325,11.792404,12.339081
20240917T0800,13.040245,95.7515,12.57426,13.240509
20240917T0900,13.130245,96.134514,14.145756,14.743561
20240917T1000,13.840245,92.86586,12.015589,8.615646
20240917T1100,14.940246,88.764725,15.175612,22.306198
20240917T1200,16.130245,84.124825,19.33639,28.950989
20240917T1300,17.190245,80.91391,17.388409,27.09555
20240917T1400,18.110245,76.23291,17.072504,24.943893
20240917T1500,18.050245,73.77073,18.947083,38.82982
20240917T1600,18.030245,72.47176,15.072783,40.15599
20240917T1700,17.100245,76.62101,12.475961,43.830856
20240917T1800,15.5602455,83.014435,12.538134,50.82634
20240917T1900,14.890245,84.64942,11.212135,47.602554
20240917T2000,14.420245,84.59599,9.686609,41.987198
20240917T2100,14.020246,82.93285,8.714677,38.290146
20240917T2200,13.400246,85.27225,9.793059,36.027374
20240917T2300,12.880245,86.19045,10.1887,32.005356
20240918T0000,12.160245,87.63356,11.384198,34.69516
20240918T0100,11.710245,88.360916,11.090103,35.75389
20240918T0200,11.450245,89.11536,11.885453,35.134186
20240918T0300,11.840245,87.72061,10.464797,40.81508
20240918T0400,12.190246,86.17498,8.435069,50.194427
20240918T0500,12.380245,85.21502,7.491114,54.782394
20240918T0600,11.450245,89.295876,7.7043357,52.594643
20240918T0700,14.080245,81.62311,6.618519,44.999985
20240918T0800,16.010246,76.141106,13.202726,64.13365
20240918T0900,17.740246,67.069405,15.484185,72.40757
20240918T1000,18.610245,62.982105,10.966713,66.8014
20240918T1100,19.700245,58.82596,13.684735,63.43495
20240918T1200,20.610245,53.912556,15.646544,66.9745
20240918T1300,21.470245,50.920227,17.309973,73.07248
20240918T1400,22.010244,49.755047,14.587776,74.24882
20240918T1500,22.220245,48.629818,14.494192,75.61861
20240918T1600,21.530245,52.837425,9.0645685,83.15723
20240918T1700,19.660246,60.84235,5.4119864,86.18592
20240918T1800,18.440245,64.81204,4.072935,44.999985
20240918T1900,16.830246,72.01147,6.489992,33.690063
20240918T2000,14.370245,82.48153,8.161764,41.42366
20240918T2100,13.210245,86.91873,8.714677,38.290146
20240918T2200,12.650246,88.38765,5.692099,55.304832
20240918T2300,12.500245,88.492455,3.4152596,71.56504
20240919T0000,12.750245,87.047104,3.7064266,60.945396
20240919T0100,13.080245,86.038795,5.1919937,56.30993
20240919T0200,12.320246,88.120834,3.096837,54.46232
20240919T0300,11.540245,90.88064,1.609969,63.43495
20240919T0400,10.370245,93.857216,1.5273507,44.999985
20240919T0500,9.990245,94.346954,0.8049845,26.565033
20240919T0600,10.570246,94.12181,1.2979984,56.30993
20240919T0700,13.320246,85.949455,2.0991426,30.963745
20240919T0800,15.790245,76.408676,5.3999996,36.86989
20240919T0900,17.840246,68.893585,9.511088,60.524117
20240919T1000,19.370245,62.738903,3.8939953,56.30993
20240919T1100,20.740246,55.329098,7.2,53.130096
20240919T1200,21.600245,51.915062,6.8777895,42.87889
20240919T1300,22.060246,51.112007,7.10031,59.534447
20240919T1400,22.330246,51.285877,7.42159,75.96376
20240919T1500,22.450245,51.453915,6.12,89.99999
20240919T1600,21.950245,56.745266,4.802999,77.00538
20240919T1700,19.450245,65.29111,5.8048253,29.744873
20240919T1800,16.430246,76.310974,6.4096174,38.157227
20240919T1900,15.300245,81.51508,6.4096174,51.842773
20240919T2000,13.630245,88.35826,6.297428,59.036255
20240919T2100,12.640245,92.36543,5.315336,61.699234
20240919T2200,11.900246,94.69357,2.9024127,97.125015
20240919T2300,11.350245,95.62419,3.319036,102.52881
20240920T0000,10.960245,95.54452,4.452954,104.03624
20240920T0100,10.600245,95.5942,4.0249224,116.56505
20240920T0200,10.300245,95.581924,3.6,126.869896
20240920T0300,10.150246,95.060104,3.319036,130.60129
20240920T0400,10.000245,94.60359,4.3349743,138.36646
20240920T0500,10.080245,94.351524,5.6002855,135.0
20240920T0600,10.680245,94.82802,5.904439,127.56859
20240920T0700,13.0602455,88.71988,4.5820518,135.0
20240920T0800,15.650246,81.40025,4.3349743,138.36646
20240920T0900,17.860245,77.34581,5.0911684,135.0
20240920T1000,19.390245,73.85964,4.8433046,138.01279
20240920T1100,21.100245,65.90182,6.28713,156.37062
20240920T1200,22.400246,59.09039,3.96,180.0
20240920T1300,23.370245,54.231026,0.71999997,270.0
20240920T1400,23.700245,51.242607,3.9763298,5.194412
20240920T1500,23.450245,51.887978,6.28713,23.629364
20240920T1600,22.950245,53.17266,6.989936,34.508514
20240920T1700,20.400246,63.014404,5.95906,25.016876
20240920T1800,17.280245,77.96749,7.729527,27.75853
20240920T1900,15.650246,84.846085,6.696387,36.25383
20240920T2000,14.410245,90.60867,5.8603754,47.489548
20240920T2100,13.080245,94.24643,4.6938257,57.5288
20240920T2200,12.280245,96.04208,3.7585104,73.30075
20240920T2300,11.610246,98.22011,3.5455887,113.96249
20240921T0000,11.480246,97.69512,3.0547013,135.0
20240921T0100,11.290245,96.84552,3.8268526,131.18591
20240921T0200,11.230246,95.61945,3.219938,116.56505
20240921T0300,11.140245,94.91285,2.3051248,128.6598
20240921T0400,10.8102455,94.57903,2.5455842,135.0
20240921T0500,10.650246,94.25301,3.563818,135.0
20240921T0600,11.080245,94.84643,4.6938257,147.52881
20240921T0700,13.410245,89.164154,3.8773184,158.1986
20240921T0800,16.290245,81.8602,3.0758414,159.44395
20240921T0900,18.910246,74.645454,2.7416782,156.8014
20240921T1000,20.500246,69.963066,3.319036,130.60129
20240921T1100,22.000246,63.4957,2.9024127,119.74488
20240921T1200,23.100245,58.95064,1.2979984,56.30993
20240921T1300,23.660246,54.340305,2.1897945,9.462311
20240921T1400,24.040245,52.520508,4.896529,17.102722
20240921T1500,23.670246,53.533195,6.6185193,22.380127
20240921T1600,22.980246,55.858807,5.4833565,23.198593
20240921T1700,19.810246,70.19432,6.130579,356.63354
20240921T1800,17.710245,78.54339,6.849467,356.98724
20240921T1900,17.030245,80.62862,7.5170207,16.69925
20240921T2000,14.850245,88.990585,7.386582,43.025055
20240921T2100,13.180245,94.25115,5.315336,61.699234
20240921T2200,12.360246,95.59957,2.1897945,99.46232
20240921T2300,12.000245,96.8664,1.9386592,111.80141
20240922T0000,11.570246,97.04791,2.1897945,99.46232
20240922T0100,11.340245,96.00859,2.1897945,99.46232
20240922T0200,11.400246,94.73396,2.2768397,108.434944
20240922T0300,11.250245,95.04517,2.5455842,135.0
20240922T0400,11.130245,96.12969,3.096837,144.46231
20240922T0500,11.0602455,97.4893,3.8268526,138.81407
20240922T0600,11.650246,97.05014,4.8433046,138.01279
20240922T0700,13.680245,92.67321,4.39436,145.00798
20240922T0800,16.510246,85.32886,3.5455887,156.0375
20240922T0900,19.160246,77.59526,2.9024127,172.87498
20240922T1000,20.860245,69.26723,2.9024127,187.12502
20240922T1100,22.040245,63.135376,1.835647,258.69006
20240922T1200,22.460245,61.136208,1.8,323.13013
20240922T1300,22.880245,58.898117,3.096837,324.46234
20240922T1400,23.050245,57.801674,4.3349743,318.36646
20240922T1500,22.810246,58.80491,5.0142193,291.0375
20240922T1600,21.430244,65.886086,6.924738,261.02737
20240922T1700,19.630245,74.09261,5.937272,255.96376
20240922T1800,17.790245,87.41151,5.506941,258.69006
20240922T1900,17.290245,90.517845,3.396233,237.99463
20240922T2000,16.440247,93.91101,3.2399998,180.0
20240922T2100,15.880245,96.84192,4.6102495,141.34018
20240922T2200,15.930245,96.03474,4.3349743,184.76364
20240922T2300,15.450245,97.08235,5.2416787,195.9454
20240923T0000,14.880245,97.19539,5.1544156,192.09476
20240923T0100,14.790245,96.81493,4.73506,188.74615
20240923T0200,14.920245,96.128525,4.3349743,175.23636
20240923T0300,14.770246,96.3745,3.4152596,161.56505
20240923T0400,14.740245,96.37364,4.0249224,169.69516
20240923T0500,14.940246,96.316795,3.9763298,174.80557
20240923T0600,15.260245,95.76543,3.6,180.0
20240923T0700,15.720245,94.4268,4.452954,194.03624
20240923T0800,16.250246,93.59981,3.219938,206.56505
20240923T0900,16.740246,92.48537,3.8268526,221.18593
20240923T1000,17.200245,87.18874,6.6087217,209.35776
20240923T1100,17.030245,88.650826,8.78872,214.99202
20240923T1200,16.860245,90.838844,7.42159,230.90614
20240923T1300,16.380245,91.04169,7.386582,226.97495
20240923T1400,16.120245,90.142784,6.696387,233.74615
20240923T1500,15.900246,89.13501,6.489992,236.30994
20240923T1600,15.690246,89.64252,4.8965297,216.02737
20240923T1700,15.260245,92.22076,4.68,180.0
20240923T1800,13.850245,96.473595,4.802999,167.00539
20240923T1900,13.510245,97.03562,4.802999,167.00539
20240923T2000,13.200245,97.15548,5.2416787,164.0546
20240923T2100,12.870245,97.46824,5.154415,155.22485
20240923T2200,12.640245,97.9148,6.489992,160.55997
20240923T2300,12.280245,99.21258,6.638072,167.47119
20240924T0000,12.110246,98.490234,6.519877,173.6598
20240924T0100,12.510245,96.88094,7.5599995,180.0
20240924T0200,13.100245,94.62197,7.208994,182.86241
20240924T0300,13.240245,93.20077,7.5685663,177.27368
20240924T0400,13.440246,91.502075,7.9526596,174.80557
20240924T0500,13.580245,90.24864,8.64,180.0
20240924T0600,13.820246,89.08047,9.826088,188.42697
20240924T0700,14.370245,87.66839,11.440979,204.14554
20240924T0800,15.070246,85.1737,12.313894,217.87498
20240924T0900,16.250246,79.05118,16.641972,231.14662
20240924T1000,17.260244,67.59582,14.336861,231.11551
20240924T1100,17.590246,61.744293,15.124284,231.76617
20240924T1200,18.360245,58.02574,15.9134655,232.35239
20240924T1300,18.600245,56.733788,17.873556,235.66978
20240924T1400,18.470245,58.32708,18.388212,246.9487
20240924T1500,18.470245,61.251614,14.8257065,240.9454
20240924T1600,17.910246,64.22173,10.97262,221.0091
20240924T1700,16.530245,69.45757,9.931042,223.5312
20240924T1800,15.270246,75.51258,8.287822,214.38034
20240924T1900,14.610246,78.386665,8.557102,202.24902
20240924T2000,14.030245,80.58629,7.968939,198.43495
20240924T2100,13.720245,82.1775,8.311245,197.65013
20240924T2200,13.930245,80.73417,7.771331,193.3925
20240924T2300,13.5602455,83.2081,7.2359104,174.28941
20240925T0000,13.580245,83.656845,7.771331,166.6075
20240925T0100,13.510245,83.76027,7.42159,165.96376
20240925T0200,13.5602455,84.83604,8.209263,164.74487
20240925T0300,13.850245,83.18862,8.825508,168.2317
20240925T0400,13.890245,83.249115,8.825508,168.2317
20240925T0500,13.780245,83.45805,8.4042845,170.13419
20240925T0600,14.070246,82.27812,7.342588,168.69006
20240925T0700,15.260245,79.37736,7.628263,160.70996
20240925T0800,16.720245,73.53519,7.69592,169.2157
20240925T0900,17.940245,70.20045,8.669949,175.23636
20240925T1000,18.950245,66.79313,11.91812,205.01689
20240925T1100,19.820246,63.465755,17.873556,214.33022
20240925T1200,19.950245,58.92608,19.008545,217.30396
20240925T1300,19.940245,56.730526,20.390114,227.86241
20240925T1400,20.040245,54.052876,15.7908325,226.84761
20240925T1500,18.970245,56.03095,15.530151,225.9392
20240925T1600,18.360245,56.291283,13.493999,223.91908
20240925T1700,17.430244,58.939053,10.630672,208.30077
20240925T1800,16.390245,67.2319,8.557102,194.62088
20240925T1900,16.250246,70.10121,7.5942073,174.55966
20240925T2000,15.420245,78.61464,7.42159,165.96376
20240925T2100,15.240245,83.800446,8.217153,151.18921
20240925T2200,15.3102455,84.41834,7.7879906,146.30994
20240925T2300,15.160245,86.65331,9.659814,153.43495
20240926T0000,15.050245,87.61615,13.905509,158.7495
20240926T0100,14.750245,91.1695,15.941944,154.59229
20240926T0200,14.970245,91.90268,16.965895,162.7185
20240926T0300,16.050245,87.8794,16.24394,167.19574
20240926T0400,16.850245,87.32585,14.4,180.0
20240926T0500,17.470245,87.382545,15.745627,190.53918
20240926T0600,17.670246,87.34441,18.709612,210.01837
20240926T0700,17.680244,88.19243,20.26899,213.40782
20240926T0800,17.740246,88.93715,18.971008,213.38852
20240926T0900,17.650246,88.98715,15.315873,209.57784
20240926T1000,17.880245,90.268906,14.773164,223.02507
20240926T1100,17.530245,92.528694,15.463246,204.77515
20240926T1200,17.390245,93.41402,16.87398,168.9298
20240926T1300,16.970245,92.49808,14.440443,184.28915
20240926T1400,16.470245,92.6495,12.57426,193.24052
20240926T1500,15.960245,93.707016,17.015474,173.92754
20240926T1600,16.220245,90.384285,20.008356,171.7241
20240926T1700,16.370245,86.37713,19.201874,173.54118
20240926T1800,16.510246,84.05847,18.391735,183.36646
20240926T1900,16.900246,82.42134,17.114204,194.62088
20240926T2000,17.040245,80.524666,18.374111,214.62416
20240926T2100,16.430246,79.756676,20.371038,226.4321
20240926T2200,16.450245,79.49778,20.380579,234.34467
20240926T2300,16.100246,80.81958,18.278645,237.875
20240927T0000,16.030245,81.88032,16.485485,238.3925
20240927T0100,15.540245,83.340645,15.807239,239.93141
20240927T0200,15.210245,84.18465,14.277983,236.30994
20240927T0300,14.750245,84.913795,13.276144,229.39871
20240927T0400,14.330245,85.48792,12.218805,225.0
20240927T0500,14.0602455,85.74278,10.799999,216.8699
20240927T0600,14.3102455,82.96924,13.004922,221.63354
20240927T0700,15.120245,79.7797,14.76439,225.0
20240927T0800,15.370245,76.79876,15.580141,229.68591
20240927T0900,15.720245,74.88751,15.580141,229.68591
20240927T1000,15.400246,78.039406,17.283749,234.3236
20240927T1100,15.550245,71.48169,20.68356,238.52316
20240927T1200,14.410245,73.36226,19.813087,245.29758
20240927T1300,13.180245,77.48003,23.006226,249.86371
20240927T1400,14.040245,76.426414,19.319628,243.43495
20240927T1500,14.710245,70.64796,19.08,238.1092
20240927T1600,14.480246,70.55455,14.773164,226.97495
20240927T1700,13.930245,72.877815,13.493999,226.08093
20240927T1800,12.910245,75.41184,12.475961,223.83087
20240927T1900,12.390245,78.03918,13.237038,225.0
20240927T2000,11.970245,79.04303,12.261157,220.23636
20240927T2100,11.300245,81.01881,11.885453,215.13419
20240927T2200,12.280245,76.28558,8.587338,213.02386
20240927T2300,12.190246,76.478966,11.246759,219.80557
20240928T0000,12.120245,77.677536,12.229406,227.38594
20240928T0100,12.0602455,81.84525,12.738099,227.29062
20240928T0200,11.900246,85.622,11.988594,228.65222
20240928T0300,11.650246,88.89295,10.799999,233.1301
20240928T0400,11.410245,92.47388,9.511088,240.52411
20240928T0500,11.350245,94.224915,8.225035,246.8014
20240928T0600,11.350245,94.35139,6.130579,266.63354
20240928T0700,11.610246,92.54851,6.151683,290.55603
20240928T0800,11.880245,90.358574,9.793059,323.97263
20240928T0900,12.120245,82.24265,12.397806,334.17902
20240928T1000,12.450245,78.79491,10.137692,343.49564
20240928T1100,12.850245,74.533295,8.534353,332.35403
20240928T1200,13.330245,68.51765,8.654987,315.0
20240928T1300,13.640245,65.366745,10.464797,310.8151
20240928T1400,13.330245,65.161476,10.948973,313.6678
20240928T1500,13.220245,64.59852,11.212135,317.60257
20240928T1600,12.880245,67.39284,8.78872,325.008
20240928T1700,11.490245,72.96599,3.8939953,326.30994
20240928T1800,9.740245,82.599976,3.6,306.8699
20240928T1900,8.920245,86.827324,3.4152596,288.43497
20240928T2000,8.120246,89.42984,3.5455887,293.9625
20240928T2100,7.860245,91.158966,3.096837,305.5377
20240928T2200,8.360246,87.55248,0.0,180.0
20240928T2300,7.9902453,87.4533,0.35999998,360.0
20240929T0000,7.8702455,86.83409,0.8049845,116.56505
20240929T0100,7.9702454,86.122406,1.1384199,71.56504
20240929T0200,6.3202453,92.12745,3.4152596,71.56504
20240929T0300,5.650245,94.77091,5.506941,78.69006
20240929T0400,5.0702453,96.42268,6.28713,76.75948
20240929T0500,4.9302454,97.166664,5.8603754,79.38034
20240929T0600,5.3202453,96.63659,6.0347,72.64597
20240929T0700,7.110245,92.18467,7.172949,72.47443
20240929T0800,9.170245,86.25734,7.5170207,73.30075
20240929T0900,11.160245,77.89466,9.605998,77.00538
20240929T1000,12.250245,73.5125,8.766573,70.820984
20240929T1100,13.830245,64.82776,12.682018,83.480194
20240929T1200,14.900246,59.646404,13.797912,97.49586
20240929T1300,15.260245,57.75491,14.05845,103.324524
20240929T1400,15.3102455,57.21254,12.181625,108.9704
20240929T1500,15.210245,59.559547,9.83268,113.7495
20240929T1600,14.410245,69.213005,6.763786,115.20112
20240929T1700,13.220245,71.02702,6.297428,120.963745
20240929T1800,11.8102455,74.19205,6.6087217,119.35774
20240929T1900,11.110246,79.12664,7.145796,139.08562
20240929T2000,9.790245,88.4818,6.439876,153.43495
20240929T2100,9.430245,90.34703,6.9247384,152.10272
20240929T2200,8.950245,91.68212,5.634891,153.43495
20240929T2300,9.120245,91.13062,7.42159,157.16635
20240930T0000,9.330245,90.710884,6.792466,147.99461
20240930T0100,9.710245,88.534836,5.692099,145.30484
20240930T0200,10.010245,88.26102,5.8048253,150.25511
20240930T0300,10.3102455,89.37865,6.763786,154.79887
20240930T0400,10.450245,90.42916,7.8954163,155.77225
20240930T0500,10.690246,89.89811,8.049845,153.43495
20240930T0600,10.960245,89.55607,7.5942082,148.57043
20240930T0700,11.990245,87.85325,7.9036193,149.93141
20240930T0800,13.930245,81.87612,7.729527,152.24146
20240930T0900,16.340246,72.01537,8.089993,159.14554
20240930T1000,17.970245,64.62178,10.483357,195.9454
20240930T1100,19.060246,60.578915,11.792404,211.26373
20240930T1200,19.370245,55.27308,21.67487,237.89374
20240930T1300,19.020245,56.649734,20.771093,244.32318
20240930T1400,19.100245,58.757355,15.379206,249.44395
20240930T1500,19.150246,59.718636,14.241629,253.85567
20240930T1600,18.340246,63.425377,10.365251,249.67686
20240930T1700,16.930244,69.86257,8.78872,235.00798
20240930T1800,15.770246,74.29982,7.8954163,223.15239
20240930T1900,15.750245,74.99251,7.7043357,217.40535
20240930T2000,15.760245,74.44675,8.373386,205.46335
20240930T2100,15.800245,73.762215,7.8954163,204.22775
20240930T2200,15.400246,76.59933,9.422101,226.54816
20240930T2300,15.450245,75.64392,8.913181,226.63658
20241001T0000,15.380245,74.77866,8.0899935,212.27565
20241001T0100,15.130245,75.99496,8.39657,210.96376
20241001T0200,14.860246,77.54034,10.44,223.60281
20241001T0300,14.740245,78.87893,10.97262,228.9909
20241001T0400,14.450245,80.05569,10.703569,227.72632
20241001T0500,14.220245,80.34417,9.673221,225.0
20241001T0600,14.140245,80.70959,9.178235,221.82018
20241001T0700,14.320246,80.89652,9.422101,223.45184
20241001T0800,14.930245,80.01787,8.942214,220.1009
20241001T0900,15.500245,77.02444,10.195057,222.1376
20241001T1000,16.100246,72.693825,11.480557,221.18593
20241001T1100,15.890245,70.927025,9.085988,213.69006
20241001T1200,15.490245,74.05228,7.5170207,196.69925
20241001T1300,14.910245,78.43266,7.928178,177.39743
20241001T1400,14.220245,83.622986,7.289444,159.77515
20241001T1500,13.430245,90.416855,5.634891,153.43495
20241001T1600,13.020246,93.25038,4.39436,145.00798
20241001T1700,12.750245,94.98319,4.1046314,127.874985
20241001T1800,12.610246,95.989876,4.0249224,116.56505
20241001T1900,12.570246,96.6904,5.00128,120.25643
20241001T2000,12.510245,97.33093,4.73506,98.74616
20241001T2100,12.530245,97.46031,3.0758414,69.443954
20241001T2200,12.570246,98.30243,3.396233,32.005356
20241001T2300,12.600245,98.432884,2.3051248,321.3402
20241002T0000,12.650246,97.14148,1.8,216.8699
20241002T0100,12.510245,95.9228,3.2599385,263.65982
20241002T0200,12.420245,94.71708,5.8603754,259.38034
20241002T0300,12.240245,93.45584,6.151683,249.44395
20241002T0400,11.990245,89.042564,6.763786,244.79889
20241002T0500,11.550245,89.30449,8.089993,249.14554
20241002T0600,11.210245,89.75895,7.24486,243.43495
20241002T0700,11.640245,87.111084,8.049845,243.43495
20241002T0800,12.290245,84.86099,8.557102,247.75098
20241002T0900,12.930245,83.52109,7.8625183,254.0546
20241002T1000,13.410245,80.76947,5.3517847,227.72632
20241002T1100,13.430245,77.94013,4.39436,235.00798
20241002T1200,13.5602455,77.85564,3.7585104,253.30075
20241002T1300,13.920245,74.42133,2.1897945,260.5377
20241002T1400,13.960245,74.37818,1.2979984,213.69006
20241002T1500,14.050245,76.37665,1.1384199,161.56505
20241002T1600,13.870245,78.64131,1.609969,153.43495
20241002T1700,13.480246,80.238304,1.8,143.1301
20241002T1800,12.710245,84.90937,2.1897945,99.46232
20241002T1900,12.130245,87.74855,2.9024127,82.874985
20241002T2000,11.850245,86.78041,3.2399998,89.99999
20241002T2100,11.580245,87.93254,3.319036,77.47118
20241002T2200,11.030245,91.89056,5.495161,58.392494
20241002T2300,10.000245,96.87091,5.495161,31.607498
20241003T0000,9.870245,97.39223,5.506941,11.309921
20241003T0100,9.570246,97.97936,7.5170207,16.69925
20241003T0200,9.320246,98.23967,8.825508,11.76828
20241003T0300,9.300245,97.64102,7.9932976,7.765167
20241003T0400,8.980246,96.969864,7.9932976,7.765167
20241003T0500,8.690246,96.695915,7.5942073,5.440323
20241003T0600,9.150246,95.99017,7.6367526,8.130096
20241003T0700,10.100245,92.95579,10.661107,11.689362
20241003T0800,11.220245,88.85462,14.654254,27.824081
20241003T0900,12.230246,83.772865,15.379206,32.57405
20241003T1000,12.650246,83.20566,11.620809,16.189209
20241003T1100,12.770246,82.60662,11.966954,15.708633
20241003T1200,12.990245,84.37373,14.587776,15.751175
20241003T1300,12.640245,86.57055,16.418526,15.255127
20241003T1400,12.260245,87.17343,16.946787,12.2647705
20241003T1500,12.150246,86.5196,16.418526,15.255127
20241003T1600,11.750245,86.12775,14.685176,11.309921
20241003T1700,11.330245,86.4917,13.084402,7.9071655
20241003T1800,11.040245,85.52561,13.441071,7.6960297
20241003T1900,10.820246,85.617256,13.084402,7.9071655
20241003T2000,10.480246,86.5778,12.324414,6.7098236
20241003T2100,10.290245,86.26221,12.324414,6.7098236
20241003T2200,10.230246,85.96111,12.074766,10.30484
20241003T2300,10.260245,85.14469,11.183201,3.6913757
20241004T0000,10.170245,84.84289,11.609651,352.875
20241004T0100,9.980246,84.995094,11.525623,358.21008
20241004T0200,9.880245,84.69175,11.159999,360.0
20241004T0300,9.820246,85.26864,10.799999,360.0
20241004T0400,9.650246,85.48366,11.165805,1.8475952
20241004T0500,9.600245,84.89146,11.5199995,360.0
20241004T0600,9.500245,85.23115,13.339445,3.09404
20241004T0700,9.750245,84.79265,14.830076,5.5721893
20241004T0800,10.450245,82.63831,15.39184,10.7842865
20241004T0900,11.200245,78.22282,15.484185,17.592407
20241004T1000,12.220245,74.726204,12.783802,9.72757
20241004T1100,12.650246,71.1574,13.75558,6.0090027
20241004T1200,12.940246,69.19217,14.154915,7.3057404
20241004T1300,13.040245,68.73918,14.869351,6.952957
20241004T1400,12.990245,69.25015,15.629972,7.943466
20241004T1500,12.890245,72.13723,13.910169,10.437485
20241004T1600,12.280245,77.07043,11.304229,9.1623535
20241004T1700,11.510245,82.609505,7.6367526,8.130096
20241004T1800,11.040245,86.34347,7.2359104,5.7105865
20241004T1900,10.570246,89.58357,7.2805495,8.530762
20241004T2000,10.190246,92.33287,6.519877,6.340164
20241004T2100,10.0602455,93.206,6.12,360.0
20241004T2200,9.750245,94.78412,5.506941,11.309921
20241004T2300,9.470245,95.28769,6.2145634,10.00798
20241005T0000,9.110246,95.72728,6.5693827,9.462311
20241005T0100,8.870245,96.175766,6.28713,13.240509
20241005T0200,9.070246,96.18344,4.5536795,18.434952
20241005T0300,8.700245,96.16917,4.802999,12.994629
20241005T0400,8.760245,95.64719,4.68,360.0
20241005T0500,8.710245,95.90698,5.4477882,7.594635
20241005T0600,8.570246,96.29577,6.162207,6.7098236
20241005T0700,9.330245,94.24861,8.12197,12.804245
20241005T0800,10.340245,89.502975,8.217153,28.810776
20241005T0900,11.480246,81.93329,8.669949,41.63353
20241005T1000,12.290245,80.01084,6.297428,30.963745
20241005T1100,13.280245,72.8549,8.404285,46.735703
20241005T1200,13.860246,69.80986,9.686609,48.01277
20241005T1300,14.150246,69.39516,9.0,36.86989
20241005T1400,14.160245,69.728455,8.427383,19.983109
20241005T1500,13.940246,71.07242,8.557102,14.620865
20241005T1600,13.340245,72.71748,6.87779,6.0090027
20241005T1700,10.860246,85.621765,4.73506,8.74614
20241005T1800,9.080245,92.06921,6.763786,25.201126
20241005T1900,8.740245,91.66684,6.989936,34.508514
20241005T2000,8.480246,92.4079,7.289445,57.094757
20241005T2100,6.7002454,96.48916,6.151683,69.443954
20241005T2200,6.0502453,96.32861,3.8773184,111.80141
20241005T2300,5.8402452,95.91634,4.452954,104.03624
20241006T0000,5.5802455,96.57927,6.830519,108.434944
20241006T0100,5.8102455,95.112274,7.24486,116.56505
20241006T0200,5.8402452,94.25109,6.638072,139.3987
20241006T0300,5.7402453,94.9754,6.618519,135.0
20241006T0400,5.940245,95.71982,6.638072,130.60129
20241006T0500,6.0702453,95.592155,6.1094027,135.0
20241006T0600,6.2602453,95.46777,5.6002855,135.0
20241006T0700,7.610245,92.925575,5.8603754,137.48955
20241006T0800,8.620245,89.660034,5.8603754,137.48955
20241006T0900,9.780245,86.74022,6.4096174,141.84277
20241006T1000,11.410245,83.841995,5.692099,145.30484
20241006T1100,12.330245,81.54998,9.085988,146.30994
20241006T1200,14.220245,76.0461,10.383987,146.30994
20241006T1300,15.680245,70.74362,9.290511,144.46231
20241006T1400,16.510246,65.91601,9.021574,151.38954
20241006T1500,16.010246,69.86603,8.557102,157.75098
20241006T1600,15.030245,72.10593,7.628263,160.70996
20241006T1700,14.0602455,79.199684,7.7879906,146.30994
20241006T1800,13.510245,82.53608,7.289445,147.09476
20241006T1900,12.900246,86.36587,7.491114,144.78241
20241006T2000,12.720245,87.981224,6.989936,145.49147
20241006T2100,12.650246,89.81657,6.989936,145.49147
20241006T2200,12.390245,95.34712,8.373386,154.53665
20241006T2300,12.460245,95.92103,8.534353,152.35402
20241007T0000,12.350245,97.06929,7.8954163,155.77225
20241007T0100,12.220245,97.97126,7.289444,159.77515
20241007T0200,12.410245,98.36478,7.10031,149.53445
20241007T0300,12.450245,99.08327,8.161764,138.57634
20241007T0400,12.150246,99.73807,7.491114,144.78241
20241007T0500,12.420245,99.08293,5.991594,147.26477
20241007T0600,12.730246,98.045944,6.12,151.9275
20241007T0700,13.470245,95.70386,7.4128532,150.94539
20241007T0800,14.750245,92.43179,7.729527,152.24146
20241007T0900,15.990245,89.49091,7.10031,149.53445
20241007T1000,17.100245,84.89402,3.7585104,163.30075
20241007T1100,18.090246,81.08605,8.311245,175.03026
20241007T1200,19.020245,77.22369,7.9932976,172.23483
20241007T1300,19.040245,76.33224,4.0249224,153.43495
20241007T1400,18.710245,79.971855,3.6,143.1301
20241007T1500,18.270245,85.952995,4.6938257,122.47119
20241007T1600,17.610245,88.92677,4.6102495,128.6598
20241007T1700,17.240246,91.15678,5.8048253,119.74488
20241007T1800,16.830246,91.83763,7.771331,103.392494
20241007T1900,16.580246,91.58574,8.669949,94.76365
20241007T2000,16.310246,93.000435,5.4119864,93.81408
20241007T2100,16.050245,94.25791,3.563818,135.0
20241007T2200,15.500245,97.52368,5.506941,191.30994
20241007T2300,15.510245,96.83296,7.9932976,172.23483
20241008T0000,15.140245,96.072845,6.638072,139.3987
20241008T0100,14.710245,97.63496,6.8777895,132.8789
20241008T0200,14.290245,98.521774,6.489992,146.30994
20241008T0300,14.210245,98.64928,6.924738,171.02737
20241008T0400,14.100245,98.3266,5.1544156,192.09476
20241008T0500,14.090245,98.07003,6.489992,199.44003
20241008T0600,14.0602455,96.479744,7.8625183,195.9454
20241008T0700,14.150246,97.1151,6.5693827,189.46233
20241008T0800,14.430245,97.37534,6.0347,197.35403
20241008T0900,14.630245,97.506454,4.1046314,217.87498
20241008T1000,15.030245,91.30776,3.396233,147.99461
20241008T1100,14.770246,94.63229,6.130579,183.36646
20241008T1200,14.600245,93.51834,5.495161,211.6075
20241008T1300,14.490245,92.96322,4.1046314,217.87498
20241008T1400,14.900246,92.38017,3.7585104,163.30075
20241008T1500,15.110246,91.85137,4.452954,165.96376
20241008T1600,14.790245,93.58906,4.32,180.0
20241008T1700,14.110246,94.60407,4.3498964,155.55605
20241008T1800,13.480246,95.326996,5.815978,158.1986
20241008T1900,13.110246,95.3755,6.0347,162.64597
20241008T2000,12.790245,95.742455,6.0347,162.64597
20241008T2100,12.330245,96.36309,6.151683,159.44395
20241008T2200,11.930245,95.71048,8.209263,164.74487
20241008T2300,11.440246,96.1407,9.028754,156.50143
20241009T0000,11.100245,96.45131,7.5685663,154.65382
20241009T0100,10.690246,97.15304,9.0,143.1301
20241009T0200,10.280245,97.33785,8.587338,146.97614
20241009T0300,10.010245,97.461876,7.9932966,144.16235
20241009T0400,9.750245,98.04984,7.9932966,144.16235
20241009T0500,9.670245,97.98171,6.792466,147.99461
20241009T0600,10.050245,96.350266,7.491114,144.78241
20241009T0700,11.290245,93.78029,7.7879906,146.30994
20241009T0800,12.940246,91.10412,8.0899935,147.72435
20241009T0900,14.290245,86.96814,8.78872,145.00798
20241009T1000,15.630245,81.61268,9.0,143.1301
20241009T1100,17.000246,75.90243,10.00256,149.74356
20241009T1200,17.600245,74.324036,9.983106,154.359
20241009T1300,17.770245,71.10002,9.360001,157.38013
20241009T1400,18.030245,69.8484,10.233123,140.71059
20241009T1500,17.760244,72.852585,10.97262,131.0091
20241009T1600,17.240246,76.7441,9.1641035,135.0
20241009T1700,15.600245,85.904945,6.28713,166.75948
20241009T1800,15.470245,87.0826,4.896529,162.89728
20241009T1900,15.630245,86.64292,6.6185193,157.61987
20241009T2000,16.300245,82.99601,9.19939,149.42078
20241009T2100,17.110245,75.07563,13.849477,152.10272
20241009T2200,17.450245,80.475586,17.294992,182.38594
20241009T2300,18.170246,77.74708,19.914217,192.52881
20241010T0000,18.660246,75.925415,20.037485,197.78389
20241010T0100,18.180244,78.66372,23.770906,215.13419
20241010T0200,16.240246,84.523445,28.673721,241.50436
20241010T0300,14.390245,86.11932,24.72495,253.94002
20241010T0400,13.900246,83.41712,19.130875,250.20113
20241010T0500,13.520246,82.20627,16.267857,245.1363
20241010T0600,13.180245,82.659676,15.141414,241.60698
20241010T0700,13.570246,80.41311,14.654254,242.1759
20241010T0800,14.150246,77.06395,13.684735,243.43495
20241010T0900,14.750245,74.218605,15.941944,244.59229
20241010T1000,15.110246,69.73215,13.089354,238.49574
20241010T1100,15.230246,69.615364,14.20062,239.53445
20241010T1200,15.730246,68.69247,15.807239,239.93141
20241010T1300,15.600245,68.66561,14.8257065,240.9454
20241010T1400,15.770246,67.09957,15.484185,252.40758
20241010T1500,15.260245,71.42589,11.720751,259.38034
20241010T1600,14.510245,78.005165,12.7279215,241.26021
20241010T1700,13.780245,81.03826,10.514218,231.95296
20241010T1800,13.390245,84.59019,10.233123,230.7106
20241010T1900,13.000245,85.5135,12.031756,231.07246
20241010T2000,12.720245,86.00033,11.753876,229.96974
20241010T2100,12.380245,87.1854,11.212135,222.39745
20241010T2200,11.800245,91.26662,8.78872,214.99202
20241010T2300,11.720245,91.13846,10.44,223.60281
20241011T0000,11.640245,91.50065,11.592894,233.84181
20241011T0100,11.580245,91.31222,9.983106,244.359
20241011T0200,11.460245,91.61115,9.028754,246.50143
20241011T0300,11.160245,92.02327,10.390226,255.96376
20241011T0400,11.010245,92.82306,9.531505,259.11447
20241011T0500,10.850245,91.38305,6.489992,250.55997
20241011T0600,10.680245,89.95826,5.1919937,236.30994
20241011T0700,11.130245,88.666374,6.4096174,231.84277
20241011T0800,11.990245,82.728584,7.10031,239.53445
20241011T0900,12.870245,73.879074,5.634891,243.43495
20241011T1000,13.550245,75.06399,4.3349743,228.36647
20241011T1100,13.890245,70.96598,4.1046314,254.74487
20241011T1200,14.400246,67.58227,3.7064266,299.0546
20241011T1300,14.540245,62.88671,3.8939953,326.30994
20241011T1400,14.540245,62.456303,5.1544156,347.90524
20241011T1500,14.050245,66.13574,7.0911775,23.962494
20241011T1600,13.010245,75.378,7.289445,32.905228
20241011T1700,10.940246,87.69219,4.8965297,36.027374
20241011T1800,9.870245,91.74798,7.145796,40.914368
20241011T1900,8.840245,95.25924,6.696387,36.25383
20241011T2000,7.8302455,96.86502,5.3517847,42.27368
20241011T2100,7.0702453,97.57779,6.638072,49.398697
20241011T2200,6.5102453,97.08726,5.8048253,60.25511
20241011T2300,5.9502454,96.8643,4.896529,72.89727
20241012T0000,5.5702453,97.66719,4.0249224,79.695145
20241012T0100,5.3702455,97.182594,4.68,89.99999
20241012T0200,5.190245,96.90339,4.452954,104.03624
20241012T0300,4.920245,96.756584,4.6938257,122.47119
20241012T0400,5.400245,96.77551,5.3517847,132.27368
20241012T0500,5.650245,96.37936,5.6002855,135.0
20241012T0600,5.8202453,96.31901,6.3690495,132.70938
20241012T0700,6.630245,95.35259,6.3690495,137.2906
20241012T0800,8.230246,92.64596,6.638072,139.3987
20241012T0900,9.480246,89.67332,6.9153743,141.34018
20241012T1000,11.120245,86.0009,6.763786,154.79887
20241012T1100,12.610246,81.6435,13.202726,168.99646
20241012T1200,13.640245,79.13665,11.966954,164.29137
20241012T1300,14.640245,75.96362,10.587917,162.1811
20241012T1400,14.340245,81.60353,10.365251,159.67686
20241012T1500,13.640245,87.01946,9.9571085,167.47119
20241012T1600,13.360246,88.15789,10.948973,170.53767
20241012T1700,12.820246,91.886734,11.525623,165.52971
20241012T1800,12.400246,94.21377,11.966954,164.29137
20241012T1900,12.620245,94.22442,12.864649,162.07208
20241012T2000,12.870245,93.42784,11.631956,158.1986
20241012T2100,13.160245,92.39748,10.931203,162.75854
20241012T2200,13.250245,91.671364,11.879999,180.0
20241012T2300,13.690246,91.15674,12.682018,186.5198
20241013T0000,14.260245,90.83667,13.849476,188.97263
20241013T0100,14.840245,90.520905,13.527572,205.20113
20241013T0200,15.010245,90.473915,13.479583,214.11447
20241013T0300,15.140245,90.36507,13.513193,221.7603
20241013T0400,15.320246,91.20786,14.512064,223.99492
20241013T0500,15.240245,90.72733,16.548256,224.11859
20241013T0600,15.040245,90.121445,15.124284,231.76617
20241013T0700,14.990245,90.591,13.363711,242.74467
20241013T0800,15.280245,88.27159,13.627795,257.79953
20241013T0900,15.610246,83.84405,11.609651,277.125
20241013T1000,15.090245,86.36187,10.30883,294.77515
20241013T1100,15.390245,83.818146,10.630672,298.30078
20241013T1200,15.590245,80.589874,9.659814,296.56506
20241013T1300,15.940246,76.38254,9.360001,292.61987
20241013T1400,16.170246,72.70673,6.989936,304.50854
20241013T1500,15.890245,73.58188,6.638072,319.3987
20241013T1600,15.160245,79.046906,3.2399998,360.0
20241013T1700,13.820246,83.51867,4.829907,63.43495
20241013T1800,11.770246,92.12533,4.452954,75.96376
20241013T1900,10.870245,94.773026,4.379589,80.537674
20241013T2000,10.290245,94.489876,3.6,89.99999
20241013T2100,9.480246,96.39516,3.319036,102.52881
20241013T2200,9.290245,97.77342,1.8,89.99999
20241013T2300,9.680245,98.31388,2.6208394,105.9454
20241014T0000,9.840245,98.250786,1.835647,101.30993
20241014T0100,9.740245,97.71863,4.198285,120.96376
20241014T0200,9.620245,98.64573,4.6938257,122.47119
20241014T0300,9.900246,98.318405,4.510787,118.61046
20241014T0400,10.100245,97.92555,5.3517847,132.27368
20241014T0500,10.140245,98.522156,6.3690495,132.70938
20241014T0600,10.540245,98.46327,5.904439,142.4314
20241014T0700,10.850245,96.44293,6.9247384,152.10272
20241014T0800,11.750245,94.055954,7.968939,161.56505
20241014T0900,13.410245,89.99658,8.766573,160.82098
20241014T1000,15.630245,85.514626,9.0,163.73979
20241014T1100,17.750246,77.480415,11.165805,178.15239
20241014T1200,19.250246,71.518814,13.276144,192.52881
20241014T1300,19.870245,69.70527,13.684735,206.56505
20241014T1400,20.410246,68.82089,13.104198,217.18471
20241014T1500,20.450245,69.90814,10.805998,209.98164
20241014T1600,19.620245,74.57178,9.021574,208.61046
20241014T1700,16.910246,85.37117,7.42159,202.83365
20241014T1800,16.190247,87.834724,6.763786,205.20113
20241014T1900,15.870245,89.07453,6.439876,206.56505
20241014T2000,15.550245,90.68994,6.12,208.0725
20241014T2100,14.930245,91.7801,5.95906,205.01689
20241014T2200,14.490245,93.14608,2.52,180.0
20241014T2300,13.920245,94.59582,3.671294,168.69006
20241015T0000,13.510245,95.20272,4.379589,170.53767
20241015T0100,13.120245,96.00743,4.5536795,161.56505
20241015T0200,13.070246,96.38656,5.00128,149.74356
20241015T0300,13.070246,96.89639,4.8433046,138.01279
20241015T0400,12.940246,97.21303,4.3498964,114.44395
20241015T0500,12.870245,97.14714,4.802999,102.99461
20241015T0600,12.720245,97.85175,5.4477882,97.59464
20241015T0700,13.240245,96.58251,5.937272,104.03624
20241015T0800,14.040245,95.22347,5.315336,118.30075
20241015T0900,14.950245,92.2625,5.315336,118.30075
20241015T1000,15.210245,94.037254,6.489992,109.44003
20241015T1100,15.780245,91.53533,5.692099,124.69515
20241015T1200,15.710245,90.93753,6.6185193,112.380135
20241015T1300,15.390245,94.10662,6.489992,123.69006
20241015T1400,15.370245,94.35055,7.172949,107.52557
20241015T1500,15.420245,94.16911,8.557102,112.249016
20241015T1600,15.420245,93.13468,7.289444,110.22486
20241015T1700,14.880245,94.329,7.172949,107.52557
20241015T1800,14.480246,95.364845,5.7599998,89.99999
20241015T1900,14.080245,95.662735,5.6920996,108.434944
20241015T2000,13.660245,96.27815,5.8603754,100.61965
20241015T2100,13.240245,96.51892,6.2145634,100.00798
20241015T2200,12.830245,96.88984,6.696387,126.25384
20241015T2300,12.490245,97.394905,6.696387,126.25384
20241016T0000,12.170245,98.230415,5.3517847,132.27368
20241016T0100,12.090245,97.64409,3.2599385,173.6598
20241016T0200,11.850245,97.6386,3.319036,167.47119
20241016T0300,11.660245,97.24466,3.7064266,150.94539
20241016T0400,11.690246,94.87397,3.5455887,156.0375
20241016T0500,11.8102455,94.184784,4.3498964,155.55605
20241016T0600,11.710245,95.766,4.3349743,138.36646
20241016T0700,12.360246,94.58853,5.1919937,123.69006
20241016T0800,12.850245,94.61079,5.1919937,146.30994
20241016T0900,13.490245,93.89351,4.39436,145.00798
20241016T1000,14.030245,93.18242,4.3498964,114.44395
20241016T1100,15.220245,89.72321,4.072935,135.0
20241016T1200,16.460245,87.00648,7.42159,129.09386
20241016T1300,17.130245,84.67717,5.0911684,135.0
20241016T1400,17.720245,83.005516,3.396233,122.00538
20241016T1500,17.390245,83.995,3.671294,101.30993
20241016T1600,16.240246,88.87323,3.319036,102.52881
20241016T1700,14.860246,92.07631,3.6,89.99999
20241016T1800,14.300245,94.05622,4.802999,102.99461
20241016T1900,14.010245,95.0975,4.8965297,126.027374
20241016T2000,14.110246,94.29434,5.3517847,137.72632
20241016T2100,13.940246,94.907684,5.6233797,140.19443
20241016T2200,13.8102455,95.52766,5.4833565,113.19859
20241016T2300,13.880245,96.095795,5.937272,104.03624
20241017T0000,14.140245,96.22996,6.725354,164.47589
20241017T0100,14.000245,97.2386,6.519877,186.3402
20241017T0200,13.850245,97.937744,4.2136917,160.01689
20241017T0300,13.8102455,98.57987,5.00128,149.74356
20241017T0400,13.730246,98.96654,6.193674,144.46231
20241017T0500,13.600245,98.9652,6.618519,135.0
20241017T0600,13.500245,99.02902,7.42159,129.09386
20241017T0700,13.780245,99.09653,8.4963045,126.38435
20241017T0800,14.690246,97.82518,6.4096174,141.84277
20241017T0900,15.930245,95.84902,4.6800003,157.38013
20241017T1000,18.540245,83.85455,3.8939953,146.30994
20241017T1100,20.060246,78.582016,5.5887027,165.06857
20241017T1200,20.770245,76.50613,7.9526596,185.19443
20241017T1300,20.920246,76.18817,2.5959969,146.30994
20241017T1400,20.730246,76.25574,3.2599385,96.34019
20241017T1500,20.480246,79.09524,3.6179552,95.71059
20241017T1600,19.170246,85.603775,5.0142193,68.96249
20241017T1700,17.510244,90.12705,4.3498964,65.55604
20241017T1800,16.800245,92.072754,5.634891,63.43495
20241017T1900,15.0602455,95.572296,4.6800003,67.380135
20241017T2000,14.100245,97.24092,4.2136917,70.016884
20241017T2100,13.600245,97.22915,4.1046314,74.74488
20241017T2200,13.340245,96.07813,2.9024127,119.74488
20241017T2300,13.140245,96.19826,3.7585104,106.69924
20241018T0000,12.860246,98.11303,3.7064266,119.054596
20241018T0100,12.790245,98.5008,2.1897945,99.46232
20241018T0200,13.130245,97.9888,2.3051248,218.65982
20241018T0300,13.650246,98.90096,7.145796,220.91438
20241018T0400,14.140245,98.51983,6.489992,213.69006
20241018T0500,14.460245,96.55423,6.6087217,209.35776
20241018T0600,14.490245,96.36634,6.6185193,202.38013
20241018T0700,14.730246,95.560745,7.42159,202.83365
20241018T0800,15.160245,92.93911,7.5942082,211.42957
20241018T0900,15.660245,91.94517,7.6367526,225.0
20241018T1000,16.900246,84.322205,7.10031,210.46555
20241018T1100,17.660246,80.45182,9.826088,208.44293
20241018T1200,17.410246,79.84299,8.891343,211.75949
20241018T1300,17.420246,79.169876,7.968939,198.43495
20241018T1400,17.310246,77.71717,7.9932976,187.76517
20241018T1500,16.790245,79.860115,7.771331,193.3925
20241018T1600,16.090246,82.481804,6.379216,196.38954
20241018T1700,15.0602455,87.61707,5.5887027,194.93143
20241018T1800,14.470245,89.48759,5.3517847,199.65382
20241018T1900,13.870245,91.169205,5.0142193,201.0375
20241018T2000,13.420245,91.44017,5.0142193,201.0375
20241018T2100,13.170245,91.42317,4.5536795,198.43495
20241018T2200,12.300245,93.02414,5.95906,205.01689
20241018T2300,12.050245,94.00836,5.7599998,180.0
20241019T0000,11.820246,94.62669,6.162207,173.29016
20241019T0100,11.670245,94.74633,7.208994,177.13759
20241019T0200,11.350245,94.985916,5.0911684,188.1301
20241019T0300,11.0602455,95.22843,7.208994,177.13759
20241019T0400,10.750245,96.310005,6.2145634,169.99202
20241019T0500,10.760245,96.6994,6.0347,162.64597
20241019T0600,11.320246,95.55898,5.6920996,161.56505
20241019T0700,11.920245,94.442055,5.5887027,165.06857
20241019T0800,12.880245,92.25766,3.6,180.0
20241019T0900,14.050245,91.061516,3.6179552,185.71059
20241019T1000,14.950245,88.30048,3.96,180.0
20241019T1100,16.000246,84.2754,5.4119864,183.81407
20241019T1200,16.490246,81.24464,6.489992,183.17982
20241019T1300,16.840246,79.971886,5.8048253,172.87498
20241019T1400,17.430244,77.99027,5.4119864,176.18593
20241019T1500,17.270245,81.61303,4.0249224,169.69516
20241019T1600,16.500246,84.22211,4.072935,135.0
20241019T1700,14.5602455,87.80179,4.8965297,126.027374
20241019T1800,13.270246,91.73345,5.6233797,129.80557
20241019T1900,12.460245,93.46778,4.3349743,131.63353
20241019T2000,11.830245,94.31171,3.563818,135.0
20241019T2100,10.930245,95.92911,2.8116899,129.80557
20241019T2200,11.270246,93.464836,2.5959969,146.30994
20241019T2300,10.400246,95.00722,2.4149535,153.43495
20241020T0000,10.0602455,94.606514,2.8116899,129.80557
20241020T0100,9.870245,93.7662,2.5959969,146.30994
20241020T0200,9.970245,94.73043,3.563818,135.0
20241020T0300,9.970245,96.02209,3.6,126.869896
20241020T0400,10.320246,97.73304,3.563818,135.0
20241020T0500,10.030245,97.990005,3.8773184,158.1986
20241020T0600,10.300245,97.53529,3.6179552,174.28941
20241020T0700,10.860246,96.9625,4.198285,149.03624
20241020T0800,11.650246,94.49234,5.2416787,164.0546
20241020T0900,13.210245,90.10053,4.802999,167.00539
20241020T1000,14.120245,85.40841,3.2599385,186.3402
20241020T1100,15.450245,79.82718,5.4477882,172.40535
20241020T1200,16.380245,77.266685,6.8399997,180.0
20241020T1300,17.000246,75.35442,4.896529,197.10272
20241020T1400,17.860245,71.16404,4.3349743,184.76364
20241020T1500,17.790245,71.29165,5.0142193,158.9625
20241020T1600,16.420246,76.71378,3.8268526,138.81407
20241020T1700,13.250245,91.24694,4.39436,145.00798
20241020T1800,12.190246,94.64371,3.7064266,150.94539
20241020T1900,11.370245,97.107124,3.319036,167.47119
20241020T2000,10.790245,98.59986,3.7585104,163.30075
20241020T2100,10.480246,98.13191,5.154415,155.22485
20241020T2200,10.320246,96.88093,3.319036,167.47119
20241020T2300,10.330245,96.94655,5.00128,149.74356
20241021T0000,9.900246,98.18573,5.315336,151.69923
20241021T0100,9.900246,98.584206,5.6920996,161.56505
20241021T0200,9.870245,97.92017,5.3517847,160.34618
20241021T0300,9.770246,97.85162,5.00128,149.74356
20241021T0400,9.680245,98.1146,4.1046314,142.12502
20241021T0500,9.730246,97.916855,4.39436,145.00798
20241021T0600,9.710245,98.78077,5.6233797,140.19443
20241021T0700,10.790245,95.47337,6.3690495,132.70938
20241021T0800,12.930245,90.43919,5.0911684,135.0
20241021T0900,14.960245,84.48981,3.8268526,131.18591
20241021T1000,17.100245,78.4013,5.8603754,137.48955
20241021T1100,18.930244,73.15784,6.989936,145.49147
20241021T1200,20.200245,68.86872,8.225035,156.8014
20241021T1300,21.080246,65.89759,6.6185193,157.61987
20241021T1400,21.740246,64.05841,6.28713,156.37062
20241021T1500,21.250246,65.80537,4.1046314,142.12502
20241021T1600,19.230246,73.3062,7.145796,139.08562
20241021T1700,15.930245,84.82142,7.289445,147.09476
20241021T1800,13.420245,92.41329,5.634891,153.43495
20241021T1900,12.850245,94.297935,5.4833565,156.8014
20241021T2000,12.470245,96.1124,5.4833565,156.8014
20241021T2100,12.480246,95.79459,6.12,151.9275
20241021T2200,12.480246,96.43182,6.6087217,150.64224
20241021T2300,12.950245,96.06507,7.24486,153.43495
20241022T0000,13.940246,94.34851,7.289444,159.77515
20241022T0100,15.210245,90.01636,6.638072,167.47119
20241022T0200,15.720245,88.30999,6.162207,173.29016
20241022T0300,15.720245,87.67778,5.771239,176.42366
20241022T0400,15.670245,87.845276,5.4477882,172.40535
20241022T0500,15.640245,88.649765,5.4477882,172.40535
20241022T0600,15.460245,89.976425,5.0911684,171.8699
20241022T0700,15.950245,89.08103,5.0911684,171.8699
20241022T0800,16.550245,88.381386,5.04,180.0
20241022T0900,17.010244,87.96429,4.452954,194.03624
20241022T1000,17.380245,86.75609,1.484318,165.96376
20241022T1100,17.560246,87.672676,2.5455842,278.1301
20241022T1200,17.450245,87.4935,4.39436,304.99203
20241022T1300,17.300245,85.799995,4.3349743,318.36646
20241022T1400,16.960245,85.988106,4.3498964,335.55603
20241022T1500,16.340246,87.22185,4.3498964,335.55603
20241022T1600,15.860246,87.1767,4.6800003,337.38013
20241022T1700,15.100245,91.0145,5.4833565,336.8014
20241022T1800,14.870245,91.836365,6.379216,343.61047
20241022T1900,14.580245,92.11949,6.638072,347.4712
20241022T2000,14.040245,93.30551,7.2359104,354.28943
20241022T2100,13.770246,93.660385,6.849467,356.98724
20241022T2200,13.700245,93.28734,4.3349743,355.23636
20241022T2300,13.370245,93.51631,4.802999,12.994629
20241023T0000,13.020246,93.4978,6.28713,13.240509
20241023T0100,12.740245,92.864075,7.5942073,5.440323
20241023T0200,12.200245,92.276306,7.5685663,2.7262878
20241023T0300,11.760245,91.57042,7.2805495,8.530762
20241023T0400,11.600245,90.58008,6.638072,12.528809
20241023T0500,11.240245,90.73573,6.638072,12.528809
20241023T0600,11.040245,89.927025,7.342588,11.309921
20241023T0700,10.970245,89.37524,7.69592,10.7842865
20241023T0800,11.380245,87.61663,7.628263,19.29004
20241023T0900,12.040245,84.48882,7.729527,27.75853
20241023T1000,13.3102455,80.21378,8.707237,29.744873
20241023T1100,14.490245,73.03137,10.086427,34.824493
20241023T1200,15.070246,70.67134,10.703569,42.27368
20241023T1300,15.720245,67.81688,10.195057,47.862396
20241023T1400,15.900246,68.22105,9.693296,58.671295
20241023T1500,15.640245,69.37079,7.5942082,58.570435
20241023T1600,14.490245,76.193695,4.8433046,41.987198
20241023T1700,13.280245,81.40545,6.1305785,40.236343
20241023T1800,12.800245,83.89901,5.8603754,47.489548
20241023T1900,12.230246,85.543205,5.3999996,53.130096
20241023T2000,11.990245,86.853355,4.6102495,51.34018
20241023T2100,11.420245,87.6798,4.1046314,52.125
20241023T2200,11.330245,88.1467,3.396233,57.994614
20241023T2300,11.020246,89.682434,2.9024127,82.874985
20241024T0000,11.370245,89.65121,2.968636,104.03624
20241024T0100,11.190246,90.36535,2.968636,104.03624
20241024T0200,10.950245,91.699265,2.1897945,80.537674
20241024T0300,11.070246,91.76943,3.0758414,69.443954
20241024T0400,11.250245,91.71999,2.6208394,105.9454
20241024T0500,11.220245,91.34794,3.6,143.1301
20241024T0600,11.190246,91.22273,4.39436,145.00798
20241024T0700,11.840245,89.99211,5.0911684,135.0
20241024T0800,12.610246,86.974754,6.696387,143.74615
20241024T0900,13.740245,83.73217,7.729527,152.24146
20241024T1000,15.350245,77.10292,6.379216,163.61046
20241024T1100,16.370245,74.75111,7.42159,165.96376
20241024T1200,17.170246,72.60122,7.928178,177.39743
20241024T1300,17.620245,72.15843,8.049845,190.30484
20241024T1400,17.200245,74.30362,6.489992,176.82018
20241024T1500,16.300245,80.793686,5.1165614,140.71059
20241024T1600,15.220245,87.001465,5.1165614,129.2894
20241024T1700,14.230246,91.55463,5.8603754,132.51044
20241024T1800,13.430245,93.952515,6.8777895,137.1211
20241024T1900,13.300245,94.07028,6.297428,149.03624
20241024T2000,13.080245,94.121826,6.12,151.9275
20241024T2100,12.660245,95.801125,5.8048253,150.25511
20241024T2200,12.890245,95.872734,5.634891,153.43495
20241024T2300,12.760245,95.9951,6.9247384,152.10272
20241025T0000,12.700245,96.31121,6.489992,146.30994
20241025T0100,12.370245,96.49233,5.495161,148.3925
20241025T0200,12.230246,96.423874,6.193674,144.46231
20241025T0300,12.270246,95.08908,6.4096174,141.84277
20241025T0400,12.420245,93.71474,5.692099,145.30484
20241025T0500,12.380245,93.09073,6.193674,144.46231
20241025T0600,12.0602455,93.01024,5.8048253,150.25511
20241025T0700,12.040245,93.694725,6.9153743,141.34018
20241025T0800,13.130245,93.44177,6.3690495,137.2906
20241025T0900,14.600245,87.92128,5.8603754,132.51044
20241025T1000,16.030245,83.07197,5.6233797,140.19443
20241025T1100,17.360245,79.67982,6.989936,145.49147
20241025T1200,18.230246,76.55096,8.714677,141.70984
20241025T1300,18.840246,73.66816,7.145796,139.08562
20241025T1400,18.960245,71.8392,5.1165614,140.71059
20241025T1500,18.490246,72.793274,2.8116899,129.80557
20241025T1600,17.380245,73.50717,2.1897945,80.537674
20241025T1700,16.180246,79.87867,3.4152596,108.434944
20241025T1800,13.290245,89.09479,4.072935,135.0
20241025T1900,11.950245,92.69344,3.319036,130.60129
20241025T2000,11.450245,93.34952,3.8939953,123.69006
20241025T2100,11.100245,93.141464,4.2136917,109.9831
20241025T2200,11.210245,92.212654,3.8268526,131.18591
20241025T2300,11.020246,92.262405,5.634891,153.43495
20241026T0000,10.730246,92.49304,5.8048253,150.25511
20241026T0100,10.320246,92.7805,4.39436,124.99202
20241026T0200,9.530245,94.58032,3.563818,135.0
20241026T0300,9.320246,96.062195,4.198285,120.96376
20241026T0400,9.450245,95.67632,4.6800003,112.61986
20241026T0500,9.550245,94.90345,4.0249224,116.56505
20241026T0600,9.720245,94.97593,4.5820518,135.0
20241026T0700,9.780245,95.81978,4.8965297,126.027374
20241026T0800,10.3102455,94.49087,4.1046314,127.874985
20241026T0900,11.240245,89.822075,4.198285,120.96376
20241026T1000,12.500245,88.13757,2.7416782,113.19859
20241026T1100,13.080245,86.963745,5.3999996,126.869896
20241026T1200,13.770246,85.59766,6.4096174,141.84277
20241026T1300,14.090245,85.121994,3.096837,125.537674
20241026T1400,14.270246,85.36813,3.8268526,138.81407
20241026T1500,13.800245,87.03525,4.8433046,138.01279
20241026T1600,13.700245,85.419235,4.2136917,109.9831
20241026T1700,13.250245,88.913795,2.5455842,135.0
20241026T1800,13.140245,89.79609,3.096837,144.46231
20241026T1900,11.280245,96.26383,2.3051248,141.34018
20241026T2000,11.030245,96.38433,3.8268526,138.81407
20241026T2100,10.660245,95.78989,4.1046314,142.12502
20241026T2200,11.010245,93.073494,4.6938257,147.52881
20241026T2300,10.480246,93.67306,1.8,143.1301
20241027T0000,10.000245,93.519264,6.439876,153.43495
20241027T0100,9.520246,94.837494,6.130579,176.63354
20241027T0200,9.600245,95.16411,2.9024127,150.25511
20241027T0300,9.700245,95.686676,5.4833565,156.8014
20241027T0400,9.990245,95.18166,5.634891,153.43495
20241027T0500,10.450245,94.49778,5.937272,165.96376
20241027T0600,10.650246,93.68246,5.1544156,167.90524
20241027T0700,11.230246,92.89889,5.154415,155.22485
20241027T0800,12.430245,89.73875,4.896529,162.89728
20241027T0900,14.090245,84.33358,4.452954,165.96376
20241027T1000,15.950245,79.373055,4.3498964,155.55605
20241027T1100,17.690245,73.998604,4.0249224,153.43495
20241027T1200,18.850245,69.596794,3.396233,147.99461
20241027T1300,19.680244,66.50894,3.8773184,158.1986
20241027T1400,20.060246,64.27505,3.8939953,146.30994
20241027T1500,19.580246,65.190575,2.6208394,164.0546
20241027T1600,17.880245,71.02724,0.5091169,315.0
20241027T1700,15.260245,82.21355,2.9024127,82.874985
20241027T1800,14.120245,86.03412,4.2136917,109.9831
20241027T1900,12.430245,91.18937,3.8939953,123.69006
20241027T2000,11.250245,93.778145,3.096837,125.537674
20241027T2100,10.3102455,95.195854,2.8116899,129.80557
20241027T2200,10.170245,95.38294,2.5959969,123.69006
20241027T2300,9.620245,96.07378,3.319036,139.3987
20241028T0000,9.490245,95.80809,3.6,143.1301
20241028T0100,9.380245,95.67341,3.319036,139.3987
20241028T0200,9.030245,95.919975,3.6,143.1301
20241028T0300,8.600245,95.70579,4.3349743,138.36646
20241028T0400,8.640245,95.83853,4.8433046,138.01279
20241028T0500,8.330246,96.55088,4.8433046,138.01279
20241028T0600,8.190246,97.41014,4.8433046,138.01279
20241028T0700,9.100245,95.66164,5.8603754,132.51044
20241028T0800,11.550245,91.555855,5.1165614,140.71059
20241028T0900,13.890245,85.61066,3.8268526,138.81407
20241028T1000,16.080246,82.805984,4.1046314,127.874985
20241028T1100,17.750246,77.53102,3.396233,147.99461
20241028T1200,18.950245,73.44788,3.5455887,156.0375
20241028T1300,19.640245,69.66046,3.7064266,150.94539
20241028T1400,20.040245,67.15254,3.7064266,150.94539
20241028T1500,19.760244,67.3143,3.8773184,158.1986
20241028T1600,17.160246,77.23674,5.2416787,164.0546
20241028T1700,15.010245,85.44835,6.725354,164.47589
20241028T1800,12.390245,92.473076,5.2416787,164.0546
20241028T1900,11.220245,95.299126,3.7064266,150.94539
20241028T2000,10.820246,95.41044,3.319036,139.3987
20241028T2100,10.320246,96.03536,3.6,143.1301
20241028T2200,10.070246,94.607,4.0249224,153.43495
20241028T2300,9.690246,95.2328,3.096837,144.46231
20241029T0000,9.530245,96.462395,3.6,143.1301
20241029T0100,9.350245,97.576096,4.39436,145.00798
20241029T0200,9.580245,97.450134,5.00128,149.74356
20241029T0300,9.400246,97.312965,4.829907,153.43495
20241029T0400,9.130245,97.769325,4.829907,153.43495
20241029T0500,8.870245,98.497536,4.829907,153.43495
20241029T0600,8.750245,98.763794,5.1919937,146.30994
20241029T0700,9.020246,97.833015,5.8603754,137.48955
20241029T0800,10.980246,96.12429,5.3517847,137.72632
20241029T0900,13.120245,89.13966,4.3349743,138.36646
20241029T1000,15.400246,83.65384,4.39436,145.00798
20241029T1100,16.950245,79.569466,4.6938257,147.52881
20241029T1200,18.180244,76.095146,5.1919937,146.30994
20241029T1300,18.750246,74.42429,4.6938257,147.52881
20241029T1400,18.950245,73.44788,3.8939953,146.30994
20241029T1500,18.410246,76.929,2.5959969,146.30994
20241029T1600,16.320246,81.22201,1.5273507,135.0
20241029T1700,14.220245,87.944595,2.0991426,149.03624
20241029T1800,12.920245,91.406044,2.3051248,141.34018
20241029T1900,11.110246,95.74303,3.0547013,135.0
20241029T2000,10.000245,97.461624,3.319036,130.60129
20241029T2100,9.540245,97.71353,2.8116899,129.80557
20241029T2200,9.420245,96.98389,2.3051248,128.6598
20241029T2300,9.260245,96.190674,3.8268526,138.81407
20241030T0000,8.950245,96.17883,5.1165614,140.71059
20241030T0100,8.700245,96.234924,5.1165614,140.71059
20241030T0200,8.770246,98.22745,4.39436,145.00798
20241030T0300,8.640245,98.627205,4.6938257,147.52881
20241030T0400,8.340245,98.35196,4.510787,151.38954
20241030T0500,8.470245,98.758575,4.6938257,147.52881
20241030T0600,8.600245,98.491974,5.315336,151.69923
20241030T0700,8.850245,98.09557,5.1919937,146.30994
20241030T0800,9.760245,97.06019,3.563818,135.0
20241030T0900,11.040245,94.463005,3.319036,130.60129
20241030T1000,12.790245,91.64065,2.968636,104.03624
20241030T1100,13.480246,89.76364,4.3349743,94.76365
20241030T1200,14.0602455,88.22131,4.896529,107.10272
20241030T1300,14.420245,87.15349,5.04,89.99999
20241030T1400,14.360246,86.23028,5.1544156,77.905235
20241030T1500,13.780245,88.37167,4.2136917,70.016884
20241030T1600,11.510245,94.73901,3.5455887,23.962494
20241030T1700,10.910245,95.863945,4.3498964,24.443954
20241030T1800,10.8102455,96.50636,3.7064266,29.05458
20241030T1900,10.690246,96.69716,2.0364676,44.999985
20241030T2000,10.280245,97.075806,3.7064266,60.945396
20241030T2100,9.690246,97.982185,3.7585104,73.30075
20241030T2200,9.840245,97.19401,1.8,89.99999
20241030T2300,9.360246,98.04087,3.219938,116.56505
20241031T0000,8.940246,97.36577,2.9024127,119.74488
20241031T0100,8.980246,97.03594,2.8116899,140.19443
20241031T0200,9.510245,97.31615,3.8939953,146.30994
20241031T0300,9.610246,97.71531,3.8939953,146.30994
20241031T0400,9.700245,97.058365,2.8116899,129.80557
20241031T0500,9.800245,96.4066,2.3051248,141.34018
20241031T0600,9.820246,96.53793,3.5455887,156.0375
20241031T0700,9.890245,96.54034,4.198285,149.03624
20241031T0800,10.110246,95.509476,4.6102495,141.34018
20241031T0900,10.540245,93.61313,4.3349743,131.63353
20241031T1000,11.230246,90.61266,3.219938,116.56505
20241031T1100,11.640245,88.414024,4.8433046,131.98721
20241031T1200,12.040245,86.10085,5.3999996,143.1301
20241031T1300,12.450245,85.33769,4.3498964,155.55605
20241031T1400,12.650246,83.31785,3.5455887,156.0375
20241031T1500,12.420245,85.96804,2.5455842,135.0
20241031T1600,12.150246,86.11269,3.8773184,111.80141
20241031T1700,12.400246,86.42943,4.6800003,112.61986
20241031T1800,10.620245,92.36102,3.8939953,123.69006
20241031T1900,9.650246,94.6506,3.0547013,135.0
20241031T2000,9.760245,93.887596,3.396233,147.99461
20241031T2100,9.430245,93.67767,3.6,143.1301
20241031T2200,9.420245,94.06092,3.7064266,150.94539
20241031T2300,8.970245,93.972145,4.0249224,153.43495
20241101T0000,8.760245,93.767555,4.5536795,161.56505
20241101T0100,8.390245,93.232056,4.802999,167.00539
20241101T0200,8.290245,93.675995,4.829907,153.43495
20241101T0300,7.8902454,94.62636,4.829907,153.43495
20241101T0400,7.690245,95.79827,5.154415,155.22485
20241101T0500,7.4302454,97.11863,5.3517847,160.34618
20241101T0600,6.9702454,97.84516,5.4833565,156.8014
20241101T0700,7.0902452,96.77187,5.6920996,161.56505
20241101T0800,8.300245,93.03417,5.2416787,164.0546
20241101T0900,9.610246,90.919075,5.3517847,160.34618
20241101T1000,11.070246,86.93494,6.151683,159.44395
20241101T1100,12.8102455,82.61181,6.9899354,168.11134
20241101T1200,14.610246,78.75406,6.849467,183.01279
20241101T1300,16.040245,73.65785,6.379216,196.38954
20241101T1400,16.470245,71.80046,6.0347,197.35403
20241101T1500,16.050245,74.497444,3.671294,191.30994
20241101T1600,14.290245,79.022224,4.73506,171.25385
20241101T1700,11.500245,88.759796,3.7585104,163.30075
20241101T1800,8.970245,96.44229,4.3349743,175.23636
20241101T1900,8.350245,97.681885,3.096837,144.46231
20241101T2000,7.960245,97.60402,2.0991426,120.96376
20241101T2100,7.670245,98.810875,2.9024127,150.25511
20241101T2200,7.500245,98.33271,2.8116899,140.19443
20241101T2300,6.9702454,98.456,2.3051248,128.6598
20241102T0000,7.3902454,97.92436,1.484318,104.03624
20241102T0100,8.130245,95.29182,1.484318,75.96376
20241102T0200,8.390245,93.8107,0.8049845,63.43495
20241102T0300,8.110246,94.31264,1.2979984,56.30993
20241102T0400,7.130245,96.305725,1.609969,63.43495
20241102T0500,6.520245,98.104324,3.319036,49.398697
20241102T0600,6.8902454,97.36983,4.3349743,41.63353
20241102T0700,7.000245,96.969795,3.6,53.130096
20241102T0800,7.3202453,97.58529,3.8268526,41.18593
20241102T0900,8.020246,95.944275,5.495161,31.607498
20241102T1000,8.800245,93.44918,5.904439,37.568573
20241102T1100,9.370245,90.83832,5.904439,52.431404
20241102T1200,9.980246,89.04533,5.991594,57.26477
20241102T1300,10.350245,87.81329,6.618519,44.999985
20241102T1400,10.420245,86.51232,6.638072,40.601288
20241102T1500,10.220245,87.56107,6.489992,33.690063
20241102T1600,8.910245,93.20009,5.2416787,15.945404
20241102T1700,8.730246,92.55179,5.3517847,19.653809
20241102T1800,9.150246,91.759384,6.297428,30.963745
20241102T1900,9.080245,91.62872,4.8965297,53.97262
20241102T2000,8.320246,92.71575,4.452954,75.96376
20241102T2100,7.860245,93.00607,4.379589,80.537674
20241102T2200,8.090245,92.190186,3.6179552,84.289406
20241102T2300,8.130245,91.17996,4.6938252,94.398705
20241103T0000,8.270246,90.43825,4.2136917,109.9831
20241103T0100,8.220245,90.496635,3.7064266,119.054596
20241103T0200,8.370246,90.32171,4.198285,120.96376
20241103T0300,8.330246,90.13139,4.6102495,128.6598
20241103T0400,8.450246,89.955086,3.8939953,123.69006
20241103T0500,8.350245,90.50732,4.39436,124.99202
20241103T0600,8.490246,89.83444,4.39436,124.99202
20241103T0700,8.080246,91.49172,5.495161,121.6075
20241103T0800,8.920245,87.067474,5.1165614,129.2894
20241103T0900,9.330245,84.56665,4.8433046,131.98721
20241103T1000,9.860246,81.76557,4.8965297,126.027374
20241103T1100,10.710245,79.50102,5.904439,127.56859
20241103T1200,11.540245,78.00957,5.6002855,135.0
20241103T1300,12.260245,75.86643,4.6102495,128.6598
20241103T1400,12.610246,75.4623,4.510787,118.61046
20241103T1500,11.980246,80.62047,3.5455887,113.96249
20241103T1600,11.750245,75.8821,4.6800003,112.61986
20241103T1700,9.910245,84.57903,3.8773184,111.80141
20241103T1800,7.6002455,91.201866,3.5455887,113.96249
20241103T1900,6.290245,94.342865,4.0249224,116.56505
20241103T2000,5.7602453,94.57765,4.6938257,122.47119
20241103T2100,5.3202453,94.41998,4.6938257,122.47119
20241103T2200,5.610245,91.68641,4.8433046,138.01279
20241103T2300,5.1202455,92.16831,5.3517847,132.27368
20241104T0000,4.6002455,92.58822,5.00128,120.25643
20241104T0100,4.3002453,92.63227,5.154415,114.77514
20241104T0200,4.0102453,91.88689,5.1919937,123.69006
20241104T0300,3.9602456,92.54137,5.3999996,126.869896
20241104T0400,4.0902452,92.81523,6.1094027,135.0
20241104T0500,4.3502455,92.70182,5.6233797,140.19443
20241104T0600,4.5702453,92.98127,5.904439,142.4314
20241104T0700,4.880245,93.39853,5.904439,142.4314
20241104T0800,6.0702453,90.63272,4.8433046,131.98721
20241104T0900,7.4902453,86.248215,4.39436,124.99202
20241104T1000,7.710245,87.48488,4.3349743,131.63353
20241104T1100,8.500245,86.60173,5.904439,127.56859
20241104T1200,9.260245,84.7335,5.904439,127.56859
20241104T1300,9.930245,83.94425,4.198285,120.96376
20241104T1400,10.180245,84.2064,3.0758414,110.556046
20241104T1500,9.480246,88.63461,2.1897945,99.46232
20241104T1600,9.970245,84.007,3.2599385,96.34019
20241104T1700,8.710245,90.03937,3.671294,101.30993
20241104T1800,6.2802453,96.67435,3.5455887,113.96249
20241104T1900,6.230245,96.67243,5.3999996,126.869896
20241104T2000,6.130245,95.394875,6.1305785,130.23636
20241104T2100,6.0602455,94.59423,6.3690495,132.70938
20241104T2200,5.9502454,94.059525,4.6938257,147.52881
20241104T2300,5.6402454,94.97013,5.8048253,150.25511
20241105T0000,5.650245,93.77771,5.1919937,146.30994
20241105T0100,5.7002454,92.99316,5.1919937,146.30994
20241105T0200,5.4702454,93.10863,5.3999996,143.1301
20241105T0300,5.3902454,93.62956,5.904439,142.4314
20241105T0400,5.250245,94.81581,6.193674,144.46231
20241105T0500,5.3302455,95.48951,6.193674,144.46231
20241105T0600,5.3202453,96.365486,6.297428,149.03624
20241105T0700,5.730245,96.04583,6.792466,147.99461
20241105T0800,7.1802454,93.35013,6.12,151.9275
20241105T0900,9.230246,89.95974,5.315336,151.69923
20241105T1000,10.650246,88.682625,5.991594,147.26477
20241105T1100,12.550245,84.378426,6.6185193,157.61987
20241105T1200,14.240245,80.29335,6.151683,159.44395
20241105T1300,15.250245,77.13825,6.28713,156.37062
20241105T1400,15.670245,74.38135,5.0142193,158.9625
20241105T1500,15.040245,76.5404,5.634891,153.43495
20241105T1600,13.330245,81.96091,5.991594,147.26477
20241105T1700,9.650246,94.20131,4.829907,153.43495
20241105T1800,8.240246,98.14803,3.4152596,161.56505
20241105T1900,8.050245,98.54781,3.0758414,159.44395
20241105T2000,7.730245,98.74421,2.7416782,156.8014
20241105T2100,7.5502453,98.80851,3.096837,144.46231
20241105T2200,7.5302453,97.72602,3.8939953,146.30994
20241105T2300,7.500245,97.99479,4.6102495,141.34018
20241106T0000,7.3102455,97.450386,4.198285,149.03624
20241106T0100,7.210245,97.649414,3.0758414,159.44395
20241106T0200,7.400245,97.251724,2.7416782,156.8014
20241106T0300,7.6602454,97.66249,2.4149535,153.43495
20241106T0400,7.6802454,98.336914,2.0364676,135.0
20241106T0500,8.010245,98.88514,2.5455842,135.0
20241106T0600,7.8702455,99.69929,3.563818,135.0
20241106T0700,8.250245,98.619415,4.8965297,143.97263
20241106T0800,9.270246,97.045074,5.00128,149.74356
20241106T0900,10.900246,93.69619,3.319036,139.3987
20241106T1000,12.340245,89.61135,4.5536795,108.434944
20241106T1100,13.500245,87.12149,4.802999,102.99461
20241106T1200,14.230246,82.628494,4.73506,81.25384
20241106T1300,14.610246,80.88272,5.315336,61.699234
20241106T1400,14.620245,80.50801,5.1919937,56.30993
20241106T1500,14.260245,81.86524,3.563818,44.999985
20241106T1600,12.830245,89.83104,4.452954,14.03624
20241106T1700,11.270246,94.98236,5.815978,21.801407
20241106T1800,10.8102455,95.281746,5.00128,30.256424
20241106T1900,10.170245,96.61508,4.8965297,36.027374
20241106T2000,9.570246,97.582,5.3517847,42.27368
20241106T2100,9.0602455,98.501366,5.6002855,44.999985
20241106T2200,8.840245,97.562126,5.0911684,44.999985
20241106T2300,8.620245,97.95634,4.39436,55.007973
20241107T0000,8.470245,98.086494,3.096837,54.46232
20241107T0100,7.880245,99.1543,3.096837,54.46232
20241107T0200,8.140245,98.81988,2.5455842,44.999985
20241107T0300,8.170245,98.34816,2.5959969,33.690063
20241107T0400,8.130245,98.347244,2.8116899,39.805573
20241107T0500,7.980245,98.54632,2.8116899,39.805573
20241107T0600,7.790245,98.474625,2.8116899,50.194427
20241107T0700,7.9102454,97.87097,2.5959969,56.30993
20241107T0800,8.0602455,96.872955,3.0758414,69.443954
20241107T0900,8.250245,94.90544,3.7585104,73.30075
20241107T1000,8.570246,91.33954,4.3349743,48.366455
20241107T1100,8.880245,89.86812,4.510787,61.38954
20241107T1200,8.960245,89.628105,4.2136917,70.016884
20241107T1300,9.210245,88.67011,3.0758414,69.443954
20241107T1400,9.330245,88.074326,2.968636,75.96376
20241107T1500,9.370245,90.589935,2.9024127,82.874985
20241107T1600,9.660245,85.66136,1.484318,75.96376
20241107T1700,9.510245,87.97112,2.2768397,108.434944
20241107T1800,8.910245,90.73981,2.9024127,97.125015
20241107T1900,7.790245,93.77589,3.2599385,83.65981
20241107T2000,7.110245,94.84804,3.671294,78.69006
20241107T2100,7.1802454,94.85164,3.671294,78.69006
20241107T2200,7.690245,94.22467,3.319036,77.47118
20241107T2300,7.5602455,94.28264,2.5455842,98.1301
20241108T0000,7.7402453,94.61854,2.5455842,98.1301
20241108T0100,7.690245,95.13981,3.319036,77.47118
20241108T0200,7.8102455,94.94902,2.968636,75.96376
20241108T0300,8.220245,94.51337,3.4152596,108.434944
20241108T0400,8.300245,94.5825,3.7064266,119.054596
20241108T0500,8.280246,94.71153,3.6,126.869896
20241108T0600,8.340245,94.0661,3.8939953,123.69006
20241108T0700,8.370246,93.616295,3.8939953,123.69006
20241108T0800,8.320246,93.80668,3.8939953,123.69006
20241108T0900,8.420245,91.959564,3.7064266,119.054596
20241108T1000,9.350245,90.15502,3.6,126.869896
20241108T1100,10.010245,87.59987,5.6233797,140.19443
20241108T1200,10.340245,86.14983,5.815978,158.1986
20241108T1300,10.830245,84.22857,4.510787,151.38954
20241108T1400,11.010245,84.19313,4.5820518,135.0
20241108T1500,11.110246,79.50749,4.072935,135.0
20241108T1600,11.670245,81.29251,5.634891,116.56505
20241108T1700,9.920245,88.91835,4.1046314,127.874985
20241108T1800,8.110246,95.35642,3.219938,116.56505
20241108T1900,8.050245,96.34189,3.5455887,113.96249
20241108T2000,8.260245,95.69118,4.8965297,126.027374
20241108T2100,8.280246,94.84174,5.6002855,135.0
20241108T2200,8.670245,92.61138,4.6102495,141.34018
20241108T2300,8.500245,93.17479,6.9247384,152.10272
20241109T0000,8.070246,94.44043,6.297428,149.03624
20241109T0100,7.860245,94.429245,5.0911684,135.0
20241109T0200,7.8202453,93.90722,5.6002855,135.0
20241109T0300,7.460245,94.53841,5.904439,142.4314
20241109T0400,7.110245,95.64027,6.28713,156.37062
20241109T0500,6.940245,95.964806,6.12,151.9275
20241109T0600,6.790245,96.15841,5.692099,145.30484
20241109T0700,6.750245,96.49112,5.3999996,143.1301
20241109T0800,7.5702453,94.60963,5.00128,149.74356
20241109T0900,8.8102455,90.73184,4.6938257,147.52881
20241109T1000,10.070246,89.60167,2.9024127,150.25511
20241109T1100,11.270246,86.25105,4.8433046,138.01279
20241109T1200,11.960245,85.05229,6.439876,153.43495
20241109T1300,12.320246,82.77145,4.5536795,161.56505
20241109T1400,12.100245,83.361244,2.4149535,153.43495
20241109T1500,11.800245,81.034584,1.2979984,123.69006
20241109T1600,11.250245,86.83572,2.5959969,123.69006
20241109T1700,10.200245,90.224915,3.319036,139.3987
20241109T1800,8.980246,93.39592,3.0547013,135.0
20241109T1900,7.610245,96.52419,3.0547013,135.0
20241109T2000,7.0102453,97.23899,2.5455842,135.0
20241109T2100,6.7002454,97.09386,2.8116899,129.80557
20241109T2200,7.1202455,95.11197,3.6,143.1301
20241109T2300,6.880245,94.83617,4.072935,135.0
20241110T0000,6.4302454,94.74652,4.072935,135.0
20241110T0100,6.0102453,94.65772,4.3349743,131.63353
20241110T0200,5.690245,94.97277,4.39436,145.00798
20241110T0300,5.5602455,95.23301,4.39436,145.00798
20241110T0400,5.5502453,96.51038,4.198285,149.03624
20241110T0500,5.3902454,96.503815,3.7064266,150.94539
20241110T0600,5.3202453,96.365486,3.8939953,146.30994
20241110T0700,5.6202455,95.97365,4.3349743,138.36646
20241110T0800,6.250245,94.472534,4.1046314,142.12502
20241110T0900,6.8502455,92.48784,3.0547013,135.0
20241110T1000,7.0502453,94.31976,1.835647,101.30993
20241110T1100,7.7202454,92.29184,2.52,89.99999
20241110T1200,8.080246,91.42851,2.968636,75.96376
20241110T1300,8.350245,91.25987,3.0547013,44.999985
20241110T1400,8.490246,90.894005,4.1046314,37.87497
20241110T1500,8.240246,92.51901,3.396233,32.005356
20241110T1600,6.8402452,96.42773,3.6179552,354.28943
20241110T1700,6.9502454,95.633,5.0528407,355.91437
20241110T1800,7.540245,93.1143,5.506941,11.309921
20241110T1900,7.480245,93.04596,5.00128,30.256424
20241110T2000,7.0602455,93.40748,5.1165614,39.2894
20241110T2100,6.710245,94.23512,5.0911684,44.999985
20241110T2200,6.0302453,93.801056,3.8939953,33.690063
20241110T2300,5.690245,93.84609,3.396233,57.994614
20241111T0000,5.190245,94.41248,2.4149535,63.43495
20241111T0100,5.0102453,94.468735,2.4149535,63.43495
20241111T0200,5.130245,94.542274,2.5959969,56.30993
20241111T0300,5.170245,94.47792,3.319036,49.398697
20241111T0400,5.0802455,94.739685,2.5455842,44.999985
20241111T0500,5.0302453,94.336624,1.2979984,33.690063
20241111T0600,4.8202453,95.06049,1.484318,104.03624
20241111T0700,4.610245,95.183876,2.3051248,141.34018
20241111T0800,4.5602455,94.77773,3.4152596,161.56505
20241111T0900,4.8402452,93.79328,1.609969,206.56505
20241111T1000,5.7802453,90.54419,0.0,180.0
20241111T1100,6.480245,89.46704,2.5455842,188.1301
20241111T1200,7.2602453,85.619835,3.396233,212.00539
20241111T1300,7.5802455,85.717545,4.072935,225.0
20241111T1400,7.7002454,86.69448,4.1046314,254.74487
20241111T1500,7.5902452,91.2644,3.6179552,264.28943
20241111T1600,7.170245,93.47923,3.2599385,263.65982
20241111T1700,7.110245,94.78228,3.7585104,286.69925
20241111T1800,7.6602454,91.84113,5.1165614,309.2894
20241111T1900,7.6202455,91.96561,5.991594,327.26477
20241111T2000,7.4502454,92.336945,6.297428,329.03625
20241111T2100,7.0302453,93.470566,7.24486,333.43497
20241111T2200,6.5702453,96.283,5.4477882,352.40536
20241111T2300,5.9302454,97.06672,4.829907,333.43497
20241112T0000,5.690245,96.51609,4.379589,350.5377
20241112T0100,5.730245,95.50903,4.510787,331.38956
20241112T0200,5.3502455,96.56996,3.6,323.13013
20241112T0300,5.420245,96.84419,2.9024127,352.875
20241112T0400,5.3302455,96.84074,2.0991426,59.036232
20241112T0500,5.270245,96.63457,2.0991426,30.963745
20241112T0600,5.2402453,96.42984,4.198285,30.963745
20241112T0700,5.5702453,95.3673,5.904439,37.568573
20241112T0800,6.2402453,95.60015,8.78872,34.99202
20241112T0900,6.960245,93.14165,11.988594,41.347763
20241112T1000,7.4702454,88.81213,14.84318,39.09384
20241112T1100,7.770245,85.85957,15.530151,44.06079
20241112T1200,8.140245,81.69232,16.039202,45.909378
20241112T1300,8.350245,80.75661,17.0763,55.304832
20241112T1400,8.470245,79.54057,14.982228,54.782394
20241112T1500,8.3102455,80.41212,14.05845,50.194427
20241112T1600,7.9702454,80.07876,11.720751,42.510437
20241112T1700,7.8402452,80.11503,11.988594,41.347763
20241112T1800,7.5802455,80.18784,11.988594,41.347763
20241112T1900,6.9902453,81.1233,10.44,43.602814
20241112T2000,6.3102455,82.53167,9.290511,35.53766
20241112T2100,5.690245,85.61295,8.287822,34.380325
20241112T2200,5.8902454,81.886826,5.1544156,12.094757
20241112T2300,5.3402452,85.08407,6.696387,36.25383
20241113T0000,5.2202454,85.73888,5.815978,21.801407
20241113T0100,5.3102455,84.65669,6.28713,13.240509
20241113T0200,4.770245,88.041695,6.439876,26.565033
20241113T0300,4.3502455,89.77613,4.8965297,36.027374
20241113T0400,4.3102455,89.8365,3.396233,32.005356
20241113T0500,4.2002454,88.23359,4.73506,8.74614
20241113T0600,4.0402455,89.68271,5.0911684,8.130096
20241113T0700,4.630245,86.83986,5.8603754,10.619659
20241113T0800,4.690245,85.61305,6.489992,19.440033
20241113T0900,4.9902453,82.99543,4.1046314,37.87497
20241113T1000,5.400245,82.22574,4.5536795,18.434952
20241113T1100,5.610245,81.6123,6.830519,18.434952
20241113T1200,5.7002454,81.62561,8.089993,20.854446
20241113T1300,5.790245,81.34813,7.172949,17.525558
20241113T1400,5.6802454,81.62266,8.825508,11.76828
20241113T1500,5.290245,82.32758,9.47012,8.74614
20241113T1600,5.020245,83.357185,7.208994,2.8624115
20241113T1700,4.9902453,83.83201,6.489992,356.8202
20241113T1800,4.8202453,85.32328,7.208994,2.8624115
20241113T1900,4.5102453,87.19975,6.4799995,360.0
20241113T2000,3.9602456,90.70818,5.4119864,356.18594
20241113T2100,3.1302452,91.94891,6.849467,3.0127716
20241113T2200,2.8702455,92.79305,5.8603754,10.619659
20241113T2300,2.8302455,93.12478,6.12,28.07248
20241114T0000,2.9302454,92.79748,5.8603754,47.489548
20241114T0100,2.4802454,93.706436,5.3999996,53.130096
20241114T0200,1.9302454,93.39779,4.829907,63.43495
20241114T0300,1.6602454,93.65041,3.6179552,95.71059
20241114T0400,1.5802454,93.64489,3.219938,116.56505
20241114T0500,1.5602454,93.30361,3.219938,116.56505
20241114T0600,1.8802454,91.9143,3.7064266,119.054596
20241114T0700,2.3202453,91.08827,3.396233,122.00538
20241114T0800,3.3702455,87.070404,3.0547013,135.0
20241114T0900,4.3702455,82.31257,2.9024127,150.25511
20241114T1000,5.2002454,79.184715,3.396233,147.99461
20241114T1100,6.210245,77.33438,3.396233,147.99461
20241114T1200,7.270245,75.29185,2.8116899,140.19443
20241114T1300,7.6002455,74.02595,1.484318,104.03624
20241114T1400,7.8402452,73.4954,1.5273507,44.999985
20241114T1500,7.650245,76.27557,1.2979984,33.690063
20241114T1600,6.3402452,81.545784,2.4149535,26.565033
20241114T1700,6.460245,81.15914,2.5455842,44.999985
20241114T1800,6.3402452,83.35924,2.0991426,120.96376
20241114T1900,5.960245,85.161316,1.609969,116.56505
20241114T2000,5.380245,88.481476,1.835647,101.30993
20241114T2100,4.7002454,91.16035,2.2768397,108.434944
20241114T2200,4.420245,92.90477,3.0547013,135.0
20241114T2300,4.750245,89.6219,2.8116899,129.80557
20241115T0000,5.400245,85.76064,2.3051248,128.6598
20241115T0100,4.770245,88.73474,1.8,143.1301
20241115T0200,3.9402456,92.27598,2.4149535,153.43495
20241115T0300,3.3702455,93.49732,1.9386592,111.80141
20241115T0400,2.9302454,93.938866,2.5959969,56.30993
20241115T0500,2.7702456,95.15201,3.096837,35.53766
20241115T0600,3.4102454,93.56701,2.0991426,30.963745
20241115T0700,3.7402453,93.388695,2.3051248,51.34018
20241115T0800,4.0902452,94.21365,2.6208394,74.054596
20241115T0900,5.860245,89.85174,2.2768397,71.56504
20241115T1000,7.290245,85.44351,3.6179552,84.289406
20241115T1100,8.350245,80.64366,5.8048253,82.874985
20241115T1200,9.340245,74.92989,4.6938252,85.60129
20241115T1300,9.860246,71.690895,2.4149535,63.43495
20241115T1400,9.850245,70.19472,2.968636,14.03624
20241115T1500,9.000245,75.0254,2.8799999,360.0
20241115T1600,6.9302454,84.14734,5.04,360.0
20241115T1700,6.8502455,85.27052,3.396233,32.005356
20241115T1800,6.500245,87.41787,2.2768397,71.56504
20241115T1900,5.630245,89.45072,3.4152596,108.434944
20241115T2000,3.2002454,93.41877,3.219938,116.56505
20241115T2100,2.2202454,94.02808,2.7416782,113.19859
20241115T2200,1.9302454,93.194824,3.319036,130.60129
20241115T2300,1.5802454,93.57683,4.8433046,138.01279
20241116T0000,1.5702454,93.985146,4.6938257,147.52881
20241116T0100,1.2902454,95.413574,4.829907,153.43495
20241116T0200,0.8502454,96.719604,5.154415,155.22485
20241116T0300,0.6802454,98.777565,5.2416787,164.0546
20241116T0400,0.5102454,98.700424,5.0142193,158.9625
20241116T0500,0.6102454,98.91943,5.315336,151.69923
20241116T0600,0.5502454,98.5579,5.00128,149.74356
20241116T0700,0.7002454,98.41928,5.1919937,146.30994
20241116T0800,1.2002454,97.653275,5.00128,149.74356
20241116T0900,2.3402452,94.44409,4.6800003,157.38013
20241116T1000,4.3002453,89.19597,4.68,180.0
20241116T1100,5.8702455,84.30803,6.12,180.0
20241116T1200,6.8702455,80.47607,6.87779,186.009
20241116T1300,7.790245,76.19256,6.9899354,191.88866
20241116T1400,7.8502455,74.81298,6.379216,196.38954
20241116T1500,6.610245,82.925186,4.68,180.0
20241116T1600,3.9002452,91.550385,6.130579,176.63354
20241116T1700,3.2602453,93.96017,4.3349743,175.23636
20241116T1800,3.0402455,94.419174,4.32,180.0
20241116T1900,2.7702456,95.08367,4.6938252,184.39871
20241116T2000,2.5402455,95.82618,4.3349743,184.76364
20241116T2100,2.4502454,95.821594,4.68,180.0
20241116T2200,2.3802454,95.680084,5.937272,194.03624
20241116T2300,2.3702455,95.19814,3.6179552,185.71059
20241117T0000,2.4602454,95.13463,4.3349743,184.76364
20241117T0100,2.2502456,95.60431,4.3349743,184.76364
20241117T0200,2.0502453,96.00879,4.68,180.0
20241117T0300,2.1302454,96.151436,5.0528407,184.08562
20241117T0400,2.4902453,95.75471,4.6938252,184.39871
20241117T0500,2.6802454,96.040016,5.0911684,188.1301
20241117T0600,3.1302452,96.13062,5.0911684,188.1301
20241117T0700,3.2802453,96.06905,5.1544156,192.09476
20241117T0800,4.420245,94.16682,6.28713,193.24052
20241117T0900,6.0302453,90.24752,7.10031,210.46555
20241117T1000,6.8502455,89.37597,7.8954163,223.15239
20241117T1100,7.960245,86.12128,10.514218,231.95296
20241117T1200,8.890245,81.969986,13.849477,242.10274
20241117T1300,9.3102455,78.351,14.118243,250.641
20241117T1400,9.150246,77.6715,10.24578,251.56506
20241117T1500,8.770246,78.31762,8.427383,250.0169
20241117T1600,8.380245,79.192665,6.0347,252.64598
20241117T1700,8.160246,80.3894,6.12,241.92752
20241117T1800,7.920245,81.66071,6.297428,239.03625
20241117T1900,7.710245,83.42531,7.4128532,240.9454
20241117T2000,7.4902453,84.51494,7.754637,248.1986
20241117T2100,7.4502454,85.10425,8.654986,253.07248
20241117T2200,7.250245,85.61865,6.439876,243.43495
20241117T2300,6.8302455,87.69892,6.696387,233.74615
20241118T0000,6.5802455,89.476295,7.2,233.1301
20241118T0100,6.6202455,89.54274,8.209263,232.12502
20241118T0200,6.6402454,89.23124,8.891343,238.24052
20241118T0300,6.690245,88.550224,10.028439,248.9625
20241118T0400,6.750245,87.4446,10.00256,239.74356
20241118T0500,6.8202453,85.1469,11.212135,227.60257
20241118T0600,6.650245,84.58737,11.966954,226.21889
20241118T0700,6.4702454,85.34454,11.966954,223.78113
20241118T0800,7.0802455,83.39996,12.7279215,225.0
20241118T0900,7.8702455,77.45547,16.485485,238.3925
20241118T1000,8.620245,73.28271,15.484185,234.46233
20241118T1100,9.020246,71.62257,18.218275,232.22432
20241118T1200,9.440246,69.61598,19.652176,241.55707
20241118T1300,9.620245,68.19487,18.278645,237.875
20241118T1400,9.640245,67.67103,16.92383,231.91122
20241118T1500,9.520246,67.644356,14.021525,228.12213
20241118T1600,9.280245,68.798904,12.984975,223.87671
20241118T1700,9.050245,71.62863,12.229406,222.61406
20241118T1800,8.880245,74.687675,12.261157,220.23636
20241118T1900,8.720245,76.518196,12.313894,217.87498
20241118T2000,8.550245,78.33646,12.387348,215.53769
20241118T2100,8.590245,79.5037,12.599998,216.8699
20241118T2200,8.860246,76.274635,10.144082,207.47443
20241118T2300,8.920245,76.768005,12.72283,205.11484
20241119T0000,8.770246,78.75725,13.0447235,207.97948
20241119T0100,8.8102455,80.88126,14.57889,212.90524
20241119T0200,8.8102455,82.64577,15.9134655,217.64761
20241119T0300,8.890245,84.33704,16.870138,219.80557
20241119T0400,8.860246,86.94093,18.218275,217.77568
20241119T0500,8.890245,88.09169,19.586119,216.02737
20241119T0600,8.980246,88.100555,20.26899,213.40782
20241119T0700,9.070246,87.80651,21.485697,211.29303
20241119T0800,9.260245,87.403595,22.90743,210.19162
20241119T0900,9.800245,85.44225,23.847115,208.88658
20241119T1000,10.280245,84.04566,21.67487,212.10626
20241119T1100,10.730246,80.99273,23.86341,213.9298
20241119T1200,11.020246,79.00413,25.277023,215.7274
20241119T1300,11.190246,78.49018,26.712873,217.33319
20241119T1400,11.270246,77.64545,27.288855,216.41638
20241119T1500,11.190246,79.5742,26.932714,217.94215
20241119T1600,10.990245,81.19664,26.867676,215.18071
20241119T1700,11.270246,79.205635,28.772987,211.70143
20241119T1800,11.450245,79.070816,30.25928,214.8245
20241119T1900,11.240245,81.62138,30.676142,215.9285
20241119T2000,11.180245,82.397,32.664917,211.93845
20241119T2100,10.990245,83.96138,32.726357,219.64418
20241119T2200,9.870245,84.98207,29.15778,237.09476
20241119T2300,8.450246,88.96633,24.130743,268.2902
20241120T0000,6.3202453,92.12745,15.856356,267.39746
20241120T0100,6.0102453,91.71729,16.485485,238.3925
20241120T0200,6.230245,86.40758,20.08916,233.74615
20241120T0300,6.0802455,84.69473,17.25373,246.64444
20241120T0400,5.210245,83.02621,17.654688,267.6627
20241120T0500,4.420245,84.23815,15.379206,290.55603
20241120T0600,3.9402456,85.52018,11.440979,294.14554
20241120T0700,3.4702454,86.8935,9.3669195,272.2026
20241120T0800,3.7502456,84.82015,12.599999,270.0
20241120T0900,4.5502453,79.36369,14.77755,272.79272
20241120T1000,5.040245,74.81885,13.202726,258.99646
20241120T1100,5.8302455,68.23174,15.5843,263.3675
20241120T1200,6.1802454,61.942482,17.015474,263.92755
20241120T1300,6.210245,58.016884,16.343367,262.40536
20241120T1400,6.0702453,57.040882,14.973576,260.31122
20241120T1500,5.420245,59.237965,12.849528,258.69006
20241120T1600,3.6202455,67.32371,11.177405,255.06857
20241120T1700,3.5902452,68.577034,11.090103,256.86597
20241120T1800,3.0902452,69.69517,10.661107,258.31064
20241120T1900,2.6902456,70.96606,9.793058,252.89728
20241120T2000,2.4102454,71.43538,9.360001,247.38014
20241120T2100,2.1902454,72.73083,9.290511,234.46233
20241120T2200,2.2202454,72.79125,10.691453,225.0
20241120T2300,2.2402453,73.72169,12.261157,229.76364
20241121T0000,2.2802453,74.500244,12.387348,234.46233
20241121T0100,2.2902455,75.05688,13.089354,238.49574
20241121T0200,2.3402452,75.73682,12.594856,239.03625
20241121T0300,1.9402454,77.70767,11.269782,243.43495
20241121T0400,1.7602454,78.89351,9.585739,235.71313
20241121T0500,1.3702455,79.472435,7.145796,220.91438
20241121T0600,0.9802454,81.19751,7.5942082,211.42957
20241121T0700,0.9602454,81.67811,6.638072,192.52881
20241121T0800,1.4702454,80.91521,7.2359104,185.71059
20241121T0900,2.2302454,78.50961,7.5599995,180.0
20241121T1000,2.7402453,76.93899,8.4042845,170.13419
20241121T1100,3.1002455,74.496956,11.269782,153.43495
20241121T1200,3.2502456,73.49043,10.44,136.39719
20241121T1300,2.8802452,76.738365,10.464797,116.56505
20241121T1400,1.9402454,85.76651,12.224107,103.62699
20241121T1500,1.1902454,90.5892,9.779817,83.65981
20241121T1600,0.77024543,94.68971,8.891343,58.24051
20241121T1700,0.4902454,97.12764,8.707237,60.25511
20241121T1800,0.41024542,96.62825,7.2,53.130096
20241121T1900,0.41024542,96.55759,9.085988,33.690063
20241121T2000,0.35024542,97.33479,11.609651,29.744873
20241121T2100,0.2502454,97.401794,12.074766,26.565033
20241121T2200,0.22024539,97.40053,11.792404,31.263718
20241121T2300,0.20024541,97.32841,8.891344,338.6294
20241122T0000,0.100245416,95.34532,9.178235,334.44003
20241122T0100,-0.0697546,94.42754,6.1305785,310.23636
20241122T0200,-0.49975455,92.943855,5.8048253,277.125
20241122T0300,-1.2497545,91.64612,6.439876,243.43495
20241122T0400,-1.4197546,90.47323,7.2,233.1301
20241122T0500,-1.7597545,88.689735,6.9153743,231.3402
20241122T0600,-2.0297546,87.0019,6.3690495,222.7094
20241122T0700,-2.5997548,87.393394,6.4096174,218.15723
20241122T0800,-2.2197547,86.9123,7.729527,207.75854
20241122T0900,-1.3297546,86.37177,9.19939,210.57922
20241122T1000,-0.5997546,85.436424,12.181624,214.1597
20241122T1100,-0.10975462,85.18347,13.746156,225.0
20241122T1200,0.1502454,87.397484,15.986593,234.16235
20241122T1300,0.5502454,86.41591,17.782686,238.24052
20241122T1400,0.7802454,85.11278,18.278645,237.875
20241122T1500,1.0402454,82.2986,18.171976,236.30994
20241122T1600,1.0902455,79.83937,17.208603,232.65065
20241122T1700,1.1902454,79.32383,18.0,233.1301
20241122T1800,1.5902454,78.74727,18.875126,235.0975
20241122T1900,1.8302454,79.43261,19.469976,236.30994
20241122T2000,2.0402455,81.30477,18.971008,236.6115
20241122T2100,2.1002455,83.18762,17.49615,233.36589
20241122T2200,2.3702455,82.67957,11.988594,221.34778
20241122T2300,2.4802454,81.13499,12.313894,217.87498
20241123T0000,2.4902453,80.78013,11.019764,218.3675
20241123T0100,2.2802453,81.5816,9.885262,213.11134
20241123T0200,1.9702454,82.620605,8.049845,206.56505
20241123T0300,1.6002454,83.29923,7.342588,191.30994
20241123T0400,0.77024543,86.571014,7.2805495,188.53076
20241123T0500,-0.05975461,88.81098,5.4477882,172.40535
20241123T0600,-1.0997546,89.96564,7.968939,161.56505
20241123T0700,-2.2697544,91.00372,5.8048253,150.25511
20241123T0800,-1.3997546,90.610695,6.8777895,137.1211
20241123T0900,0.2902454,85.61763,6.4096174,141.84277
20241123T1000,1.3502455,81.43688,7.9036193,149.93141
20241123T1100,2.4902453,78.32372,11.113451,155.09523
20241123T1200,3.2502456,75.909294,11.592895,154.23067
20241123T1300,3.5202456,75.239265,10.163227,157.0679
20241123T1400,3.1702452,77.4707,8.854829,153.43495
20241123T1500,2.5402455,80.788086,8.707237,150.25511
20241123T1600,1.8802454,86.199684,8.534353,152.35402
20241123T1700,1.4602454,88.45308,8.854829,153.43495
20241123T1800,1.5702454,85.78249,8.854829,153.43495
20241123T1900,1.6902454,84.982834,8.854829,153.43495
20241123T2000,1.8802454,83.33947,8.854829,153.43495
20241123T2100,2.3302455,81.171036,9.028754,156.50143
20241123T2200,3.6002455,72.86098,9.6932955,164.9315
20241123T2300,4.0702453,73.8173,10.739833,166.42957
20241124T0000,4.7002454,72.50081,11.165805,159.22774
20241124T0100,5.3702455,69.53486,10.365251,159.67686
20241124T0200,6.020245,68.822685,10.24578,161.56505
20241124T0300,6.3202453,66.675026,9.346143,164.35776
20241124T0400,6.3702455,67.95793,9.107359,161.56505
20241124T0500,6.0602455,68.9817,9.904906,160.90651
20241124T0600,6.290245,69.63523,10.495713,157.83365
20241124T0700,6.0702453,71.270424,10.636766,156.0375
20241124T0800,6.8002453,71.525345,10.30883,155.22485
20241124T0900,8.570246,70.02484,10.703569,160.34618
20241124T1000,11.320246,69.767166,9.904906,160.90651
20241124T1100,12.760245,68.20846,10.636766,156.0375
20241124T1200,13.550245,66.38861,11.113451,155.09523
20241124T1300,14.190246,65.35629,11.165805,159.22774
20241124T1400,13.940246,65.83984,10.829958,158.55226
20241124T1500,11.990245,69.76118,9.339208,152.44719
20241124T1600,9.330245,76.30369,9.021574,151.38954
20241124T1700,8.0602455,79.03045,8.707237,150.25511
20241124T1800,6.9102454,81.16878,8.707237,150.25511
20241124T1900,6.710245,82.23804,8.534353,152.35402
20241124T2000,6.3002453,83.23573,8.534353,152.35402
20241124T2100,5.5302453,86.020515,8.707237,150.25511
20241124T2200,5.020245,83.41691,9.693296,148.67131
20241124T2300,5.0502453,83.54057,10.144082,152.52557
20241125T0000,4.6002455,83.23928,10.315115,150.75117
20241125T0100,4.670245,83.12948,9.693296,148.67131
20241125T0200,4.6802454,82.53549,9.885262,146.88866
20241125T0300,5.0802455,81.5919,10.296251,143.53076
20241125T0400,5.0802455,80.60177,10.799999,143.1301
20241125T0500,4.6802454,80.946724,11.246759,140.19443
20241125T0600,4.4702454,80.73922,11.304229,142.76517
20241125T0700,4.690245,79.2721,11.808878,142.4314
20241125T0800,5.7602453,76.8129,12.096214,143.47115
20241125T0900,7.7602453,72.39002,12.096214,143.47115
20241125T1000,10.130245,67.73173,11.304229,142.76517
20241125T1100,12.750245,61.465946,11.119281,150.94539
20241125T1200,14.250245,56.858494,7.7043357,142.59465
20241125T1300,14.910245,58.62941,6.696387,143.74615
20241125T1400,14.760245,61.52941,7.4128532,150.94539
20241125T1500,13.520246,65.07004,6.439876,153.43495
20241125T1600,12.490245,72.90499,7.4128532,150.94539
20241125T1700,11.820246,77.6288,7.2,143.1301
20241125T1800,11.200245,81.059944,5.3999996,143.1301
20241125T1900,11.010245,84.99995,3.8773184,158.1986
20241125T2000,11.150246,88.428474,2.8799999,180.0
20241125T2100,10.860246,91.19867,3.9763298,185.19443
20241125T2200,10.500245,91.1104,6.162207,186.70984
20241125T2300,10.550245,91.857735,4.802999,192.99461
20241126T0000,10.680245,92.24013,9.686609,228.01279
20241126T0100,10.590245,89.0394,8.942214,229.8991
20241126T0200,10.210245,89.30906,8.0899935,212.27565
20241126T0300,9.740245,89.26752,7.653705,221.18593
20241126T0400,9.500245,89.429726,6.792466,212.00539
20241126T0500,9.020246,90.74854,6.489992,199.44003
20241126T0600,8.490246,90.83137,6.2145634,190.00798
20241126T0700,8.130245,90.61446,6.924738,188.97263
20241126T0800,8.880245,88.516884,7.9932976,187.76517
20241126T0900,9.740245,87.39279,8.557102,194.62088
20241126T1000,10.680245,82.55575,9.021574,208.61046
20241126T1100,11.200245,78.65353,11.200571,225.0
20241126T1200,11.660245,74.88243,11.246759,230.19443
20241126T1300,11.820246,72.52718,9.793059,233.97263
20241126T1400,11.760245,74.029945,6.618519,225.0
20241126T1500,11.640245,70.270744,5.95906,205.01689
20241126T1600,10.740245,74.97549,5.4477882,172.40535
20241126T1700,8.530246,86.24558,4.802999,167.00539
20241126T1800,7.7002454,89.952484,4.0249224,169.69516
20241126T1900,6.9102454,92.87939,3.4152596,161.56505
20241126T2000,6.400245,95.14225,3.5455887,156.0375
20241126T2100,6.230245,95.46635,3.7064266,150.94539
20241126T2200,5.7402453,96.653305,3.7585104,163.30075
20241126T2300,5.500245,97.05113,3.7585104,163.30075
20241127T0000,5.2402453,96.633354,3.4152596,161.56505
20241127T0100,4.9702454,96.89491,3.0758414,159.44395
20241127T0200,4.690245,96.67911,3.7585104,163.30075
20241127T0300,4.3402452,96.2549,4.1046314,164.74487
20241127T0400,3.9002452,96.64626,5.0142193,158.9625
20241127T0500,4.0202456,96.30886,5.4833565,156.8014
20241127T0600,4.2702456,95.911255,5.634891,153.43495
20241127T0700,4.130245,96.72452,6.151683,159.44395
20241127T0800,4.5102453,95.31351,7.754637,158.1986
20241127T0900,6.0902452,93.2152,7.172949,162.47443
20241127T1000,8.230246,88.63831,6.725354,164.47589
20241127T1100,9.710245,84.96306,9.178235,168.69006
20241127T1200,10.820246,81.78672,9.746631,175.76361
20241127T1300,11.400246,78.040504,10.086427,177.95459
20241127T1400,11.510245,75.788284,10.182337,171.8699
20241127T1500,10.760245,78.367744,8.825508,168.2317
20241127T1600,9.690246,81.79826,9.47012,171.25385
20241127T1700,9.750245,78.31344,10.823973,176.18593
20241127T1800,9.8102455,75.01562,11.901798,183.46823
20241127T1900,10.360246,74.38789,12.074766,190.30484
20241127T2000,10.780245,73.64355,12.0694,197.35403
20241127T2100,10.950245,74.136154,12.879752,206.56505
20241127T2200,11.000245,78.24451,11.631956,201.8014
20241127T2300,11.010245,82.09317,13.779114,213.27489
20241128T0000,10.850245,86.85307,15.281989,223.09085
20241128T0100,10.850245,88.76111,17.072504,227.56378
20241128T0200,10.960245,88.35091,17.713316,232.43141
20241128T0300,11.010245,88.47541,17.208603,232.65065
20241128T0400,10.940246,89.37264,17.0763,235.30484
20241128T0500,10.8102455,89.96896,13.089354,238.49574
20241128T0600,10.350245,92.2183,9.904906,250.90651
20241128T0700,9.950245,93.961716,8.654986,286.92752
20241128T0800,9.410245,95.54462,8.209263,322.12503
20241128T0900,8.500245,95.17834,8.089993,339.14557
20241128T1000,8.080246,91.49172,9.3876505,355.60132
20241128T1100,7.980245,87.33073,7.928178,357.39746
20241128T1200,8.180245,84.07191,7.208994,357.13757
20241128T1300,8.3102455,81.37455,6.519877,353.65985
20241128T1400,8.190246,78.38741,5.7599998,360.0
20241128T1500,7.170245,82.593704,4.802999,12.994629
20241128T1600,5.380245,89.871506,5.315336,28.30075
20241128T1700,4.0302453,92.61259,6.3690495,47.29059
20241128T1800,3.1502452,94.696976,4.829907,63.43495
20241128T1900,2.3802454,97.20704,3.0758414,69.443954
20241128T2000,2.1602454,96.63945,3.0758414,69.443954
20241128T2100,1.5602454,96.96259,3.7585104,73.30075
20241128T2200,0.1802454,98.25798,2.9024127,97.125015
20241128T2300,-0.40975457,98.092514,4.2136917,109.9831
20241129T0000,-0.64975464,97.79478,3.8773184,111.80141
20241129T0100,-0.61975455,97.79598,4.452954,104.03624
20241129T0200,-0.9397546,97.92757,4.73506,98.74616
20241129T0300,-1.0497546,97.201546,5.0528407,94.08562
20241129T0400,-0.9197546,96.848785,5.4477882,97.59464
20241129T0500,-1.1397547,97.05355,5.4119864,93.81408
20241129T0600,-1.2097546,96.97834,5.3999996,89.99999
20241129T0700,-1.1297545,97.34191,5.4119864,86.18592
20241129T0800,-0.3797546,96.51863,5.0528407,94.08562
20241129T0900,1.0402454,95.46902,5.04,89.99999
20241129T1000,2.6402454,90.656105,5.8603754,100.61965
20241129T1100,3.9902453,86.51695,6.830519,108.434944
20241129T1200,5.0802455,82.415375,7.5170207,106.69924
20241129T1300,5.7002454,79.38027,7.9932976,97.76516
20241129T1400,5.6802454,78.64072,6.8399997,89.99999
20241129T1500,4.130245,86.09924,5.4477882,82.40536
20241129T1600,1.6302454,92.296036,5.771239,86.42367
20241129T1700,1.1302454,93.20436,6.12,89.99999
20241129T1800,1.1202455,92.05303,6.4799995,89.99999
20241129T1900,0.97024536,91.36898,6.489992,93.179825
20241129T2000,0.6102454,91.80825,6.87779,96.009
20241129T2100,-0.07975459,92.565765,5.937272,104.03624
20241129T2200,0.7402454,90.61363,5.692099,124.69515
20241129T2300,0.5102454,90.79233,6.618519,135.0
20241130T0000,0.010245383,91.62145,5.1165614,140.71059
20241130T0100,-0.3897546,91.315216,4.39436,145.00798
20241130T0200,-0.49975455,90.6974,4.8433046,138.01279
20241130T0300,-0.5897546,90.08415,5.6233797,140.19443
20241130T0400,-1.0897546,90.43807,5.692099,145.30484
20241130T0500,-1.1397547,90.90697,5.6233797,140.19443
20241130T0600,-1.2797546,91.43839,5.00128,149.74356
20241130T0700,-1.5297545,90.25928,4.2136917,160.01689
20241130T0800,-0.9597546,91.05956,5.315336,151.69923
20241130T0900,0.1802454,90.42714,5.3999996,143.1301
20241130T1000,1.2102454,87.97258,6.193674,144.46231
20241130T1100,2.3402452,85.00622,6.297428,149.03624
20241130T1200,3.2102456,82.0221,5.991594,147.26477
20241130T1300,3.8102455,80.87026,5.692099,145.30484
20241130T1400,4.0702453,79.7461,4.6938257,147.52881
20241130T1500,4.0002456,74.019905,3.96,180.0
20241130T1600,3.1702452,79.30779,5.4477882,172.40535
20241130T1700,2.1602454,82.04399,5.0142193,158.9625
20241130T1800,-0.05975461,85.508064,3.8939953,146.30994
20241130T1900,-0.09975457,84.804634,4.8433046,138.01279
20241130T2000,-0.49975455,86.090645,4.8433046,138.01279
20241130T2100,-0.8297546,87.345665,4.8433046,138.01279
20241130T2200,-1.6197547,90.86118,4.198285,149.03624
20241130T2300,-1.8597547,89.415665,4.510787,151.38954
20241201T0000,-1.9197546,88.3383,4.198285,149.03624
20241201T0100,-2.0497546,87.59297,4.510787,151.38954
20241201T0200,-2.3997545,88.68438,4.2136917,160.01689
20241201T0300,-2.5597544,89.678635,4.6800003,157.38013
20241201T0400,-2.4197545,90.50999,5.154415,155.22485
20241201T0500,-2.1397548,92.187126,5.154415,155.22485
20241201T0600,-1.9797546,91.92462,5.315336,151.69923
20241201T0700,-1.9497546,91.5142,5.495161,148.3925
20241201T0800,-1.6697546,89.36883,5.904439,142.4314
20241201T0900,-0.11975461,87.56048,5.991594,147.26477
20241201T1000,1.7702454,85.05582,5.634891,153.43495
20241201T1100,3.4602456,82.537796,7.172949,162.47443
20241201T1200,5.020245,77.90898,7.172949,162.47443
20241201T1300,6.3702455,77.14135,6.6185193,157.61987
20241201T1400,6.3202453,81.484924,4.6938257,147.52881
20241201T1500,4.5202456,89.79204,5.815978,158.1986
20241201T1600,2.4802454,97.21106,5.6920996,161.56505
20241201T1700,1.8802454,97.96131,6.12,151.9275
20241201T1800,1.6602454,97.1776,6.6087217,150.64224
20241201T1900,2.0502453,93.47394,7.4128532,150.94539
20241201T2000,2.4002454,89.71886,7.7879906,146.30994
20241201T2100,2.9302454,86.202835,7.2,143.1301
20241201T2200,3.5602455,84.36698,7.729527,152.24146
20241201T2300,3.7002454,86.109314,7.729527,152.24146
20241202T0000,3.6702452,87.797554,7.10031,149.53445
20241202T0100,3.5602455,88.29283,7.5942082,148.57043
20241202T0200,3.3502455,88.52555,7.5685663,154.65382
20241202T0300,3.2502456,87.11957,7.0911775,156.0375
20241202T0400,3.4902453,87.77786,6.763786,154.79887
20241202T0500,4.1002455,87.90732,6.763786,154.79887
20241202T0600,4.7002454,87.40809,6.763786,154.79887
20241202T0700,5.1802454,86.10148,6.439876,153.43495
20241202T0800,5.670245,86.58828,6.6185193,157.61987
20241202T0900,6.9902453,86.13054,6.830519,161.56505
20241202T1000,8.170245,83.71945,6.519877,173.6598
20241202T1100,9.120245,83.725716,7.2359104,174.28941
20241202T1200,10.0602455,82.30227,7.928178,177.39743
20241202T1300,10.530245,81.971306,6.519877,173.6598
20241202T1400,10.460245,85.34287,5.8048253,172.87498
20241202T1500,9.580245,92.040886,6.162207,173.29016
20241202T1600,9.550245,94.00393,6.519877,173.6598
20241202T1700,9.860246,92.87783,6.849467,176.98721
20241202T1800,9.650246,93.30838,6.849467,176.98721
20241202T1900,9.330245,93.99194,6.924738,188.97263
20241202T2000,9.110246,93.91569,7.24486,206.56505
20241202T2100,8.850245,93.7085,7.42159,219.09386
20241202T2200,8.450246,93.4282,6.8777895,222.8789
20241202T2300,8.130245,94.05439,6.696387,216.25385
20241203T0000,7.7602453,94.75024,6.193674,215.53769
20241203T0100,7.460245,94.93154,5.495161,211.6075
20241203T0200,7.440245,92.97889,6.3690495,222.7094
20241203T0300,7.130245,92.186104,7.754637,248.1986
20241203T0400,6.920245,90.57734,8.049845,259.69516
20241203T0500,6.630245,89.60644,6.725354,254.47589
20241203T0600,6.290245,89.01017,5.8048253,240.25513
20241203T0700,6.020245,88.35871,6.12,241.92752
20241203T0800,6.0602455,87.493965,6.489992,250.55997
20241203T0900,6.7602453,84.84013,7.172949,252.47443
20241203T1000,7.5902452,79.06627,8.225035,246.8014
20241203T1100,8.000245,75.80014,9.028754,246.50143
20241203T1200,8.0602455,73.799164,9.904906,250.90651
20241203T1300,8.120246,71.135025,9.255571,256.50427
20241203T1400,7.960245,72.79132,6.28713,246.37064
20241203T1500,7.3102455,76.7036,4.0249224,243.43495
20241203T1600,5.8102455,84.54019,5.0142193,248.9625
20241203T1700,5.0902452,87.38867,4.8965297,233.97263
20241203T1800,5.130245,87.76693,4.510787,208.61046
20241203T1900,5.0802455,88.38807,4.2136917,199.98311
20241203T2000,4.5602455,90.373405,4.5536795,198.43495
20241203T2100,4.150245,91.30966,3.671294,191.30994
20241203T2200,3.9902453,92.808075,1.5273507,225.0
20241203T2300,4.0402455,93.010376,6.763786,295.2011
20241204T0000,4.2002454,92.42727,6.792466,302.00537
20241204T0100,4.4802456,90.495155,5.904439,322.43143
20241204T0200,4.7202454,88.91963,5.0142193,338.9625
20241204T0300,4.7002454,89.17146,4.0249224,10.30484
20241204T0400,4.8102455,88.865265,1.8,53.130096
20241204T0500,4.7802453,89.24278,1.2979984,33.690063
20241204T0600,4.3102455,93.227936,2.1897945,9.462311
20241204T0700,4.3902454,92.83663,2.9024127,7.125
20241204T0800,4.730245,93.4548,3.8268526,311.1859
20241204T0900,5.130245,93.08565,3.8939953,326.30994
20241204T1000,5.380245,88.2934,4.6800003,337.38013
20241204T1100,5.8902454,83.95201,3.6179552,5.7105865
20241204T1200,6.230245,79.579384,4.1046314,344.74487
20241204T1300,6.1802454,77.10803,6.151683,339.44397
20241204T1400,5.8702455,77.38596,7.2359104,354.28943
20241204T1500,5.3302455,79.49117,6.162207,353.29016
20241204T1600,4.2802453,85.68548,6.519877,6.340164
20241204T1700,3.7702456,87.808464,6.162207,6.7098236
20241204T1800,4.1902456,83.96524,2.4149535,296.56506
20241204T1900,3.6002455,85.53939,3.0758414,249.44395
20241204T2000,3.4002452,86.69728,3.0547013,225.0
20241204T2100,2.7602453,88.46346,1.1384199,198.43495
20241204T2200,1.9902455,89.482994,1.08,180.0
20241204T2300,-0.29975462,93.02819,2.0991426,149.03624
20241205T0000,-1.1097546,94.77908,2.5455842,135.0
20241205T0100,-0.6797546,94.0381,1.2979984,123.69006
20241205T0200,-1.1097546,94.708725,3.7064266,119.054596
20241205T0300,-1.5497545,95.387695,4.5820518,135.0
20241205T0400,-2.0597544,95.57049,5.1919937,146.30994
20241205T0500,-1.4397546,95.11088,4.829907,153.43495
20241205T0600,-1.1497546,94.56549,6.12,151.9275
20241205T0700,-1.2197546,94.631134,6.439876,153.43495
20241205T0800,-0.5897546,94.11401,5.991594,147.26477
20241205T0900,0.5902454,92.41538,6.792466,147.99461
20241205T1000,1.6502454,89.64509,7.771331,166.6075
20241205T1100,2.8402452,87.89697,8.647496,177.61406
20241205T1200,4.1002455,83.89257,10.446206,178.02507
20241205T1300,4.7002454,78.30555,9.746631,175.76361
20241205T1400,4.880245,78.733215,9.47012,171.25385
20241205T1500,4.960245,78.68985,9.178235,168.69006
20241205T1600,4.860245,80.39357,9.9571085,167.47119
20241205T1700,4.710245,85.49301,10.823973,176.18593
20241205T1800,4.9302454,87.62053,10.805999,181.90915
20241205T1900,5.3302455,86.79581,11.901798,183.46823
20241205T2000,5.8102455,84.001144,12.620554,183.2705
20241205T2100,6.3202453,82.06578,13.004921,184.76364
20241205T2200,6.8402452,84.671,14.154915,172.69424
20241205T2300,7.440245,83.976845,15.84409,178.69804
20241206T0000,8.020246,83.291466,16.215992,182.5448
20241206T0100,8.140245,91.30682,16.23596,183.81407
20241206T0200,9.330245,90.89741,17.727943,203.9625
20241206T0300,10.190246,90.53152,22.915916,226.27303
20241206T0400,10.480246,90.06395,25.364037,235.40771
20241206T0500,9.630245,88.52729,24.36325,251.0296
20241206T0600,9.230246,83.04711,23.576563,262.98352
20241206T0700,8.780245,77.12148,21.9718,271.87787
20241206T0800,8.500245,74.88068,20.16,270.0
20241206T0900,8.720245,73.92515,18.089775,264.28943
20241206T1000,8.990245,72.12377,14.658676,245.32315
20241206T1100,9.350245,65.80687,18.345877,254.0546
20241206T1200,9.520246,63.454002,20.545246,258.88696
20241206T1300,9.770246,60.635494,19.13426,258.05585
20241206T1400,9.570246,61.89984,17.81909,261.8699
20241206T1500,8.990245,63.55233,14.973576,260.31122
20241206T1600,8.110246,69.33101,12.313893,254.74487
20241206T1700,7.650245,72.31641,12.522619,251.56506
20241206T1800,7.2402453,75.01875,12.522619,251.56506
20241206T1900,6.940245,76.96634,11.269782,243.43495
20241206T2000,6.500245,78.44068,8.4963045,233.61565
20241206T2100,5.900245,80.38341,7.653705,221.18593
20241206T2200,5.360245,84.12139,5.3517847,199.65382
20241206T2300,5.0302453,85.59354,5.8048253,187.12502
20241207T0000,4.770245,86.66991,5.04,180.0
20241207T0100,5.1202455,86.21721,6.638072,167.47119
20241207T0200,5.360245,85.63379,7.69592,169.2157
20241207T0300,5.6402454,83.85915,8.473393,167.73523
20241207T0400,5.9102454,82.06496,8.905908,165.96376
20241207T0500,6.0602455,79.49531,9.6932955,164.9315
20241207T0600,6.1802454,76.88747,10.137692,163.49564
20241207T0700,6.7802453,69.99346,11.367109,169.04593
20241207T0800,6.8702455,70.97653,11.165805,178.15239
20241207T0900,8.090245,69.574554,10.446206,181.97493
20241207T1000,8.590245,70.92941,9.36,180.0
20241207T1100,8.230246,86.6322,10.739833,193.57043
20241207T1200,8.880245,89.806305,11.966953,201.16125
20241207T1300,8.920245,88.33788,18.335276,226.59114
20241207T1400,8.470245,86.959366,18.35647,228.17984
20241207T1500,8.160246,87.107346,16.055355,222.2737
20241207T1600,7.5602455,86.73956,16.055355,227.72632
20241207T1700,6.9302454,87.218735,16.135872,231.3402
20241207T1800,6.4502454,86.92141,15.629971,231.5463
20241207T1900,6.1402454,85.18356,15.408671,232.59465
20241207T2000,5.860245,82.99813,15.30741,228.81409
20241207T2100,5.690245,81.56587,14.529915,221.98721
20241207T2200,5.710245,81.104065,13.049689,204.44395
20241207T2300,5.6002455,78.85336,14.241629,196.14435
20241208T0000,5.3302455,79.89182,13.661038,198.43495
20241208T0100,5.190245,81.14136,12.57426,203.62938
20241208T0200,5.0702453,82.29584,11.631956,201.8014
20241208T0300,4.880245,85.02612,11.770403,203.4287
20241208T0400,4.7402453,87.59989,10.948973,207.40758
20241208T0500,4.4502454,90.04202,9.83268,203.7495
20241208T0600,4.2202454,91.64166,8.891344,201.37062
20241208T0700,4.0802455,92.94693,9.107359,198.43495
20241208T0800,4.1602454,93.350525,8.825508,191.7683
20241208T0900,4.8002453,90.84547,9.531505,190.88553
20241208T1000,5.3502455,90.50707,9.9571085,192.52881
20241208T1100,6.110245,88.99282,10.464797,206.56505
20241208T1200,6.8202453,85.627686,8.287822,214.38034
20241208T1300,6.920245,84.442894,4.3349743,228.36647
20241208T1400,6.880245,84.97463,1.08,89.99999
20241208T1500,6.4702454,88.09382,3.563818,44.999985
20241208T1600,5.7602453,91.11864,4.6938257,32.47119
20241208T1700,4.9702454,93.60277,4.510787,28.610443
20241208T1800,4.920245,93.40117,5.8048253,29.744873
20241208T1900,5.1202455,92.4294,5.815978,21.801407
20241208T2000,4.670245,93.45085,6.5693827,9.462311
20241208T2100,4.4602456,93.43698,6.924738,8.972626
20241208T2200,4.900245,91.30636,6.5693827,9.462311
20241208T2300,4.8202453,91.36465,7.5942073,5.440323
20241209T0000,4.8402452,92.34343,9.3669195,2.202591
20241209T0100,4.8902454,93.06928,11.928989,5.194412
20241209T0200,4.980245,93.07545,13.202726,11.00354
20241209T0300,4.980245,93.66961,13.009903,14.420761
20241209T0400,5.0302453,93.738976,13.450708,15.524109
20241209T0500,5.0902452,93.21457,13.441071,20.37642
20241209T0600,5.170245,91.976746,12.904882,22.988708
20241209T0700,5.0702453,90.16237,13.570615,21.801407
20241209T0800,4.980245,89.13532,14.003029,17.969131
20241209T0900,5.000245,89.01063,14.934577,15.376251
20241209T1000,4.940245,89.512436,14.145756,14.743561
20241209T1100,5.040245,87.88231,15.937878,18.434952
20241209T1200,4.9102454,85.45657,17.917007,22.442749
20241209T1300,4.9302454,85.45905,17.58481,22.890549
20241209T1400,4.940245,83.76526,17.068707,27.645966
20241209T1500,4.770245,82.13414,14.182355,23.962494
20241209T1600,4.4402456,82.4415,12.522619,18.434952
20241209T1700,4.400245,81.07897,13.1041975,20.924484
20241209T1800,4.3702455,80.20003,13.854155,24.56717
20241209T1900,4.2802453,80.65119,13.202726,25.866348
20241209T2000,4.2302456,80.11961,13.0447235,27.979462
20241209T2100,3.9702454,80.719444,13.0447235,27.979462
20241209T2200,4.1602454,77.8725,10.931203,17.241455
20241209T2300,4.0002456,77.05469,12.57426,23.629364
20241210T0000,3.9402456,75.9829,12.57426,23.629364
20241210T0100,3.7602453,75.949295,11.753877,27.349869
20241210T0200,3.6702452,75.93246,12.10157,30.37912
20241210T0300,3.6702452,75.71039,11.792404,31.263718
20241210T0400,3.6902456,77.11139,10.630672,28.30075
20241210T0500,3.6602454,78.29746,10.883676,34.2157
20241210T0600,3.7902455,78.43413,9.885262,33.111343
20241210T0700,3.8002453,79.00914,9.885262,33.111343
20241210T0800,3.9702454,79.67191,10.086427,34.824493
20241210T0900,4.2502456,80.64649,10.799999,36.86989
20241210T1000,4.5502453,79.708694,13.551501,39.610672
20241210T1100,4.8002453,75.866554,16.78156,54.605194
20241210T1200,5.0702453,74.22994,16.79314,59.036232
20241210T1300,5.290245,72.77976,14.88242,57.847702
20241210T1400,5.290245,74.057785,11.246759,50.194427
20241210T1500,4.9502454,76.33539,8.913181,43.36342
20241210T1600,4.710245,77.51784,7.7043357,37.40535
20241210T1700,4.6002455,78.51544,7.289445,32.905228
20241210T1800,4.4402456,80.03741,7.7879906,33.690063
20241210T1900,4.2502456,81.408226,6.989936,34.508514
20241210T2000,3.9702454,82.43276,6.696387,36.25383
20241210T2100,3.6002455,84.25028,6.9153743,38.659805
20241210T2200,3.0602455,84.238716,7.127636,44.999985
20241210T2300,3.2002454,83.58698,7.127636,44.999985
20241211T0000,2.9302454,83.306145,6.792466,57.994614
20241211T0100,2.9102454,83.79025,5.634891,63.43495
20241211T0200,3.1802454,83.82753,5.495161,58.392494
20241211T0300,3.1502452,83.15556,5.6233797,50.194427
20241211T0400,3.6702452,82.448715,5.0911684,44.999985
20241211T0500,3.6302452,82.20396,3.8268526,48.81407
20241211T0600,3.4702454,82.95979,3.096837,54.46232
20241211T0700,3.5802455,82.375755,4.3349743,41.63353
20241211T0800,3.7302456,81.92115,4.5820518,44.999985
20241211T0900,4.0202456,78.13181,6.297428,59.036255
20241211T1000,4.130245,77.41541,6.28713,76.75948
20241211T1100,4.170245,77.14134,6.130579,93.366455
20241211T1200,4.2902455,76.380936,5.2416787,105.9454
20241211T1300,4.3502455,76.00376,5.2416787,105.9454
20241211T1400,4.4702454,75.14595,3.96,89.99999
20241211T1500,4.2802453,77.723854,4.0249224,63.43495
20241211T1600,3.7202454,81.91966,3.8268526,48.81407
20241211T1700,3.5602455,82.73226,4.3498964,65.55604
20241211T1800,3.2902455,82.994316,3.8773184,68.19859
20241211T1900,3.2002454,83.46555,3.7064266,60.945396
20241211T2000,2.7802453,83.833336,4.39436,55.007973
20241211T2100,2.5502453,84.41557,4.39436,55.007973
20241211T2200,2.9602456,83.007416,3.6,53.130096
20241211T2300,2.6702452,84.30869,2.1897945,80.537674
20241212T0000,2.6002455,86.79165,2.7416782,66.8014
20241212T0100,2.2702456,86.68926,2.7416782,66.8014
20241212T0200,2.0402455,87.55229,1.609969,63.43495
20241212T0300,2.2202454,88.02047,0.8049845,153.43495
20241212T0400,2.0202456,88.06262,0.8049845,116.56505
20241212T0500,2.0502453,88.71028,2.4149535,63.43495
20241212T0600,2.3302455,88.28913,3.219938,63.43495
20241212T0700,2.2102454,88.14768,2.16,89.99999
20241212T0800,2.6002455,85.59973,2.9024127,119.74488
20241212T0900,2.8802452,83.17768,2.5455842,98.1301
20241212T1000,3.2202454,81.72541,3.219938,116.56505
20241212T1100,3.4502454,81.226685,3.6,126.869896
20241212T1200,3.7302456,79.92278,4.0249224,116.56505
20241212T1300,3.8702455,78.906006,4.1046314,105.25512
20241212T1400,3.8902454,78.337135,4.1046314,105.25512
20241212T1500,3.0802455,83.0851,3.219938,116.56505
20241212T1600,4.0502453,76.003395,3.7585104,106.69924
20241212T1700,3.2802453,79.15246,4.32,89.99999
20241212T1800,2.1102452,82.641304,4.0249224,100.30484
20241212T1900,1.1202455,85.1579,3.5455887,113.96249
20241212T2000,0.77024543,85.49009,3.0758414,110.556046
20241212T2100,0.5802454,85.782326,3.319036,102.52881
20241212T2200,0.89024544,86.33054,4.3349743,131.63353
20241212T2300,0.5502454,86.993195,6.1305785,130.23636
20241213T0000,0.3902454,87.55525,4.8433046,131.98721
20241213T0100,0.16024542,87.463486,4.5820518,135.0
20241213T0200,0.030245423,88.3611,4.5820518,135.0
20241213T0300,-0.3297546,88.25514,4.8965297,143.97263
20241213T0400,-0.50975454,88.629906,5.154415,155.22485
20241213T0500,-0.88975465,89.18502,5.1919937,146.30994
20241213T0600,-1.0197546,89.171074,4.6102495,128.6598
20241213T0700,-1.2797546,89.74562,5.1165614,129.2894
20241213T0800,-1.1297545,90.29919,5.6002855,135.0
20241213T0900,-0.33975458,89.04486,4.8433046,138.01279
20241213T1000,1.0802454,81.03279,6.1094027,135.0
20241213T1100,1.8702455,79.14627,6.638072,139.3987
20241213T1200,2.8702455,77.132774,5.904439,142.4314
20241213T1300,3.4302454,75.72059,4.8965297,143.97263
20241213T1400,3.6102452,75.4775,4.6102495,141.34018
20241213T1500,3.5702453,72.42686,4.198285,149.03624
20241213T1600,2.7602453,76.37785,4.452954,165.96376
20241213T1700,1.4202454,81.02707,3.5455887,156.0375
20241213T1800,0.5102454,84.51053,3.5455887,156.0375
20241213T1900,-0.5597546,88.62438,3.8268526,138.81407
20241213T2000,-0.6997546,89.60493,4.1046314,142.12502
20241213T2100,-0.8497546,90.3269,4.829907,153.43495
20241213T2200,-0.8297546,94.09729,5.0528407,175.91438
20241213T2300,-0.6997546,94.31564,3.9763298,174.80557
20241214T0000,-0.35975462,93.43708,6.489992,160.55997
20241214T0100,0.1202454,91.969604,5.3517847,160.34618
20241214T0200,0.20024541,92.38385,4.1046314,164.74487
20241214T0300,0.64024544,90.80437,3.9763298,174.80557
20241214T0400,0.9402454,91.70171,3.9763298,174.80557
20241214T0500,1.4302454,90.545296,5.0528407,175.91438
20241214T0600,1.7302454,92.77495,6.162207,173.29016
20241214T0700,2.0802455,93.67928,6.924738,171.02737
20241214T0800,2.2302454,94.09672,6.924738,171.02737
20241214T0900,3.0702453,93.074936,6.849467,176.98721
20241214T1000,3.8902454,93.06622,7.2805495,188.53076
20241214T1100,4.3902454,92.375626,7.42159,202.83365
20241214T1200,4.8102455,89.37281,8.913181,223.36343
20241214T1300,5.130245,88.96019,9.178235,228.17984
20241214T1400,5.0802455,90.93365,8.669949,221.63354
20241214T1500,5.0902452,89.90867,7.9932966,215.83765
20241214T1600,4.8402452,90.71991,8.4963045,216.38435
20241214T1700,4.7002454,90.901535,7.928177,219.47246
20241214T1800,4.5402455,91.79768,7.386582,223.02507
20241214T1900,4.4302454,92.575874,7.145796,229.08562
20241214T2000,4.3702455,92.70327,6.489992,236.30994
20241214T2100,4.2402453,92.29866,5.8048253,240.25513
20241214T2200,4.0802455,93.07949,5.904439,217.5686
20241214T2300,3.8002453,93.059906,6.3690495,222.7094
20241215T0000,3.7302456,91.99633,6.792466,237.99463
20241215T0100,3.5802455,90.54466,6.193674,234.46233
20241215T0200,3.4802456,89.62915,6.8777895,222.8789
20241215T0300,3.3702455,89.3608,6.9153743,218.65982
20241215T0400,3.1802454,89.98853,6.3690495,222.7094
20241215T0500,3.0502453,91.02028,6.638072,229.39871
20241215T0600,2.8302455,91.461975,6.1305785,229.76364
20241215T0700,2.6602454,91.71231,5.8603754,227.48956
20241215T0800,2.9002452,90.287544,7.145796,220.91438
20241215T0900,3.4402456,88.598755,7.42159,219.09386
20241215T1000,4.1002455,84.316986,9.220499,231.3402
20241215T1100,4.710245,82.36197,9.0,233.1301
20241215T1200,5.040245,79.67312,10.144082,242.52557
20241215T1300,5.0302453,78.98578,10.990322,238.3925
20241215T1400,5.0502453,78.1394,10.990322,238.3925
20241215T1500,4.880245,79.24619,8.14587,225.0
20241215T1600,4.2802453,82.89526,7.9932966,215.83765
20241215T1700,4.0302453,83.822556,7.2,216.8699
20241215T1800,4.0002456,83.39592,6.9247384,207.89728
20241215T1900,4.0302453,83.15952,7.289444,200.22485
20241215T2000,3.7102456,84.32597,7.5170207,196.69925
20241215T2100,3.7102456,84.14324,7.771331,193.3925
20241215T2200,3.5502453,84.732796,8.654986,196.92752
20241215T2300,3.5102453,84.42142,9.0,196.26021
20241216T0000,3.6302452,83.64663,7.8625183,195.9454
20241216T0100,3.7902455,83.547745,7.628263,199.29004
20241216T0200,4.0602455,83.40426,7.42159,194.03624
20241216T0300,4.2502456,83.490776,7.69592,190.7843
20241216T0400,4.2702456,84.82635,8.4042845,189.86581
20241216T0500,4.5202456,84.73677,8.905908,194.03624
20241216T0600,4.710245,85.61551,9.255571,193.49573
20241216T0700,4.5502453,87.32904,9.178235,191.30994
20241216T0800,4.6602454,88.28172,8.707238,187.12502
20241216T0900,6.0902452,85.78254,7.9526596,185.19443
20241216T1000,7.400245,81.988625,7.42159,202.83365
20241216T1100,8.480246,77.07005,6.9153743,218.65982
20241216T1200,8.980246,76.77837,6.297428,210.96376
20241216T1300,9.190246,75.90631,7.4128532,209.05461
20241216T1400,8.930245,76.823555,8.0899935,212.27565
20241216T1500,8.200246,79.38666,6.28713,193.24052
20241216T1600,6.6602454,85.971146,6.489992,183.17982
20241216T1700,5.5802455,89.06724,5.7599998,180.0
20241216T1800,4.8902454,91.30554,4.73506,171.25385
20241216T1900,4.380245,92.112335,4.0249224,169.69516
20241216T2000,3.9802456,92.87358,4.379589,170.53767
20241216T2100,3.9102454,93.20052,5.1544156,167.90524
20241216T2200,2.8102455,96.737656,4.68,180.0
20241216T2300,2.2802453,98.46932,5.8603754,169.38034
20241217T0000,2.2102454,97.6912,5.8603754,169.38034
20241217T0100,2.3202453,97.624985,6.9899354,168.11134
20241217T0200,2.4102454,97.55818,6.5693827,170.53767
20241217T0300,2.2802453,98.045616,6.5693827,170.53767
20241217T0400,2.0102453,98.10712,7.928178,177.39743
20241217T0500,2.0402455,97.61455,7.9526596,174.80557
20241217T0600,1.9602454,97.611565,6.9899354,168.11134
20241217T0700,1.8002454,97.88782,5.815978,158.1986
20241217T0800,1.8002454,98.17085,5.634891,153.43495
20241217T0900,2.1902454,98.8212,5.00128,149.74356
20241217T1000,3.7202454,94.4602,3.4152596,161.56505
20241217T1100,5.1402454,90.36062,5.1544156,167.90524
20241217T1200,6.0902452,86.69739,5.8603754,169.38034
20241217T1300,7.0302453,82.283424,5.1544156,167.90524
20241217T1400,7.0902452,82.05999,3.8773184,158.1986
20241217T1500,6.8702455,81.68128,4.510787,151.38954
20241217T1600,5.8202453,86.238,5.154415,155.22485
20241217T1700,3.8002453,92.13348,5.4833565,156.8014
20241217T1800,4.0202456,91.69103,5.95906,154.98311
20241217T1900,3.7602453,92.52654,5.815978,158.1986
20241217T2000,3.4402456,92.50266,5.815978,158.1986
20241217T2100,3.2502456,93.02096,5.4833565,156.8014
20241217T2200,2.9002452,93.46534,6.763786,154.79887
20241217T2300,2.9702454,92.93401,7.42159,157.16635
20241218T0000,3.0102453,94.07907,6.830519,161.56505
20241218T0100,3.7302456,91.73333,6.2145634,169.99202
20241218T0200,4.110245,91.43681,5.771239,176.42366
20241218T0300,4.1002455,91.436,6.2145634,169.99202
20241218T0400,4.6802454,88.979065,6.87779,173.991
20241218T0500,5.110245,88.328316,6.5693827,170.53767
20241218T0600,5.110245,89.021416,6.638072,167.47119
20241218T0700,5.1802454,88.52399,6.28713,166.75948
20241218T0800,5.3902454,86.987854,6.638072,167.47119
20241218T0900,6.8702455,83.019516,7.771331,166.6075
20241218T1000,8.680245,78.908264,8.654986,163.07248
20241218T1100,10.3102455,74.32695,9.885262,169.50853
20241218T1200,12.030245,65.453514,9.779817,173.6598
20241218T1300,12.670245,63.714066,10.086427,177.95459
20241218T1400,12.620245,62.254417,8.311245,184.96974
20241218T1500,11.710245,63.66485,7.5170207,196.69925
20241218T1600,10.260245,67.00135,7.8954163,204.22775
20241218T1700,9.8102455,69.49839,7.8954163,204.22775
20241218T1800,9.530245,73.09819,7.5170207,196.69925
20241218T1900,9.520246,76.924866,7.6367526,188.1301
20241218T2000,9.370245,78.19717,7.5685663,182.72632
20241218T2100,9.160245,81.04531,7.5942073,174.55966
20241218T2200,9.050245,82.33473,7.42159,165.96376
20241218T2300,8.710245,84.139145,8.427383,160.01689
20241219T0000,8.110246,86.55877,8.427383,160.01689
20241219T0100,8.250245,86.87538,8.089993,159.14554
20241219T0200,7.8502455,88.04912,8.699793,155.55605
20241219T0300,7.3102455,88.61108,9.339208,152.44719
20241219T0400,7.2602453,87.98938,8.854829,153.43495
20241219T0500,7.630245,82.194405,8.473393,167.73523
20241219T0600,8.520246,79.10399,11.304229,189.16235
20241219T0700,9.280245,86.50764,15.941944,205.40771
20241219T0800,10.180245,87.13936,18.514643,206.56505
20241219T0900,10.740245,85.78346,21.096123,216.67435
20241219T1000,11.830245,81.09399,17.84816,221.7295
20241219T1100,12.710245,76.51449,19.228851,218.15723
20241219T1200,13.190246,73.786736,21.028437,218.04704
20241219T1300,13.510245,71.084404,21.203358,220.17923
20241219T1400,12.580245,72.82219,20.12461,227.17474
20241219T1500,9.8102455,80.69195,25.582806,267.5805
20241219T1600,6.860245,86.9056,20.870687,284.9951
20241219T1700,6.3202453,83.35653,18.03237,273.43362
20241219T1800,5.8902454,83.89238,16.65754,263.79657
20241219T1900,5.380245,84.004074,15.745627,259.46082
20241219T2000,5.130245,80.84149,15.496736,267.337
20241219T2100,4.4502454,82.91938,13.441071,277.69604
20241219T2200,4.1902456,82.5839,8.825508,258.23172
20241219T2300,3.9402456,84.35657,7.2,270.0
20241220T0000,3.6602454,85.98029,7.2359104,264.28943
20241220T0100,3.4002452,87.073845,6.87779,263.991
20241220T0200,3.1802454,88.1887,6.849467,266.9872
20241220T0300,3.1102452,88.24495,7.9932976,277.76517
20241220T0400,3.1202455,87.35713,8.350138,277.4314
20241220T0500,3.0202456,86.96701,8.287822,272.48956
20241220T0600,3.2502456,87.18257,6.9899354,258.11133
20241220T0700,3.1902456,87.55478,7.289444,249.77515
20241220T0800,3.1502452,88.313,7.4128532,240.9454
20241220T0900,3.4302454,88.661575,9.107359,251.56506
20241220T1000,3.8802452,86.00707,10.365251,249.67686
20241220T1100,4.4102454,86.44216,12.074766,259.69516
20241220T1200,4.690245,83.8517,12.324414,263.29016
20241220T1300,4.9702454,79.94917,12.261158,266.63354
20241220T1400,4.8302455,78.158104,10.538843,262.14667
20241220T1500,4.1402454,78.209404,6.28713,246.37064
20241220T1600,3.3902454,80.68675,5.1165614,230.7106
20241220T1700,2.5402455,84.22957,7.386582,223.02507
20241220T1800,1.8302454,86.130394,7.9932966,215.83765
20241220T1900,1.6302454,87.12166,7.5942082,211.42957
20241220T2000,1.3402455,87.729256,7.729527,207.75854
20241220T2100,1.5402454,87.0472,7.42159,202.83365
20241220T2200,1.4702454,86.847496,7.42159,194.03624
20241220T2300,1.6502454,85.7297,8.4042845,189.86581
20241221T0000,1.9102454,84.14329,9.826088,188.42697
20241221T0100,2.2602453,82.6028,10.495713,185.90614
20241221T0200,2.4402454,81.546425,10.105681,184.08562
20241221T0300,2.5402455,81.32307,10.105681,184.08562
20241221T0400,2.6802454,81.52367,10.8955765,187.59465
20241221T0500,2.9102454,81.38041,10.538843,187.85332
20241221T0600,2.9602456,82.705414,10.105681,184.08562
20241221T0700,3.0102453,82.89371,10.446206,181.97493
20241221T0800,3.1902456,83.34288,10.446206,181.97493
20241221T0900,4.3402452,80.48581,10.594036,189.78241
20241221T1000,5.2802453,76.285194,10.440001,180.0
20241221T1100,6.2402453,73.869255,12.371645,188.36589
20241221T1200,6.8302455,74.3019,11.874544,194.03624
20241221T1300,6.9302454,74.96089,13.1041975,200.9245
20241221T1400,7.040245,75.57189,13.570615,201.8014
20241221T1500,6.980245,77.412605,12.55879,207.29958
20241221T1600,6.8902454,80.650314,12.10157,210.37914
20241221T1700,6.8702455,82.260765,14.57889,212.90524
20241221T1800,6.8702455,83.195496,15.546833,222.18445
20241221T1900,6.650245,85.5471,17.654688,219.2072
20241221T2000,6.3002453,89.13643,19.174856,219.66785
20241221T2100,5.9502454,91.070015,19.8,216.8699
20241221T2200,6.190245,88.6253,18.775303,212.47119
20241221T2300,6.190245,87.755135,21.611996,209.98164
20241222T0000,6.500245,87.47941,22.415602,209.85901
20241222T0100,6.880245,87.88885,23.664352,213.20657
20241222T0200,7.2602453,88.42075,24.162947,213.45331
20241222T0300,7.650245,88.0903,24.567198,214.85446
20241222T0400,8.120246,87.04257,25.199997,216.8699
20241222T0500,8.650246,86.85832,27.497026,223.93909
20241222T0600,8.380245,85.69147,29.546328,226.97495
20241222T0700,6.8402452,86.90338,28.954834,231.5627
20241222T0800,6.4702454,87.72279,25.992397,239.17233
20241222T0900,6.3702455,84.85129,22.73707,246.68228
20241222T1000,6.5802455,88.913086,16.610792,240.1011
20241222T1100,5.9302454,85.03689,17.654688,249.71744
20241222T1200,5.420245,84.36958,18.792551,253.30075
20241222T1300,5.4702454,77.930374,22.319998,270.0
20241222T1400,5.210245,76.93634,18.584509,261.08508
20241222T1500,4.5502453,77.54587,15.844089,248.6821
20241222T1600,3.5902452,80.60097,11.753877,242.65013
20241222T1700,2.7902455,85.06494,9.19939,239.42078
20241222T1800,2.3502455,91.68669,8.049845,243.43495
20241222T1900,2.4202454,93.02814,7.928178,267.39746
20241222T2000,2.3602452,93.901535,10.538843,277.85333
20241222T2100,2.4702454,90.96956,12.074766,280.30487
20241222T2200,2.2102454,87.12584,6.830519,251.56506
20241222T2300,2.2002454,88.2108,8.225035,246.8014
20241223T0000,2.2902455,87.135155,8.699793,245.55606
20241223T0100,2.2302454,88.14986,8.913181,226.63658
20241223T0200,1.9402454,90.32912,10.233123,219.28941
20241223T0300,1.9002454,91.849174,11.480557,221.18593
20241223T0400,1.7202454,93.450745,11.808878,217.5686
20241223T0500,1.7202454,94.26837,11.808878,217.5686
20241223T0600,1.9002454,94.621994,10.587918,234.68878
20241223T0700,1.9902455,94.55904,9.531505,259.11447
20241223T0800,2.2902455,94.577446,9.47012,278.74615
20241223T0900,3.0602455,92.74034,10.495713,300.96378
20241223T1000,3.1002455,94.49057,8.891343,301.7595
20241223T1100,3.7002454,90.750374,11.753876,310.03027
20241223T1200,4.3102455,87.177284,14.512064,313.99493
20241223T1300,4.8302455,83.87056,11.753876,310.03027
20241223T1400,4.8202453,81.435776,12.218805,315.0
20241223T1500,4.400245,83.63175,11.246759,309.80557
20241223T1600,3.6802454,87.60923,10.296251,306.46924
20241223T1700,3.7102456,88.181755,8.557102,292.24902
20241223T1800,3.7702456,87.55616,8.891344,291.37064
20241223T1900,3.7802453,88.379555,7.42159,284.03625
20241223T2000,3.7802453,89.33682,6.924738,278.97263
20241223T2100,3.7602453,89.91369,5.771239,266.42368
20241223T2200,3.0702453,91.02201,4.8965297,233.97263
20241223T2300,3.2502456,91.10308,5.8603754,227.48956
20241224T0000,2.8002453,92.05516,6.1094027,225.0
20241224T0100,2.4402454,92.29299,5.904439,217.5686
20241224T0200,2.9002452,92.72849,4.6938257,212.47119
20241224T0300,2.4802454,93.0997,4.8965297,216.02737
20241224T0400,2.2002454,92.877525,4.8965297,216.02737
20241224T0500,2.1302454,93.81837,4.5820518,225.0
20241224T0600,1.9802454,94.49002,3.8268526,221.18593
20241224T0700,2.1702454,92.67374,3.319036,220.6013
20241224T0800,2.2802453,94.09995,2.8116899,230.19443
20241224T0900,3.4102454,91.83924,2.5455842,225.0
20241224T1000,4.0202456,87.96179,0.35999998,180.0
20241224T1100,4.750245,85.86579,2.4149535,333.43497
20241224T1200,5.3502455,83.04571,2.9024127,7.125
20241224T1300,5.270245,82.38367,1.609969,26.565033
20241224T1400,5.3902454,80.99743,2.1897945,9.462311
20241224T1500,4.730245,88.73072,0.8049845,63.43495
20241224T1600,3.5102453,92.70692,1.2979984,33.690063
20241224T1700,3.1102452,94.01796,2.5959969,33.690063
20241224T1800,2.6902456,96.87136,2.16,89.99999
20241224T1900,2.8902454,95.363785,2.5455842,98.1301
20241224T2000,2.7602453,95.15146,3.2599385,96.34019
20241224T2100,2.6202455,95.34916,3.6,89.99999
20241224T2200,2.6102452,95.692055,2.968636,104.03624
20241224T2300,2.6502452,96.107574,2.5455842,81.869896
20241225T0000,2.8502455,94.88352,2.16,89.99999
20241225T0100,2.3502455,95.05984,2.3051248,128.6598
20241225T0200,1.7802454,96.832,4.072935,135.0
20241225T0300,1.6402454,96.75574,4.1046314,142.12502
20241225T0400,1.5002453,95.841705,2.5455842,135.0
20241225T0500,1.3802454,94.86538,3.8268526,138.81407
20241225T0600,1.1802454,94.02747,3.8268526,138.81407
20241225T0700,1.0202454,93.46904,3.396233,122.00538
20241225T0800,1.3502455,92.40841,2.9024127,119.74488
20241225T0900,2.4202454,89.65575,4.6938257,122.47119
20241225T1000,3.6002455,84.06753,4.8433046,138.01279
20241225T1100,4.7402453,79.39491,5.495161,121.6075
20241225T1200,5.6202455,75.635216,5.0142193,111.03751
20241225T1300,6.2002454,72.543396,4.5536795,108.434944
20241225T1400,6.5602455,69.996574,5.0142193,111.03751
20241225T1500,5.270245,80.22719,2.5455842,81.869896
20241225T1600,3.4802456,86.08261,5.315336,61.699234
20241225T1700,2.3702455,90.36921,5.154415,65.224846
20241225T1800,1.4802454,92.82352,4.379589,80.537674
20241225T1900,0.9002454,94.008606,4.6938252,94.398705
20241225T2000,0.4002454,95.01403,4.6938252,94.398705
20241225T2100,0.2102454,94.65431,5.04,89.99999
20241225T2200,-0.29975462,90.85096,4.68,89.99999
20241225T2300,-0.39975458,90.03623,6.489992,109.44003
20241226T0000,-0.5797546,90.62243,6.489992,109.44003
20241226T0100,-0.6797546,90.410866,6.379216,106.38954
20241226T0200,-0.65975463,89.80941,5.937272,104.03624
20241226T0300,-0.9297546,90.1172,5.6920996,108.434944
20241226T0400,-1.0797546,90.57415,5.2416787,105.9454
20241226T0500,-1.2897546,90.6214,5.3517847,109.653824
20241226T0600,-1.3897547,90.47618,5.0142193,111.03751
20241226T0700,-1.3797545,89.66807,4.896529,107.10272
20241226T0800,-0.76975465,88.40298,4.73506,98.74616
20241226T0900,0.7302454,85.73819,4.32,89.99999
20241226T1000,1.3302454,82.64741,5.3517847,109.653824
20241226T1100,2.2902455,78.34649,6.193674,125.537674
20241226T1200,3.2402453,75.79595,5.6002855,135.0
20241226T1300,3.9702454,73.95976,4.8433046,131.98721
20241226T1400,4.2502456,75.76403,3.563818,135.0
20241226T1500,4.0202456,76.66607,3.8939953,146.30994
20241226T1600,3.1602454,81.7163,3.8268526,138.81407
20241226T1700,-0.03975457,93.116844,3.396233,122.00538
20241226T1800,-0.8397546,95.43049,4.3498964,114.44395
20241226T1900,-1.1597546,95.553085,4.6800003,112.61986
20241226T2000,-1.3297546,95.61404,4.896529,107.10272
20241226T2100,-1.3797545,94.05851,4.896529,107.10272
20241226T2200,-1.6197547,92.78539,5.3517847,137.72632
20241226T2300,-1.6697546,92.089745,6.618519,135.0
20241227T0000,-1.5197545,91.279785,6.1305785,139.76364
20241227T0100,-1.5397545,90.59703,5.692099,145.30484
20241227T0200,-1.3697546,88.73333,5.495161,148.3925
20241227T0300,-1.3297546,87.02332,5.904439,142.4314
20241227T0400,-1.2197546,86.64576,6.1305785,139.76364
20241227T0500,-1.3497546,86.9555,6.3690495,137.2906
20241227T0600,-1.4497546,86.877716,6.3690495,137.2906
20241227T0700,-1.6397547,87.4446,6.1305785,139.76364
20241227T0800,-1.5297545,88.58237,5.904439,142.4314
20241227T0900,-0.24975461,86.50862,5.692099,145.30484
20241227T1000,0.8602454,84.5586,6.297428,149.03624
20241227T1100,1.9802454,81.595245,6.792466,147.99461
20241227T1200,2.8602452,80.898,6.439876,153.43495
20241227T1300,3.2802453,82.631615,5.6920996,161.56505
20241227T1400,3.5602455,84.36698,4.896529,162.89728
20241227T1500,2.3402452,87.45886,3.8773184,158.1986
20241227T1600,0.2802454,91.51002,3.319036,139.3987
20241227T1700,-0.4397546,93.224045,3.6,143.1301
20241227T1800,-0.50975454,92.874275,4.1046314,142.12502
20241227T1900,-0.5897546,92.455894,4.5820518,135.0
20241227T2000,-0.77975464,91.75604,5.1165614,129.2894
20241227T2100,-0.9597546,91.671936,5.6002855,135.0
20241227T2200,-0.89975464,91.95046,5.6002855,135.0
20241227T2300,-1.1597546,91.517555,6.638072,139.3987
20241228T0000,-1.3197546,91.63985,5.8603754,137.48955
20241228T0100,-1.4497546,91.97124,5.1165614,140.71059
20241228T0200,-1.6897546,92.84911,4.6938257,147.52881
20241228T0300,-1.7597545,92.08192,4.6938257,147.52881
20241228T0400,-1.6997546,91.12636,5.1919937,146.30994
20241228T0500,-1.6997546,90.92164,5.8048253,150.25511
20241228T0600,-1.9297546,91.37872,6.297428,149.03624
20241228T0700,-1.8197545,91.18343,6.297428,149.03624
20241228T0800,-1.3997546,90.475204,6.989936,145.49147
20241228T0900,0.3802454,89.78166,5.991594,147.26477
20241228T1000,1.9702454,88.89606,4.829907,153.43495
20241228T1100,3.2902455,84.39208,6.151683,159.44395
20241228T1200,4.360245,83.265755,5.506941,168.69006
20241228T1300,4.960245,82.39809,5.4119864,176.18593
20241228T1400,4.860245,87.988464,2.9024127,172.87498
20241228T1500,3.3702455,87.25926,5.5887027,165.06857
20241228T1600,0.5902454,94.12534,4.896529,162.89728
20241228T1700,0.00024539232,95.76079,3.671294,168.69006
20241228T1800,-0.10975462,96.10735,4.2136917,160.01689
20241228T1900,-0.23975462,96.02975,4.510787,151.38954
20241228T2000,-0.51975465,96.01462,4.6938257,147.52881
20241228T2100,-0.9497546,95.99105,4.8965297,143.97263
20241228T2200,-0.9297546,96.63363,3.8939953,146.30994
20241228T2300,-1.0997546,96.41054,5.315336,151.69923
20241229T0000,-1.4297546,96.89578,5.0142193,158.9625
20241229T0100,-1.6497546,96.59702,4.6800003,157.38013
20241229T0200,-1.8897547,95.43808,4.6800003,157.38013
20241229T0300,-1.8897547,95.01127,4.896529,162.89728
20241229T0400,-1.7097546,94.17548,4.896529,162.89728
20241229T0500,-1.6297547,93.34099,4.896529,162.89728
20241229T0600,-1.7097546,93.68428,4.802999,167.00539
20241229T0700,-1.7797545,93.120155,4.896529,162.89728
20241229T0800,-1.2797546,92.32977,5.0142193,158.9625
20241229T0900,-0.03975457,90.94247,5.3517847,160.34618
20241229T1000,0.7802454,92.09244,3.96,180.0
20241229T1100,1.6502454,90.631775,4.1046314,195.25513
20241229T1200,2.3802454,88.74492,4.6102495,218.65982
20241229T1300,2.6202455,88.192245,4.5820518,225.0
20241229T1400,2.5102453,91.03895,4.072935,225.0
20241229T1500,0.89024544,94.21425,5.904439,217.5686
20241229T1600,-0.07975459,96.1796,5.991594,212.73523
20241229T1700,-0.33975458,95.389626,5.0142193,201.0375
20241229T1800,-0.5697546,94.95415,3.7585104,196.69925
20241229T1900,-0.5897546,94.18367,3.319036,192.52881
20241229T2000,-0.74975455,94.2424,3.2599385,186.3402
20241229T2100,-0.51975465,94.25813,2.5455842,188.1301
20241229T2200,-0.52975464,93.07926,3.319036,192.52881
20241229T2300,-0.8397546,92.50398,2.9024127,172.87498
20241230T0000,-0.97975457,92.42368,2.968636,165.96376
20241230T0100,-0.99975455,92.35329,2.968636,165.96376
20241230T0200,-1.2997546,92.12167,2.7416782,156.8014
20241230T0300,-1.2597545,91.576836,3.219938,153.43495
20241230T0400,-1.3197546,91.23009,3.219938,153.43495
20241230T0500,-1.1297545,90.70459,3.219938,153.43495
20241230T0600,-1.4197546,90.88032,3.096837,144.46231
20241230T0700,-1.4497546,90.538025,3.8268526,138.81407
20241230T0800,-1.1697546,89.08825,4.39436,145.00798
20241230T0900,-0.72975457,89.66859,4.1046314,142.12502
20241230T1000,-0.5997546,90.68787,3.396233,147.99461
20241230T1100,-0.0697546,89.53699,4.198285,149.03624
20241230T1200,0.6302454,89.41072,3.7064266,150.94539
20241230T1300,1.0102454,89.25273,3.0758414,159.44395
20241230T1400,1.0802454,87.50626,2.9024127,172.87498
20241230T1500,1.0102454,88.01482,3.8773184,158.1986
20241230T1600,0.19024539,90.89659,4.0249224,153.43495
20241230T1700,-1.6197547,95.882126,3.219938,153.43495
20241230T1800,-1.7497545,94.24303,2.9024127,150.25511
20241230T1900,-1.6997546,94.17618,3.6,143.1301
20241230T2000,-1.8497547,93.74392,3.8268526,138.81407
20241230T2100,-1.8397547,93.185135,4.8433046,138.01279
20241230T2200,-1.7697545,92.56504,5.1165614,140.71059
20241230T2300,-2.0097547,92.12922,6.193674,144.46231
20241231T0000,-2.0897546,91.158005,5.3999996,143.1301
20241231T0100,-2.3397546,91.547195,5.1919937,146.30994
20241231T0200,-2.4697547,91.19065,5.315336,151.69923
20241231T0300,-2.6697545,91.30949,5.4833565,156.8014
20241231T0400,-2.8497548,91.36156,5.4833565,156.8014
20241231T0500,-2.8997545,90.66755,5.4833565,156.8014
20241231T0600,-2.7897544,90.81587,6.28713,156.37062
20241231T0700,-2.8697548,89.98603,6.6185193,157.61987
20241231T0800,-2.2897544,89.16712,7.0911775,156.0375
20241231T0900,-0.76975465,88.073616,7.42159,157.16635
20241231T1000,0.6802454,85.16249,7.342588,168.69006
20241231T1100,2.5602455,83.131905,7.9932976,172.23483
20241231T1200,4.0702453,79.7461,7.2359104,174.28941
20241231T1300,5.020245,78.5865,6.489992,183.17982
20241231T1400,4.860245,81.852684,4.32,180.0
20241231T1500,3.2202454,87.87504,4.6938252,175.60129
20241231T1600,1.1902454,92.12608,5.771239,176.42366
20241231T1700,0.34024543,92.25935,5.4119864,183.81407
20241231T1800,-0.14975458,92.49179,5.506941,191.30994
20241231T1900,-0.4597546,92.53505,7.2359104,185.71059
20241231T2000,-0.27975458,90.78554,8.28,180.0
20241231T2100,-0.64975464,92.040306,6.519877,173.6598
20241231T2200,-0.5597546,91.43544,4.32,180.0
20241231T2300,-0.6997546,91.28707,6.130579,176.63354
20250101T0000,-1.1097546,92.41286,4.6938252,175.60129
20250101T0100,-1.2997546,92.46593,3.6,180.0
20250101T0200,-1.5297545,92.377655,4.3349743,175.23636
20250101T0300,-1.5997547,92.50998,6.28713,166.75948
20250101T0400,-1.2197546,91.99124,7.8625183,164.0546
20250101T0500,-0.87975454,91.61085,8.557102,165.37912
20250101T0600,-0.04975462,88.22117,8.905908,165.96376
20250101T0700,-0.07975459,86.91683,8.557102,165.37912
20250101T0800,0.4502454,85.25825,8.557102,165.37912
20250101T0900,2.2002454,82.05004,9.422101,173.41806
20250101T1000,4.1402454,79.18101,9.3669195,182.20259
20250101T1100,5.8302455,73.09972,10.105681,184.08562
20250101T1200,7.380245,68.57854,10.464798,183.94519
20250101T1300,8.380245,64.7858,10.464798,183.94519
20250101T1400,8.510245,63.48105,9.826088,188.42697
20250101T1500,7.500245,65.32608,9.0645685,186.84277
20250101T1600,5.4702454,70.37216,9.007196,182.2906
20250101T1700,4.7002454,72.818924,9.779817,186.3402
20250101T1800,4.3302455,73.59956,10.1376915,186.11551
20250101T1900,4.2102456,74.06139,10.538843,187.85332
20250101T2000,3.9902453,74.4527,10.594036,189.78241
20250101T2100,4.1202455,73.50372,9.9571085,192.52881
20250101T2200,5.0902452,64.98443,9.885262,190.49147
20250101T2300,5.230245,64.922844,11.090103,193.13402
20250102T0000,5.610245,61.796524,12.758432,196.38954
20250102T0100,5.900245,59.147034,12.768586,201.50143
20250102T0200,6.2202454,57.251568,12.55879,207.29958
20250102T0300,6.7402453,54.41625,13.397612,210.69972
20250102T0400,7.3002453,50.634895,16.199999,216.8699
20250102T0500,7.6202455,49.75706,18.289274,216.1932
20250102T0600,7.630245,50.882538,20.523157,217.87498
20250102T0700,8.030246,50.0261,21.710716,220.29214
20250102T0800,8.390245,51.179264,22.45315,221.0995
20250102T0900,9.370245,51.915684,23.950148,222.56335
20250102T1000,9.290245,58.415623,22.159746,226.97495
20250102T1100,8.910245,67.17274,22.725668,229.49716
20250102T1200,8.280246,76.38719,22.493519,230.19443
20250102T1300,7.670245,81.567314,21.980644,238.3925
20250102T1400,7.2802453,86.40562,22.59699,239.34933
20250102T1500,7.0102453,88.1488,20.945072,245.63754
20250102T1600,6.5102453,90.796906,16.24394,257.19574
20250102T1700,5.500245,94.09884,11.659777,278.88065
20250102T1800,4.5002456,95.718704,8.049845,296.56506
20250102T1900,2.9602456,96.053665,7.42159,309.09387
20250102T2000,2.2002454,95.87789,6.489992,303.69006
20250102T2100,2.0902452,95.0449,6.28713,293.6294
20250102T2200,1.8502454,95.65211,4.802999,282.99463
20250102T2300,1.7802454,95.64837,3.6,270.0
20250103T0000,1.5802454,95.499,2.5455842,261.8699
20250103T0100,1.3702455,94.93378,5.0142193,248.9625
20250103T0200,1.3302454,93.96906,4.3498964,245.55606
20250103T0300,0.9402454,94.35526,5.154415,245.22485
20250103T0400,0.6602454,94.267975,5.815978,248.1986
20250103T0500,0.4202454,94.73709,5.4833565,246.8014
20250103T0600,0.2502454,95.004906,5.4833565,246.8014
20250103T0700,0.2402454,94.44792,4.6938257,237.52881
20250103T0800,0.6302454,93.578,3.8268526,228.81409
20250103T0900,1.3402455,90.40458,4.3349743,228.36647
20250103T1000,1.9502454,87.67001,6.379216,253.61046
20250103T1100,2.5402455,82.76504,8.669949,265.23636
20250103T1200,2.9102454,80.43377,9.0645685,276.84277
20250103T1300,3.0102453,78.24189,9.47012,278.74615
20250103T1400,2.9702454,75.078026,8.759178,279.46234
20250103T1500,2.4402454,73.92656,7.208994,272.8624
20250103T1600,1.1502454,78.78769,4.73506,261.25385
20250103T1700,0.47024542,82.57971,6.638072,257.4712
20250103T1800,-0.3797546,86.49231,4.829907,243.43495
20250103T1900,-1.1897546,87.10593,4.39436,214.99202
20250103T2000,-1.3097546,87.41876,4.5536795,198.43495
20250103T2100,-1.3697546,85.59028,3.6179552,174.28941
20250103T2200,-3.5297546,89.77931,3.8773184,201.8014
20250103T2300,-3.6497545,90.178375,2.16,180.0
20250104T0000,-3.6697545,89.83279,2.7416782,156.8014
20250104T0100,-3.8597546,90.22524,3.7064266,150.94539
20250104T0200,-4.1997547,90.25863,4.39436,145.00798
20250104T0300,-4.3997545,90.93277,4.6938257,147.52881
20250104T0400,-4.4197545,91.000534,4.8433046,138.01279
20250104T0500,-4.3797545,91.2841,4.8433046,138.01279
20250104T0600,-4.389755,91.00354,4.3349743,131.63353
20250104T0700,-4.639755,90.1427,4.6102495,128.6598
20250104T0800,-3.6497545,87.93303,4.6938257,122.47119
20250104T0900,-2.1797547,86.78589,5.00128,120.25643
20250104T1000,-0.85975456,84.31912,4.8965297,126.027374
20250104T1100,-0.07975459,81.39222,8.049845,153.43495
20250104T1200,0.7602454,79.072845,7.10031,149.53445
20250104T1300,1.1902454,76.30933,7.6367526,135.0
20250104T1400,1.1702454,76.4196,7.928177,140.52754
20250104T1500,0.5002454,83.324715,5.904439,142.4314
20250104T1600,-0.09975457,84.30006,6.193674,144.46231
20250104T1700,-0.17975461,87.034035,7.8954163,155.77225
20250104T1800,-0.07975459,88.61143,7.386582,136.97493
20250104T1900,-0.08975458,91.816025,6.8777895,132.8789
20250104T2000,0.010245383,93.12064,7.145796,139.08562
20250104T2100,0.060245395,94.784004,7.7043357,127.40535
20250104T2200,0.1802454,95.07043,7.491114,144.78241
20250104T2300,0.4302454,95.43441,9.021574,151.38954
20250105T0000,0.5802454,96.07314,9.178235,154.44003
20250105T0100,0.3002454,97.33267,9.387651,147.52881
20250105T0200,1.1102455,95.33397,8.699793,155.55605
20250105T0300,3.3102455,94.84198,9.3669195,182.20259
20250105T0400,5.8202453,94.18385,14.386494,211.70143
20250105T0500,6.7802453,93.259865,16.363178,219.64418
20250105T0600,7.440245,91.95254,15.696165,216.60707
20250105T0700,7.9902453,91.358475,16.199999,216.8699
20250105T0800,8.390245,91.01155,16.135872,218.65982
20250105T0900,8.820246,90.67027,16.92383,218.08878
20250105T1000,9.260245,89.77735,10.00256,210.25644
20250105T1100,10.160245,87.91455,11.841756,199.53665
20250105T1200,10.360246,87.45572,10.587917,197.8189
20250105T1300,10.140245,85.89226,8.311245,184.96974
20250105T1400,10.320246,84.10826,6.519877,173.6598
20250105T1500,9.880245,84.69175,5.8603754,169.38034
20250105T1600,9.040245,85.11794,6.725354,164.47589
20250105T1700,8.470245,85.820984,7.5170207,163.30075
20250105T1800,7.670245,86.449524,7.289444,159.77515
20250105T1900,7.400245,87.57455,7.42159,157.16635
20250105T2000,6.790245,88.62221,6.763786,154.79887
20250105T2100,6.3402452,90.0214,6.9527545,158.7495
20250105T2200,5.520245,92.2631,7.771331,166.6075
20250105T2300,5.3102455,91.79263,9.904906,160.90651
20250106T0000,4.9302454,91.633095,8.766573,160.82098
20250106T0100,4.630245,90.37964,7.0911775,156.0375
20250106T0200,4.380245,90.74477,7.42159,157.16635
20250106T0300,4.4102454,89.589714,8.373386,154.53665
20250106T0400,4.4302454,88.19464,8.534353,152.35402
20250106T0500,4.7002454,88.34889,8.854829,153.43495
20250106T0600,4.940245,87.372185,8.557102,157.75098
20250106T0700,4.980245,87.43886,9.360001,157.38013
20250106T0800,5.440245,86.56191,10.315115,150.75117
20250106T0900,7.2802453,83.720436,10.495713,149.03624
20250106T1000,9.170245,80.4853,10.990322,148.3925
20250106T1100,11.200245,75.99551,14.561099,171.46924
20250106T1200,12.600245,69.69483,16.23596,183.81407
20250106T1300,13.370245,65.350624,15.893093,193.09189
20250106T1400,12.910245,61.80592,18.204042,204.53773
20250106T1500,12.970245,66.351265,18.514643,206.56505
20250106T1600,11.930245,77.065056,18.58451,211.53479
20250106T1700,10.940246,83.7835,18.089775,222.5805
20250106T1800,9.960245,85.98991,16.055355,227.72632
20250106T1900,9.410245,83.82071,16.375053,236.6593
20250106T2000,8.950245,83.70387,16.263872,242.30054
20250106T2100,8.480246,83.062584,14.982228,234.78241
20250106T2200,8.070246,81.05508,13.044722,219.40067
20250106T2300,7.7002454,77.92044,13.392774,216.25385
20250107T0000,7.4102454,76.55808,14.277983,213.69006
20250107T0100,7.210245,75.87248,15.277749,214.439
20250107T0200,7.0802455,74.40268,15.03835,222.08917
20250107T0300,6.900245,74.26217,16.08761,229.53778
20250107T0400,6.6402454,74.31878,16.323528,228.57634
20250107T0500,6.3402452,74.31459,16.039202,224.09062
20250107T0600,6.1802454,74.981186,15.629971,218.4537
20250107T0700,6.110245,76.49027,14.982228,215.21759
20250107T0800,6.210245,77.33438,15.9134655,217.64761
20250107T0900,6.380245,79.94418,17.31746,226.6847
20250107T1000,6.4302454,78.484955,15.629971,231.5463
20250107T1100,6.3902454,77.92023,17.673029,236.63364
20250107T1200,6.5702453,75.91862,17.414474,240.25513
20250107T1300,6.790245,74.134926,17.10284,239.65675
20250107T1400,6.6002455,74.89899,17.287498,238.627
20250107T1500,6.3502455,73.41414,16.279802,234.90419
20250107T1600,5.8702455,74.4384,13.608762,232.52382
20250107T1700,5.5802455,74.32886,11.457958,223.72697
20250107T1800,5.4102454,75.924385,9.085988,213.69006
20250107T1900,5.6002455,76.06887,8.654986,196.92752
20250107T2000,5.770245,78.31813,7.208994,177.13759
20250107T2100,5.420245,82.228615,6.130579,176.63354
20250107T2200,5.0102453,82.58278,6.4799995,180.0
20250107T2300,5.250245,81.50032,7.771331,193.3925
20250108T0000,6.020245,77.85704,8.854829,206.56505
20250108T0100,6.940245,76.202736,14.05845,219.80557
20250108T0200,7.440245,76.56338,15.7908325,226.84761
20250108T0300,7.6202455,80.647095,13.896187,233.42697
20250108T0400,7.5102453,85.88939,10.883676,235.7843
20250108T0500,7.170245,88.783325,8.161764,228.57634
20250108T0600,7.000245,91.15461,5.315336,208.30077
20250108T0700,6.960245,91.91735,2.5959969,213.69006
20250108T0800,6.9702454,92.11043,1.835647,78.69006
20250108T0900,7.0702453,92.63194,2.52,89.99999
20250108T1000,6.2602453,95.93512,1.1384199,108.434944
20250108T1100,6.730245,93.647415,2.5959969,123.69006
20250108T1200,7.5302453,91.89531,6.162207,186.70984
20250108T1300,8.410246,90.20042,13.281023,212.82855
20250108T1400,10.220245,88.10058,23.199759,221.85504
20250108T1500,11.470245,82.66047,23.1774,223.11182
20250108T1600,11.620245,78.07586,18.581022,215.53769
20250108T1700,11.480246,76.253365,12.904882,202.98872
20250108T1800,12.160245,74.357864,11.090103,193.13402
20250108T1900,13.150246,69.28341,10.931203,197.24146
20250108T2000,13.260245,69.44886,11.269782,206.56505
20250108T2100,13.270246,71.23131,14.529915,221.98721
20250108T2200,11.960245,80.39857,15.986593,234.16235
20250108T2300,11.510245,83.740524,19.8,233.1301
20250109T0000,11.460245,81.20762,20.364674,225.0
20250109T0100,11.390245,79.27835,18.947083,218.82983
20250109T0200,11.040245,78.790504,17.22742,206.0296
20250109T0300,10.990245,79.27121,14.759999,192.68039
20250109T0400,11.170245,78.16431,13.397612,186.17018
20250109T0500,11.290245,77.1171,14.759999,192.68039
20250109T0600,11.640245,75.136734,18.720001,202.61987
20250109T0700,11.720245,74.43116,20.140705,204.27444
20250109T0800,12.010245,71.324394,21.734581,206.56505
20250109T0900,12.580245,68.92662,22.406927,203.68208
20250109T1000,12.390245,71.79344,23.773632,212.00539
20250109T1100,12.020246,74.383446,27.07669,215.80334
20250109T1200,12.450245,71.7066,30.096085,216.73283
20250109T1300,12.690246,71.557,29.407835,219.53616
20250109T1400,12.340245,74.850044,28.766228,225.50702
20250109T1500,11.270246,78.93468,25.071098,248.9625
20250109T1600,8.5602455,83.36294,25.772078,294.77515
20250109T1700,5.630245,80.68697,19.878391,305.41705
20250109T1800,4.3702455,77.57049,16.299694,300.5297
20250109T1900,3.6102452,76.08821,14.84318,292.83368
20250109T2000,3.0202456,78.07163,11.874544,284.03625
20250109T2100,2.6902456,79.16896,9.3669195,267.7974
20250109T2200,2.4302454,82.74896,10.163227,247.0679
20250109T2300,2.3802454,82.55997,9.83268,246.2505
20250110T0000,2.4402454,81.48665,9.021574,241.38954
20250110T0100,2.3902454,80.82355,7.491114,234.78241
20250110T0200,2.1402454,81.67999,7.7879906,236.30994
20250110T0300,2.0902452,81.9731,5.8603754,227.48956
20250110T0400,1.9802454,83.35379,6.6087217,209.35776
20250110T0500,1.9902455,83.907715,6.12,208.0725
20250110T0600,1.8302454,84.25593,5.5887027,194.93143
20250110T0700,1.5202454,85.77613,5.4477882,187.59465
20250110T0800,1.8302454,84.75223,3.9763298,174.80557
20250110T0900,2.3002453,83.15541,4.1046314,164.74487
20250110T1000,3.1602454,77.41212,7.42159,219.09386
20250110T1100,3.7802453,76.008606,6.297428,210.96376
20250110T1200,4.3402452,73.17241,5.04,180.0
20250110T1300,4.6202455,71.58934,4.829907,153.43495
20250110T1400,4.6802454,69.12812,3.8939953,146.30994
20250110T1500,4.0102453,75.16784,3.4152596,108.434944
20250110T1600,3.3202453,69.53995,5.0528407,94.08562
20250110T1700,2.2102454,76.61452,3.8268526,41.18593
20250110T1800,0.8202454,86.64109,6.12,28.07248
20250110T1900,0.47024542,88.54059,5.3999996,53.130096
20250110T2000,0.5302454,89.13711,4.6102495,51.34018
20250110T2100,0.20024541,89.498535,4.6102495,51.34018
20250110T2200,-0.3697546,93.43633,3.0547013,44.999985
20250110T2300,-1.0997546,94.85013,4.072935,44.999985
20250111T0000,-1.5097545,96.031204,4.3349743,48.366455
20250111T0100,-2.0097547,96.65044,3.8268526,41.18593
20250111T0200,-2.2597547,96.99951,4.510787,28.610443
20250111T0300,-2.4197545,97.72029,4.6938257,32.47119
20250111T0400,-2.9297547,97.8446,6.6185193,22.380127
20250111T0500,-2.7797546,97.33835,6.6087217,29.357742
20250111T0600,-2.9897547,97.25514,6.989936,34.508514
20250111T0700,-3.4197545,97.01404,7.10031,30.465546
20250111T0800,-3.1197548,97.10243,5.95906,25.016876
20250111T0900,-1.3397546,93.085304,5.4833565,23.198593
20250111T1000,0.11024541,88.108475,8.0899935,32.275635
20250111T1100,1.0802454,83.34719,8.209263,37.87497
20250111T1200,1.8802454,79.03102,8.587338,33.023865
20250111T1300,2.4502454,77.0563,9.178235,25.559967
20250111T1400,2.4402454,75.86804,9.904906,19.093475
20250111T1500,1.9702454,77.88584,8.707238,7.125
20250111T1600,0.9202454,83.01584,7.2359104,354.28943
20250111T1700,0.2602454,85.55015,6.924738,351.02737
20250111T1800,-0.23975462,88.2653,5.5887027,345.0686
20250111T1900,-1.4497546,90.67367,5.1544156,347.90524
20250111T2000,-1.9997545,91.71602,5.1544156,347.90524
20250111T2100,-2.1097546,91.01906,5.815978,338.1986
20250111T2200,-2.0797548,93.16618,5.0528407,355.91437
20250111T2300,-2.6297545,92.98195,6.5693827,350.5377
20250112T0000,-3.1697545,93.50206,6.151683,339.44397
20250112T0100,-3.4897547,93.97451,5.3999996,323.13013
20250112T0200,-3.3097544,95.709946,5.0911684,315.0
20250112T0300,-3.1897545,95.717316,4.3349743,311.63354
20250112T0400,-2.5697546,95.18118,4.6800003,337.38013
20250112T0500,-2.1697545,93.79033,5.8603754,349.38034
20250112T0600,-2.0297546,94.29382,6.162207,353.29016
20250112T0700,-1.7997545,94.30997,5.7599998,360.0
20250112T0800,-1.4197546,93.9856,6.849467,356.98724
20250112T0900,-0.72975457,93.61743,9.3876505,4.398697
20250112T1000,0.14024541,90.824875,9.531505,10.885529
20250112T1100,0.8702454,85.18771,11.27553,16.69925
20250112T1200,1.6202455,77.30473,11.91812,25.016876
20250112T1300,1.9802454,71.609566,12.074766,26.565033
20250112T1400,2.1102452,67.31899,11.440979,24.145538
20250112T1500,1.6502454,67.769325,8.825508,11.76828
20250112T1600,0.5602454,71.95042,7.2,360.0
20250112T1700,-0.4397546,77.038246,7.5942073,5.440323
20250112T1800,-1.5197545,81.15889,8.311245,17.650116
20250112T1900,-2.2997546,83.15778,8.311245,17.650116
20250112T2000,-2.8997545,84.15271,8.311245,17.650116
20250112T2100,-2.9197545,84.021255,7.928177,39.472458
20250112T2200,-3.1797547,84.69315,7.145796,40.914368
20250112T2300,-3.479755,84.71497,7.491114,35.217575
20250113T0000,-3.5797548,85.22235,7.289445,32.905228
20250113T0100,-3.3597546,85.057495,7.24486,26.565033
20250113T0200,-3.4297547,85.5706,6.9247384,27.897263
20250113T0300,-3.6997547,85.994156,6.792466,32.005356
20250113T0400,-3.769755,86.78023,7.10031,30.465546
20250113T0500,-3.749755,86.51696,7.289445,32.905228
20250113T0600,-4.1797547,86.66003,6.4096174,38.157227
20250113T0700,-4.559755,85.87674,6.618519,44.999985
20250113T0800,-3.3197546,83.44819,6.9153743,38.659805
20250113T0900,-1.3197546,78.05048,8.942214,40.100906
20250113T1000,-0.009754598,72.64895,11.753876,40.03026
20250113T1100,0.9102454,69.462585,12.819235,38.157227
20250113T1200,1.7502455,65.28143,12.218805,44.999985
20250113T1300,2.4502454,62.08792,12.096214,53.47113
20250113T1400,2.3002453,62.37845,11.304229,52.76516
20250113T1500,1.3902454,67.50336,7.42159,50.906143
20250113T1600,-1.2097546,77.361755,6.3690495,47.29059
20250113T1700,-2.3297548,80.65442,6.8777895,47.121094
20250113T1800,-3.0797548,83.29301,6.638072,49.398697
20250113T1900,-3.5897546,84.11548,5.8048253,60.25511
20250113T2000,-3.9497547,84.321526,4.6800003,67.380135
20250113T2100,-3.9497547,83.99714,4.1046314,74.74488
20250113T2200,-3.7897549,84.54005,3.8773184,111.80141
20250113T2300,-4.0897546,86.1399,5.00128,120.25643
20250114T0000,-3.6097546,82.89189,3.671294,78.69006
20250114T0100,-3.499755,82.21015,2.2768397,71.56504
20250114T0200,-3.769755,83.443634,2.5455842,81.869896
20250114T0300,-4.0697546,84.04399,2.8799999,89.99999
20250114T0400,-4.139755,84.488884,3.4152596,108.434944
20250114T0500,-5.3597546,88.26803,3.5455887,113.96249
20250114T0600,-5.809755,88.07545,2.6208394,105.9454
20250114T0700,-5.8397546,87.4558,3.396233,122.00538
20250114T0800,-4.849755,85.372055,4.198285,120.96376
20250114T0900,-2.5897546,78.23443,4.2136917,109.9831
20250114T1000,-0.9497546,72.44692,3.8773184,111.80141
20250114T1100,0.3802454,66.80085,4.2136917,109.9831
20250114T1200,1.3402455,64.686035,4.2136917,109.9831
20250114T1300,2.1202455,63.044064,3.6179552,95.71059
20250114T1400,2.5302453,64.30266,2.0364676,44.999985
20250114T1500,1.7402455,72.365555,4.6938252,4.398697
20250114T1600,1.1102455,72.77655,4.0249224,26.565033
20250114T1700,-0.27975458,78.71294,2.7416782,66.8014
20250114T1800,-2.8797545,87.29235,3.96,89.99999
20250114T1900,-3.8197546,89.95406,3.6179552,95.71059
20250114T2000,-4.3597546,89.620285,2.5455842,135.0
20250114T2100,-5.0097547,89.40981,3.0547013,135.0
20250114T2200,-5.249755,89.7987,3.0758414,159.44395
20250114T2300,-5.3597546,88.88645,3.219938,153.43495
20250115T0000,-5.5297546,90.81755,2.9024127,150.25511
20250115T0100,-5.4497547,88.531586,2.2768397,161.56505
20250115T0200,-4.619755,86.06795,3.4152596,161.56505
20250115T0300,-3.3797545,81.78774,4.3498964,155.55605
20250115T0400,-2.4597545,79.224785,5.506941,168.69006
20250115T0500,-1.7997545,76.36912,3.671294,168.69006
20250115T0600,-1.2997546,72.87203,2.0364676,135.0
20250115T0700,-1.1197546,75.17247,1.609969,116.56505
20250115T0800,-0.9397546,76.41948,1.835647,101.30993
20250115T0900,-0.23975462,79.853355,1.9386592,68.19859
20250115T1000,0.9802454,83.08619,4.6800003,67.380135
20250115T1100,1.8402454,82.60134,4.2136917,70.016884
20250115T1200,2.5702453,82.10585,3.8939953,56.30993
20250115T1300,3.2302456,81.84607,4.510787,28.610443
20250115T1400,3.2002454,84.809814,5.5887027,14.931412
20250115T1500,2.8602452,88.98783,6.2145634,10.00798
20250115T1600,1.5402454,92.55812,8.225035,23.198593
20250115T1700,1.1802454,93.685265,8.39657,30.963745
20250115T1800,1.2302454,93.27972,7.928177,39.472458
20250115T1900,1.1202455,93.40798,7.386582,43.025055
20250115T2000,0.8502454,93.45683,6.9153743,38.659805
20250115T2100,0.8302454,93.38703,6.489992,33.690063
20250115T2200,1.4202454,92.616264,5.3517847,42.27368
20250115T2300,1.3102454,93.217545,6.1305785,40.236343
20250116T0000,1.2102454,93.34634,5.904439,37.568573
20250116T0100,1.3602455,93.085434,5.692099,34.69516
20250116T0200,1.4002454,92.075966,5.904439,37.568573
20250116T0300,1.4502454,90.944855,6.3690495,42.70938
20250116T0400,1.7702454,90.05016,6.4096174,38.157227
20250116T0500,1.6902454,89.06178,7.145796,40.914368
20250116T0600,1.7102454,88.09276,6.9153743,38.659805
20250116T0700,1.6102453,87.888466,6.696387,36.25383
20250116T0800,1.7302454,87.197205,5.991594,32.735214
20250116T0900,2.4902453,85.21214,6.618519,44.999985
20250116T1000,3.4802456,81.58659,9.178235,64.440025
20250116T1100,4.3502455,78.815056,6.924738,81.02737
20250116T1200,5.0302453,75.85421,5.3517847,109.653824
20250116T1300,5.3202453,74.01001,5.0911684,81.869896
20250116T1400,5.290245,74.65014,5.00128,59.74356
20250116T1500,4.1602454,81.63035,3.0758414,69.443954
20250116T1600,4.4702454,75.80515,3.7064266,60.945396
20250116T1700,3.5902452,79.66756,5.1919937,56.30993
20250116T1800,1.8302454,83.700676,6.0347,72.64597
20250116T1900,0.5602454,86.41716,4.452954,75.96376
20250116T2000,0.22024539,86.760056,3.671294,78.69006
20250116T2100,0.14024541,86.23646,3.6179552,84.289406
20250116T2200,0.17024541,85.793,3.6,89.99999
20250116T2300,-0.04975462,86.469284,4.0249224,100.30484
20250117T0000,0.13024542,85.9793,4.3349743,131.63353
20250117T0100,0.070245415,85.78003,2.8116899,140.19443
20250117T0200,-0.46975458,87.19357,3.396233,147.99461
20250117T0300,-0.7197546,88.01365,3.5455887,156.0375
20250117T0400,-0.8097546,87.60963,4.39436,145.00798
20250117T0500,-0.8197546,88.39733,4.198285,149.03624
20250117T0600,-0.85975456,88.12909,4.6938257,147.52881
20250117T0700,-0.48975456,87.58208,4.198285,149.03624
20250117T0800,-0.1897546,87.35713,4.072935,135.0
20250117T0900,0.6202454,85.5338,3.319036,130.60129
20250117T1000,1.2202454,84.420616,3.8939953,123.69006
20250117T1100,1.7102454,82.94784,5.0142193,111.03751
20250117T1200,2.0502453,81.78637,5.815978,111.80141
20250117T1300,2.3402452,81.53099,4.6800003,112.61986
20250117T1400,2.4802454,81.85205,3.8268526,131.18591
20250117T1500,2.2902455,86.50219,1.8,126.869896
20250117T1600,2.5902452,79.44341,4.198285,59.036232
20250117T1700,1.8302454,83.639175,6.193674,54.46232
20250117T1800,1.0502454,86.22322,4.896529,72.89727
20250117T1900,0.4902454,87.37288,4.3349743,85.23635
20250117T2000,-0.16975462,87.8153,4.73506,81.25384
20250117T2100,-0.27975458,87.86788,4.896529,72.89727
20250117T2200,-0.48975456,87.97454,3.2599385,96.34019
20250117T2300,-0.6797546,87.88701,5.0142193,111.03751
20250118T0000,-0.5997546,88.02747,5.8603754,132.51044
20250118T0100,-0.6697546,87.88817,3.219938,116.56505
20250118T0200,-0.85975456,87.86605,3.5455887,113.96249
20250118T0300,-1.0997546,87.77221,3.319036,102.52881
20250118T0400,-1.0597546,87.57994,3.8773184,111.80141
20250118T0500,-0.8397546,86.95334,4.0249224,116.56505
20250118T0600,-0.74975455,86.05841,3.7064266,119.054596
20250118T0700,-0.9497546,86.29085,3.8773184,111.80141
20250118T0800,-0.3697546,85.14847,5.00128,120.25643
20250118T0900,0.2902454,84.166565,4.8965297,126.027374
20250118T1000,1.0802454,79.83769,4.8433046,138.01279
20250118T1100,2.0602455,78.07491,6.1094027,135.0
20250118T1200,3.0202456,75.53155,6.297428,120.963745
20250118T1300,3.8202453,73.71337,4.452954,104.03624
20250118T1400,4.0502453,72.260605,3.6179552,95.71059
20250118T1500,3.2102456,80.013084,3.096837,125.537674
20250118T1600,3.3502455,72.91704,5.1165614,140.71059
20250118T1700,1.8602453,80.145096,3.563818,135.0
20250118T1800,-1.1097546,88.76217,3.7064266,119.054596
20250118T1900,-2.1097546,91.77505,3.7064266,119.054596
20250118T2000,-2.4297547,93.77085,3.396233,122.00538
20250118T2100,-3.0197544,94.7937,4.198285,120.96376
20250118T2200,-2.5197544,88.93966,4.1046314,142.12502
20250118T2300,-2.8397546,90.74222,6.297428,149.03624
20250119T0000,-2.9697547,91.76622,4.1046314,127.874985
20250119T0100,-3.2097545,91.18886,3.7064266,119.054596
20250119T0200,-3.1497545,91.194626,5.0911684,135.0
20250119T0300,-3.2197547,90.7044,4.8433046,138.01279
20250119T0400,-3.3397546,91.52337,4.3349743,138.36646
20250119T0500,-3.2497544,90.15149,4.39436,145.00798
20250119T0600,-3.1997547,90.01973,4.39436,145.00798
20250119T0700,-3.2297544,90.496864,4.1046314,142.12502
20250119T0800,-2.7197547,91.097916,4.8965297,143.97263
20250119T0900,-1.7397546,89.4285,4.39436,145.00798
20250119T1000,-1.0897546,88.49915,4.2136917,160.01689
20250119T1100,-0.2697546,86.377304,6.28713,156.37062
20250119T1200,0.6602454,83.039116,6.2145634,169.99202
20250119T1300,1.3402455,82.58784,5.4119864,176.18593
20250119T1400,1.9802454,82.56137,4.68,180.0
20250119T1500,2.3402452,79.167885,4.73506,171.25385
20250119T1600,1.6102453,81.718605,4.5536795,161.56505
20250119T1700,-0.009754598,87.7035,4.2136917,160.01689
20250119T1800,-1.4197546,93.357124,3.6179552,174.28941
20250119T1900,-0.9697546,92.49328,3.7585104,163.30075
20250119T2000,-0.8397546,91.274284,3.8773184,158.1986
20250119T2100,-0.89975464,91.60906,3.8939953,146.30994
20250119T2200,-0.8497546,92.02318,3.4152596,161.56505
20250119T2300,-0.61975455,90.08115,5.3517847,160.34618
20250120T0000,-1.0097545,90.041954,5.4833565,156.8014
20250120T0100,-1.5797547,90.933105,3.6,143.1301
20250120T0200,-1.4097546,90.13623,3.396233,147.99461
20250120T0300,-1.1697546,89.555916,4.829907,153.43495
20250120T0400,-1.2697546,90.420364,5.154415,155.22485
20250120T0500,-1.5597545,91.96161,4.2136917,160.01689
20250120T0600,-1.8697547,92.626076,3.8773184,158.1986
20250120T0700,-2.0697546,92.05482,4.3498964,155.55605
20250120T0800,-1.5497545,88.71326,4.3498964,155.55605
20250120T0900,-0.3897546,87.398346,4.6800003,157.38013
20250120T1000,1.6902454,81.24982,3.7064266,150.94539
20250120T1100,3.3002453,78.63672,3.396233,147.99461
20250120T1200,4.670245,75.62235,3.6,143.1301
20250120T1300,5.8702455,74.59951,4.072935,135.0
20250120T1400,5.3302455,75.58131,3.396233,122.00538
20250120T1500,4.9902453,74.160484,3.4152596,108.434944
20250120T1600,3.0202456,81.10073,4.0249224,100.30484
20250120T1700,0.9002454,87.03516,4.6938252,94.398705
20250120T1800,-0.05975461,91.27742,3.319036,102.52881
20250120T1900,-0.63975465,92.795204,1.9386592,111.80141
20250120T2000,-1.0697546,93.80125,1.8,126.869896
20250120T2100,-1.3897547,94.61981,2.5455842,135.0
20250120T2200,-1.3797545,91.22452,2.5959969,123.69006
20250120T2300,-1.1597546,88.95613,3.7064266,150.94539
20250121T0000,-1.3097546,89.07307,4.39436,145.00798
20250121T0100,-1.8097545,90.434616,2.8116899,129.80557
20250121T0200,-2.1497545,91.42702,2.8116899,129.80557
20250121T0300,-2.3397546,90.586266,3.319036,130.60129
20250121T0400,-2.1997547,89.7168,3.8939953,146.30994
20250121T0500,-2.1997547,89.64916,4.198285,149.03624
20250121T0600,-1.9897546,88.99857,4.3498964,155.55605
20250121T0700,-1.9397546,89.60919,4.3498964,155.55605
20250121T0800,-1.8897547,90.83517,4.8433046,138.01279
20250121T0900,-0.61975455,87.63207,4.3349743,138.36646
20250121T1000,0.8302454,84.67974,3.6,143.1301
20250121T1100,2.2902455,82.72845,3.8268526,131.18591
20250121T1200,3.4402456,78.37384,5.1919937,146.30994
20250121T1300,4.5902452,75.22348,5.692099,145.30484
20250121T1400,4.880245,77.4916,5.0911684,135.0
20250121T1500,4.880245,73.49476,4.5820518,135.0
20250121T1600,3.4202452,82.17287,5.0911684,135.0
20250121T1700,0.4802454,90.45585,3.6,126.869896
20250121T1800,-0.09975457,90.73529,4.072935,135.0
20250121T1900,-0.4397546,91.4462,4.5820518,135.0
20250121T2000,-0.87975454,92.500694,5.692099,124.69515
20250121T2100,-1.6797546,95.09568,6.1305785,130.23636
20250121T2200,-1.9597546,93.80593,5.6233797,140.19443
20250121T2300,-2.0397544,93.16934,6.638072,139.3987
20250122T0000,-1.9297546,92.2745,5.8603754,137.48955
20250122T0100,-1.7397546,92.08366,5.6233797,129.80557
20250122T0200,-1.5897547,91.7528,5.3517847,137.72632
20250122T0300,-1.3497546,91.50036,6.696387,143.74615
20250122T0400,-1.0097545,91.53105,6.8777895,132.8789
20250122T0500,-0.86975455,92.158394,6.4096174,141.84277
20250122T0600,-0.51975465,91.64274,5.8048253,150.25511
20250122T0700,-0.40975457,92.33382,5.634891,153.43495
20250122T0800,0.030245423,91.894135,6.12,151.9275
20250122T0900,0.7402454,93.17552,7.289445,147.09476
20250122T1000,1.7902454,94.20454,8.161764,138.57634
20250122T1100,3.0802455,92.54202,9.085988,146.30994
20250122T1200,4.0402455,91.95485,8.0899935,147.72435
20250122T1300,4.8702455,91.36872,7.289445,147.09476
20250122T1400,5.2202454,91.20321,7.491114,144.78241
20250122T1500,5.5102453,89.69288,7.2,143.1301
20250122T1600,5.000245,91.12054,6.696387,143.74615
20250122T1700,4.0702453,92.08853,7.10031,149.53445
20250122T1800,3.5502453,92.77626,7.9932966,144.16235
20250122T1900,3.5802455,92.44692,7.7879906,146.30994
20250122T2000,3.8002453,91.41131,7.9932966,144.16235
20250122T2100,3.4702454,92.57121,8.161764,138.57634
20250122T2200,3.3902454,94.1705,6.763786,154.79887
20250122T2300,3.5802455,94.519325,8.557102,157.75098
20250123T0000,4.0602455,93.34377,9.659814,153.43495
20250123T0100,4.3502455,95.30519,11.269782,153.43495
20250123T0200,4.5802455,94.84599,11.435313,151.82141
20250123T0300,5.420245,92.45117,10.948973,152.59242
20250123T0400,7.040245,87.78231,11.440979,155.85446
20250123T0500,7.400245,88.1881,11.928989,185.19443
20250123T0600,7.610245,90.132355,14.372974,247.9321
20250123T0700,7.2802453,89.29095,14.799459,265.8151
20250123T0800,6.520245,87.60472,13.138765,260.5377
20250123T0900,6.210245,85.85751,11.874544,255.96376
20250123T1000,6.3902454,85.093994,10.483357,254.0546
20250123T1100,6.3202453,82.53309,12.245293,245.69547
20250123T1200,6.5602455,79.74543,12.074766,243.43495
20250123T1300,6.920245,75.28079,13.570615,248.1986
20250123T1400,6.880245,74.36461,10.829958,248.55226
20250123T1500,6.7602453,73.02199,8.089993,249.14554
20250123T1600,5.5902452,76.06704,7.4128532,240.9454
20250123T1700,4.5202456,80.456024,6.162207,186.70984
20250123T1800,4.7602453,82.132675,6.519877,186.3402
20250123T1900,4.7202454,83.855736,6.489992,183.17982
20250123T2000,4.5102453,83.52658,7.5942073,185.44034
20250123T2100,4.5202456,82.86961,8.825508,191.7683
20250123T2200,4.0002456,82.37753,9.178235,191.30994
20250123T2300,4.0002456,81.96141,8.825508,191.7683
20250124T0000,3.3202453,82.15801,10.495713,202.16635
20250124T0100,4.2702456,80.41654,10.787993,205.70996
20250124T0200,4.0202456,81.07905,8.707237,209.74489
20250124T0300,3.5302453,82.968376,6.130579,183.36646
20250124T0400,3.1502452,86.1047,4.2136917,160.01689
20250124T0500,2.5602455,87.92993,4.8965297,143.97263
20250124T0600,2.3102455,89.77525,5.8048253,150.25511
20250124T0700,2.2302454,90.29062,7.0911775,156.0375
20250124T0800,2.5002456,88.37161,8.699793,155.55605
20250124T0900,4.2302456,83.54819,9.504273,155.37643
20250124T1000,6.5302453,77.72199,10.137692,163.49564
20250124T1100,9.050245,70.4742,9.6932955,164.9315
20250124T1200,11.130245,63.795525,9.255571,166.50427
20250124T1300,12.870245,57.13559,9.114471,170.90973
20250124T1400,13.390245,50.908676,9.3876505,184.39871
20250124T1500,13.030245,44.941666,8.4042845,189.86581
20250124T1600,11.210245,45.68561,9.746631,184.23639
20250124T1700,10.580245,47.68331,9.007196,182.2906
20250124T1800,9.470245,51.60385,7.2805495,171.46924
20250124T1900,8.650246,53.798897,7.42159,157.16635
20250124T2000,8.370246,56.832058,8.0899935,147.72435
20250124T2100,8.520246,57.03861,6.439876,153.43495
20250124T2200,7.0702453,61.133835,7.24486,153.43495
20250124T2300,5.8302455,66.90159,7.8954163,155.77225
20250125T0000,4.5602455,73.05665,7.42159,157.16635
20250125T0100,4.670245,72.38887,6.6087217,150.64224
20250125T0200,5.3502455,72.160446,6.6087217,150.64224
20250125T0300,6.040245,71.574066,6.151683,159.44395
20250125T0400,6.400245,69.457924,6.9527545,158.7495
20250125T0500,6.5502453,67.75274,7.7879906,146.30994
20250125T0600,6.9102454,65.56504,7.289445,147.09476
20250125T0700,7.0102453,66.49747,8.209263,142.12502
20250125T0800,7.520245,66.23269,8.4963045,143.61565
20250125T0900,9.580245,64.01352,8.707237,150.25511
20250125T1000,10.970245,62.15788,9.0645685,173.15723
20250125T1100,13.080245,59.147045,8.4042845,170.13419
20250125T1200,14.510245,56.571243,7.69592,169.2157
20250125T1300,15.120245,56.183147,4.829907,153.43495
20250125T1400,15.220245,56.13158,4.3349743,131.63353
20250125T1500,14.300245,60.32527,4.5820518,135.0
20250125T1600,12.390245,71.44884,6.6087217,150.64224
20250125T1700,10.220245,81.81583,5.634891,153.43495
20250125T1800,9.510245,85.23232,6.6087217,150.64224
20250125T1900,8.850245,88.027,5.634891,153.43495
20250125T2000,8.700245,88.37753,5.815978,158.1986
20250125T2100,8.510245,87.628586,5.1544156,167.90524
20250125T2200,8.740245,85.082115,9.255571,193.49573
20250125T2300,9.040245,83.599495,11.246759,230.19443
20250126T0000,8.840245,81.50784,16.992609,233.61565
20250126T0100,8.170245,80.503716,16.375053,213.34071
20250126T0200,8.050245,77.48612,14.799459,198.43495
20250126T0300,8.150246,74.49895,15.03835,191.04094
20250126T0400,8.470245,70.15309,16.311613,202.03622
20250126T0500,8.120246,69.92927,18.391737,220.23636
20250126T0600,7.4502454,69.73585,20.08916,233.74615
20250126T0700,6.4902453,71.20402,20.188908,238.86102
20250126T0800,6.000245,69.82476,18.532135,240.9454
20250126T0900,6.4302454,66.45866,14.386494,238.29858
20250126T1000,7.1002455,62.4484,14.512064,240.25513
20250126T1100,8.280246,56.353333,13.104198,232.8153
20250126T1200,9.270246,50.093185,11.480557,221.18593
20250126T1300,10.100245,46.916885,10.137692,196.50436
20250126T1400,10.110246,48.31786,10.464798,176.05481
20250126T1500,9.400246,51.433075,6.6087217,150.64224
20250126T1600,8.460245,60.30009,6.489992,146.30994
20250126T1700,7.9102454,67.57283,6.792466,147.99461
20250126T1800,6.8902454,74.15412,7.754637,158.1986
20250126T1900,7.250245,74.70066,12.24,180.0
20250126T2000,7.3502455,77.202,16.575644,182.48955
20250126T2100,7.6602454,76.8738,17.339897,175.23636
20250126T2200,9.520246,65.98662,14.205182,171.25385
20250126T2300,9.370245,69.111015,11.874544,165.96376
20250127T0000,8.730246,74.13577,11.503113,159.8637
20250127T0100,8.520246,76.69863,12.7279215,151.26021
20250127T0200,8.720245,79.35744,14.689589,162.89728
20250127T0300,8.860246,83.518196,15.042659,158.9625
20250127T0400,9.170245,85.368935,14.336861,151.50436
20250127T0500,9.610246,85.77355,13.397612,149.30028
20250127T0600,9.680245,85.54593,12.387348,144.46231
20250127T0700,10.200245,84.32447,11.4862,147.80426
20250127T0800,10.090245,87.07049,11.298495,149.34933
20250127T0900,9.900246,89.58702,12.641076,160.01689
20250127T1000,10.070246,90.030136,10.446206,178.02507
20250127T1100,10.500245,88.30763,11.609651,187.12502
20250127T1200,10.760245,85.202866,11.5199995,180.0
20250127T1300,10.340245,86.44465,11.570515,174.64418
20250127T1400,10.960245,81.5266,11.440978,167.27565
20250127T1500,10.330245,82.00009,11.440978,167.27565
20250127T1600,9.290245,81.45901,13.779114,160.14479
20250127T1700,8.680245,82.85839,15.281989,164.98164
20250127T1800,8.420245,83.17042,16.167967,168.43987
20250127T1900,8.510245,82.03086,15.542662,166.6075
20250127T2000,8.650246,82.222176,13.896187,163.44293
20250127T2100,8.210245,84.3105,12.768586,158.49857
20250127T2200,7.5102453,85.52961,9.826088,151.55707
20250127T2300,7.1402454,88.65642,9.931042,136.4688
20250128T0000,6.8002453,89.747475,10.464797,139.1849
20250128T0100,6.420245,92.07031,7.928177,140.52754
20250128T0200,6.540245,92.46612,6.28713,156.37062
20250128T0300,6.880245,91.2724,7.5942073,174.55966
20250128T0400,6.980245,89.325516,7.9526596,185.19443
20250128T0500,6.7602453,89.36761,9.028754,184.57391
20250128T0600,6.790245,87.326164,8.759178,189.46233
20250128T0700,6.8402452,85.389404,10.041354,194.53445
20250128T0800,6.8202453,84.48969,11.298495,202.47943
20250128T0900,7.2602453,83.65897,12.10157,202.75098
20250128T1000,8.030246,80.200554,13.708391,193.67131
20250128T1100,8.690246,75.44485,14.408997,192.99461
20250128T1200,9.370245,69.89665,16.58346,207.1213
20250128T1300,9.840245,63.395954,18.440998,218.65982
20250128T1400,10.010245,59.535946,15.986593,215.83765
20250128T1500,9.980246,57.51323,14.182355,203.9625
20250128T1600,9.650246,61.040466,14.168641,207.21611
20250128T1700,9.000245,67.049774,15.379206,212.57407
20250128T1800,8.400246,72.15881,16.92383,218.08878
20250128T1900,7.9502454,75.20347,17.884428,220.1009
20250128T2000,7.7602453,75.061935,18.218275,217.77568
20250128T2100,7.7602453,75.221794,17.595861,210.76273
20250128T2200,7.7602453,77.491425,17.906157,210.17352
20250128T2300,7.6602454,80.030876,21.30093,210.46555
20250129T0000,7.5702453,82.47517,23.333443,218.10757
20250129T0100,7.610245,83.061714,23.708124,221.92255
20250129T0200,7.710245,82.78447,22.932877,222.4552
20250129T0300,7.6402454,82.65878,21.892027,225.0
20250129T0400,7.360245,85.39202,21.986542,230.31454
20250129T0500,7.360245,85.093285,21.599998,233.1301
20250129T0600,7.2402453,84.84012,21.096123,233.32565
20250129T0700,7.170245,84.17824,21.252197,231.18861
20250129T0800,7.3402452,82.03781,20.188908,230.06363
20250129T0900,7.8402452,78.49561,18.11841,229.02826
20250129T1000,8.420245,73.39949,19.134262,228.81409
20250129T1100,9.150246,65.666855,18.504139,232.90717
20250129T1200,9.720245,59.20545,15.2947035,243.43495
20250129T1300,10.170245,57.151924,11.119281,240.9454
20250129T1400,10.430245,54.846256,8.854829,206.56505
20250129T1500,10.160245,53.171833,7.208994,182.86241
20250129T1600,7.9702454,70.95217,5.8603754,137.48955
20250129T1700,5.4702454,78.718605,6.9153743,128.6598
20250129T1800,5.020245,77.79657,7.491114,125.21759
20250129T1900,4.4602456,78.3212,7.2,126.869896
20250129T2000,4.0202456,79.85379,6.3690495,137.2906
20250129T2100,3.4202452,81.99384,6.3690495,132.70938
20250129T2200,3.2702456,83.77907,6.763786,154.79887
20250129T2300,3.1602454,85.85668,6.6087217,150.64224
20250130T0000,3.1602454,87.551414,4.8965297,143.97263
20250130T0100,2.8802452,89.50622,4.6102495,141.34018
20250130T0200,2.8702455,88.34707,5.1165614,140.71059
20250130T0300,2.9502454,89.64251,5.495161,148.3925
20250130T0400,3.0802455,90.30415,5.154415,155.22485
20250130T0500,3.4102454,90.52943,4.5536795,161.56505
20250130T0600,3.5902452,90.091644,3.7585104,163.30075
20250130T0700,3.8202453,89.59747,3.8773184,158.1986
20250130T0800,4.1802454,89.31189,5.00128,149.74356
20250130T0900,5.3102455,87.66152,6.297428,149.03624
20250130T1000,6.7802453,86.10624,5.3517847,160.34618
20250130T1100,7.610245,83.70496,5.3999996,180.0
20250130T1200,7.880245,84.03354,5.4477882,187.59465
20250130T1300,8.020246,84.69931,4.73506,188.74615
20250130T1400,7.980245,86.66494,4.5536795,198.43495
20250130T1500,7.8202453,87.61828,4.3498964,204.44395
20250130T1600,7.110245,91.22687,5.2416787,195.9454
20250130T1700,6.7202454,92.15658,6.379216,196.38954
20250130T1800,6.210245,93.02743,5.937272,194.03624
20250130T1900,6.170245,93.22043,5.6920996,198.43495
20250130T2000,5.750245,93.71805,4.5536795,198.43495
20250130T2100,5.6802454,93.51632,5.154415,204.77515
20250130T2200,6.0802455,92.303925,5.692099,214.69516
20250130T2300,5.8502455,92.80752,5.3999996,216.8699
20250131T0000,5.9102454,92.09724,5.3517847,222.27368
20250131T0100,5.8502455,92.80752,5.0142193,248.9625
20250131T0200,5.9502454,92.68417,4.2136917,289.98312
20250131T0300,5.790245,92.347786,6.12,331.92752
20250131T0400,5.460245,93.43643,7.69592,349.2157
20250131T0500,4.980245,92.878136,8.647496,357.61407
20250131T0600,4.3702455,93.16579,7.928178,357.39746
20250131T0700,3.9202452,92.86929,7.5685663,357.2737
20250131T0800,3.7202454,92.656,6.849467,3.0127716
20250131T0900,4.130245,91.63444,6.5693827,9.462311
20250131T1000,4.8502455,86.3085,6.519877,6.340164
20250131T1100,5.2402453,81.79141,6.830519,18.434952
20250131T1200,5.6402454,79.941216,6.439876,26.565033
20250131T1300,5.7802453,79.6209,6.439876,26.565033
20250131T1400,5.750245,79.673096,7.289444,20.224854
20250131T1500,5.4902453,80.14684,6.489992,356.8202
20250131T1600,4.9502454,81.68977,5.1544156,347.90524
20250131T1700,4.170245,84.630455,7.2805495,351.46924
20250131T1800,3.4902453,86.89583,6.924738,8.972626
20250131T1900,2.8602452,88.28205,6.9527545,21.250488
20250131T2000,2.2202454,88.212975,6.9247384,27.897263
20250131T2100,1.6202455,87.18434,7.127636,44.999985
20250131T2200,1.0502454,86.733055,8.0899935,32.275635
20250131T2300,1.0602454,85.97057,7.7043357,37.40535
20250201T0000,0.7002454,86.43454,6.9153743,38.659805
20250201T0100,0.2502454,86.5709,6.9247384,27.897263
20250201T0200,0.070245415,86.48428,7.4128532,29.05458
20250201T0300,-0.03975457,87.051,8.049845,26.565033
20250201T0400,-0.33975458,88.51694,7.5685663,25.34616
20250201T0500,-0.4597546,88.96579,6.489992,33.690063
20250201T0600,-0.3297546,89.310905,5.692099,34.69516
20250201T0700,-0.5397546,89.82164,5.8048253,29.744873
20250201T0800,0.4202454,86.39971,5.3517847,19.653809
20250201T0900,1.2602453,83.68165,5.815978,21.801407
20250201T1000,2.4402454,78.835884,6.489992,33.690063
20250201T1100,3.3002453,77.21053,7.9932966,35.837646
20250201T1200,3.9202452,76.48018,7.145796,49.085617
20250201T1300,4.5802455,75.44074,6.297428,59.036255
20250201T1400,4.880245,74.24684,6.792466,57.994614
20250201T1500,4.730245,74.16357,6.618519,44.999985
20250201T1600,4.2002454,77.82288,3.8268526,41.18593
20250201T1700,3.1402454,83.639404,4.510787,28.610443
20250201T1800,3.4302454,80.458275,3.319036,40.601288
20250201T1900,3.4302454,81.10543,4.1046314,52.125
20250201T2000,2.5502453,83.801445,5.1165614,50.7106
20250201T2100,1.8002454,85.93752,4.3498964,65.55604
20250201T2200,1.2702454,86.82349,3.2599385,83.65981
20250201T2300,1.0602454,87.054245,2.3051248,128.6598
20250202T0000,0.9502454,87.49119,2.9024127,82.874985
20250202T0100,0.6302454,87.71261,4.6938257,57.5288
20250202T0200,0.5402454,88.28717,3.219938,63.43495
20250202T0300,0.5102454,88.21866,2.16,89.99999
20250202T0400,0.8002454,87.991196,3.0547013,135.0
20250202T0500,1.1102455,87.57413,3.319036,130.60129
20250202T0600,1.3502455,87.28073,3.319036,130.60129
20250202T0700,1.6102453,87.11929,3.6,143.1301
20250202T0800,1.5202454,87.42868,4.3498964,155.55605
20250202T0900,1.6202455,86.357315,2.9024127,150.25511
20250202T1000,2.0002456,86.5303,1.2979984,146.30994
20250202T1100,2.5302453,85.52851,2.0991426,120.96376
20250202T1200,3.2002454,83.526245,2.5959969,123.69006
20250202T1300,3.6902456,82.871025,2.5455842,98.1301
20250202T1400,3.9902453,81.486595,2.5455842,81.869896
20250202T1500,4.0302453,81.02187,2.9024127,60.25511
20250202T1600,2.6902456,87.435074,2.9024127,29.744873
20250202T1700,2.9702454,84.471954,2.0364676,44.999985
20250202T1800,3.4202452,84.10408,1.2979984,56.30993
20250202T1900,2.2602453,87.38605,2.6208394,105.9454
20250202T2000,1.5002453,88.7818,2.2768397,108.434944
20250202T2100,1.7202454,87.9651,2.5455842,98.1301
20250202T2200,0.5902454,88.3579,1.8,143.1301
20250202T2300,0.4302454,89.126595,2.0364676,135.0
20250203T0000,0.23024541,89.369415,2.4149535,116.56505
20250203T0100,-0.05975461,89.87022,2.2768397,108.434944
20250203T0200,-0.22975457,90.320595,2.2768397,108.434944
20250203T0300,-0.34975457,90.71165,2.2768397,108.434944
20250203T0400,-0.2697546,90.71923,2.2768397,108.434944
20250203T0500,-0.39975458,90.572426,2.5959969,123.69006
20250203T0600,-0.3897546,90.30495,2.9024127,119.74488
20250203T0700,-0.3097546,90.37978,3.7585104,106.69924
20250203T0800,0.3802454,89.51701,3.7064266,119.054596
20250203T0900,0.89024544,88.58631,2.8116899,129.80557
20250203T1000,1.1502454,89.398224,2.0991426,59.036232
20250203T1100,1.8602453,87.531784,1.1384199,108.434944
20250203T1200,2.3602452,86.19585,0.8049845,153.43495
20250203T1300,2.9002452,85.1411,1.2979984,33.690063
20250203T1400,3.1102452,84.12311,1.9386592,21.801407
20250203T1500,2.8002453,85.93681,2.968636,14.03624
20250203T1600,1.7002454,91.832634,3.6179552,354.28943
20250203T1700,2.9602456,86.51975,4.3349743,355.23636
20250203T1800,2.3202453,88.54527,2.8799999,360.0
20250203T1900,1.9502454,89.28361,1.5273507,44.999985
20250203T2000,1.7902454,89.46297,1.9386592,111.80141
20250203T2100,0.7202454,91.279915,3.319036,139.3987
20250203T2200,0.3002454,87.93449,1.9386592,158.1986
20250203T2300,-0.14975458,87.62205,2.8116899,140.19443
20250204T0000,-0.5397546,87.96877,3.8268526,138.81407
20250204T0100,-0.87975454,88.06095,3.8268526,138.81407
20250204T0200,-1.0097545,87.45484,3.096837,144.46231
20250204T0300,-1.1397547,87.04676,3.219938,153.43495
20250204T0400,-1.3697546,86.626816,3.5455887,156.0375
20250204T0500,-1.3797545,85.65341,3.8268526,138.81407
20250204T0600,-1.2797546,84.45007,4.198285,120.96376
20250204T0700,-1.1697546,84.21164,3.563818,135.0
20250204T0800,-0.76975465,86.44314,5.634891,153.43495
20250204T0900,-0.16975462,86.776596,3.096837,144.46231
20250204T1000,0.9602454,82.103516,2.5959969,146.30994
20250204T1100,2.0602455,76.19021,2.4149535,153.43495
20250204T1200,3.4002452,73.90062,2.9024127,150.25511
20250204T1300,4.5602455,71.002594,1.8,143.1301
20250204T1400,5.2402453,69.050735,1.0182338,135.0
20250204T1500,5.3202453,70.28856,0.71999997,89.99999
20250204T1600,4.150245,73.18753,1.4399999,360.0
20250204T1700,2.4702454,82.030685,2.6208394,15.945404
20250204T1800,1.1202455,88.41611,1.2979984,33.690063
20250204T1900,0.5902454,90.06763,1.0182338,135.0
20250204T2000,-1.2997546,94.204315,3.8773184,158.1986
20250204T2100,-2.2597547,94.56087,3.8773184,158.1986
20250204T2200,-2.5597544,91.872826,3.7064266,150.94539
20250204T2300,-2.7997546,91.851166,3.319036,139.3987
20250205T0000,-3.0297546,91.48307,2.8116899,140.19443
20250205T0100,-3.1697545,92.86716,3.0547013,135.0
20250205T0200,-3.5297546,94.25704,3.0547013,135.0
20250205T0300,-3.6797547,94.460945,2.8116899,140.19443
20250205T0400,-3.8697548,95.74783,2.9024127,150.25511
20250205T0500,-3.9197545,94.51545,2.0991426,149.03624
20250205T0600,-3.8997545,93.80046,1.8,143.1301
20250205T0700,-3.8997545,94.014885,2.5455842,135.0
20250205T0800,-2.5097547,87.3382,3.8268526,138.81407
20250205T0900,-0.60975456,83.8501,2.4149535,116.56505
20250205T1000,1.0302454,77.949,2.0991426,59.036232
20250205T1100,2.1502454,71.37925,2.8116899,39.805573
20250205T1200,3.2102456,70.554184,3.7064266,29.05458
20250205T1300,4.0202456,71.46251,4.6938257,32.47119
20250205T1400,4.730245,72.45407,5.154415,24.775131
20250205T1500,4.650245,78.353676,4.379589,9.462311
20250205T1600,2.5502453,88.056656,8.311245,4.9697266
20250205T1700,0.9802454,92.853226,8.557102,14.620865
20250205T1800,-0.04975462,94.91665,7.24486,26.565033
20250205T1900,-0.47975457,96.58476,6.989936,34.508514
20250205T2000,-0.8297546,97.42718,7.145796,40.914368
20250205T2100,-0.98975456,97.060585,7.127636,44.999985
20250205T2200,-0.73975456,95.78994,6.696387,53.746155
20250205T2300,-0.98975456,95.91776,4.452954,75.96376
20250206T0000,-1.1297545,95.98108,4.6800003,67.380135
20250206T0100,-0.8297546,95.57245,5.3517847,47.726303
20250206T0200,-0.6697546,95.440575,5.8603754,42.510437
20250206T0300,-0.6697546,96.00644,6.1094027,44.999985
20250206T0400,-0.3797546,96.58973,5.1165614,50.7106
20250206T0500,-0.07975459,96.32105,5.1165614,50.7106
20250206T0600,0.17024541,96.40444,6.1305785,40.236343
20250206T0700,0.4002454,95.7127,6.989936,34.508514
20250206T0800,1.2302454,94.30528,5.495161,31.607498
20250206T0900,1.8502454,92.58211,6.989936,34.508514
20250206T1000,2.3702455,93.0245,8.699793,24.443954
20250206T1100,2.7402453,92.11682,7.386582,43.025055
20250206T1200,3.2102456,90.25107,6.638072,40.601288
20250206T1300,3.5102453,88.989555,8.891343,31.759476
20250206T1400,3.7702456,87.998116,9.826088,28.442917
20250206T1500,3.7002454,88.43472,8.891343,31.759476
20250206T1600,3.3402452,89.48666,8.404285,43.264297
20250206T1700,3.0202456,89.51994,7.386582,43.025055
20250206T1800,2.5802455,90.6507,7.386582,43.025055
20250206T1900,2.5302453,89.86168,7.145796,40.914368
20250206T2000,2.8302455,86.94487,6.638072,40.601288
20250206T2100,2.6302452,86.79519,6.9153743,51.34018
20250206T2200,2.6802454,84.24859,6.989936,55.491463
20250206T2300,2.6202455,83.62779,5.4477882,82.40536
20250207T0000,2.5402455,83.43346,5.0911684,81.869896
20250207T0100,2.2302454,84.49588,5.4119864,86.18592
20250207T0200,1.8502454,84.32056,5.0528407,85.91438
20250207T0300,1.6102453,83.916336,5.771239,86.42367
20250207T0400,1.5102453,83.59379,5.4119864,93.81408
20250207T0500,1.4602454,83.40198,5.0911684,98.1301
20250207T0600,1.3302454,83.075966,4.6938252,94.398705
20250207T0700,1.1102455,83.90804,4.6938252,94.398705
20250207T0800,1.6402454,83.42779,5.1544156,102.09476
20250207T0900,2.5702453,79.32338,5.2416787,105.9454
20250207T1000,3.6102452,75.146225,5.506941,101.30993
20250207T1100,4.8102455,71.31604,8.0899935,122.27564
20250207T1200,5.960245,68.26109,6.989936,124.508514
20250207T1300,6.650245,65.93306,5.04,89.99999
20250207T1400,6.860245,64.79593,4.6938252,85.60129
20250207T1500,6.500245,68.03664,3.9763298,95.19443
20250207T1600,5.110245,77.69995,4.0249224,63.43495
20250207T1700,3.9102454,78.79801,6.1305785,49.76364
20250207T1800,2.2302454,84.248886,6.297428,59.036255
20250207T1900,0.9802454,88.33581,4.896529,72.89727
20250207T2000,0.13024542,90.35555,3.671294,78.69006
20250207T2100,-0.29975462,91.12062,4.6938252,94.398705
20250207T2200,-0.3197546,91.18633,3.6,126.869896
20250207T2300,-0.5997546,90.82274,4.3349743,131.63353
20250208T0000,-0.86975455,91.74814,4.896529,107.10272
20250208T0100,-0.8297546,92.024895,4.379589,99.46232
20250208T0200,-0.63975465,90.818954,4.896529,107.10272
20250208T0300,-0.5397546,90.69359,5.937272,104.03624
20250208T0400,-0.89975464,90.86193,6.0347,107.35402
20250208T0500,-0.9397546,92.015434,6.439876,116.56505
20250208T0600,-0.9597546,91.33128,6.792466,122.00538
20250208T0700,-1.0097545,91.6675,7.10031,120.465546
20250208T0800,0.3202454,89.180885,6.297428,120.963745
20250208T0900,2.1302454,84.79224,5.00128,120.25643
20250208T1000,4.1402454,78.43706,3.6,89.99999
20250208T1100,5.8202453,72.36155,2.2768397,71.56504
20250208T1200,7.2202454,67.173744,2.3051248,141.34018
20250208T1300,8.240246,62.823505,1.1384199,71.56504
20250208T1400,8.650246,60.962082,2.8116899,50.194427
20250208T1500,8.280246,58.785267,3.671294,78.69006
20250208T1600,7.360245,62.105896,1.08,180.0
20250208T1700,6.1402454,72.27006,3.2599385,263.65982
20250208T1800,5.110245,77.19677,6.162207,263.29016
20250208T1900,4.6402454,79.83853,5.6233797,230.19443
20250208T2000,2.6702452,85.858185,6.193674,215.53769
20250208T2100,1.4002454,88.90135,7.42159,219.09386
20250208T2200,1.2702454,89.738556,6.638072,220.6013
20250208T2300,1.4202454,89.8191,6.1305785,220.23636
20250209T0000,1.5502454,90.424324,4.829907,206.56505
20250209T0100,1.9402454,91.32005,5.634891,206.56505
20250209T0200,2.1902454,92.54112,4.5536795,198.43495
20250209T0300,2.1602454,93.27888,3.7585104,196.69925
20250209T0400,2.2902455,93.6259,4.1046314,195.25513
20250209T0500,2.1402454,93.88694,3.6179552,185.71059
20250209T0600,1.7102454,94.13102,3.6179552,174.28941
20250209T0700,1.8502454,94.00375,3.671294,168.69006
20250209T0800,2.8502455,92.39142,3.4152596,161.56505
20250209T0900,3.9602456,88.8434,1.8,143.1301
20250209T1000,4.8202453,86.42838,2.9024127,29.744873
20250209T1100,6.130245,82.330536,3.563818,44.999985
20250209T1200,7.4302454,77.65472,3.6,89.99999
20250209T1300,8.3102455,73.951584,4.6938252,85.60129
20250209T1400,8.610246,69.983574,4.0249224,79.695145
20250209T1500,8.720245,68.676994,2.9024127,60.25511
20250209T1600,7.460245,76.89334,3.0758414,339.44397
20250209T1700,5.2202454,85.31206,5.6920996,341.56506
20250209T1800,4.380245,87.62326,5.95906,25.016876
20250209T1900,3.6102452,90.67738,5.495161,58.392494
20250209T2000,2.6502452,92.4427,4.1046314,52.125
20250209T2100,1.6002454,94.94746,3.319036,49.398697
20250209T2200,1.1802454,94.64624,3.8939953,56.30993
20250209T2300,1.1802454,94.508415,2.968636,75.96376
20250210T0000,1.0402454,94.983185,3.4152596,108.434944
20250210T0100,0.9402454,95.53303,2.5455842,98.1301
20250210T0200,1.1602454,95.614815,2.6208394,105.9454
20250210T0300,1.5402454,95.70487,2.4149535,116.56505
20250210T0400,1.8802454,95.930824,4.198285,120.96376
20250210T0500,1.9402454,95.65689,4.2136917,109.9831
20250210T0600,2.3102455,95.60748,4.802999,102.99461
20250210T0700,2.4902453,95.54817,5.0911684,98.1301
20250210T0800,2.8702455,94.81657,5.6920996,108.434944
20250210T0900,3.7302456,93.78904,5.815978,111.80141
20250210T1000,4.420245,91.85359,5.495161,121.6075
20250210T1100,5.4102454,89.36667,6.792466,122.00538
20250210T1200,5.7802453,90.35289,8.913181,136.63657
20250210T1300,6.1002455,90.57155,7.928177,129.47246
20250210T1400,6.3002453,91.996994,7.8625183,105.9454
20250210T1500,6.650245,91.894356,8.311245,107.650116
20250210T1600,6.6202455,91.89212,7.10031,120.465546
20250210T1700,6.4302454,92.26453,8.161764,138.57634
20250210T1800,5.960245,94.32409,8.534353,152.35402
20250210T1900,6.020245,93.80046,7.7879906,146.30994
20250210T2000,6.0702453,94.06662,8.78872,145.00798
20250210T2100,6.2602453,94.01205,9.449572,139.63547
20250210T2200,6.3702455,92.84306,8.669949,138.36646
20250210T2300,6.5502453,92.07984,9.339208,152.44719
20250211T0000,6.110245,94.00317,8.854829,153.43495
20250211T0100,5.900245,94.98378,8.0899935,147.72435
20250211T0200,6.130245,94.92935,8.435069,140.19443
20250211T0300,6.270245,95.93556,8.404285,136.7357
20250211T0400,6.3902454,96.47689,7.928177,140.52754
20250211T0500,6.2802453,97.14682,6.9247384,152.10272
20250211T0600,6.1602454,97.41377,6.12,151.9275
20250211T0700,6.0802455,97.54706,6.439876,153.43495
20250211T0800,6.3402452,96.67665,6.297428,149.03624
20250211T0900,6.5502453,96.886475,6.297428,149.03624
20250211T1000,7.1402454,95.64163,4.6938257,147.52881
20250211T1100,7.750245,94.42335,5.315336,151.69923
20250211T1200,8.170245,94.3808,5.634891,153.43495
20250211T1300,8.380245,95.43421,5.991594,147.26477
20250211T1400,8.470245,95.43827,6.193674,144.46231
20250211T1500,8.3102455,95.43106,6.4096174,141.84277
20250211T1600,8.210245,96.08395,6.1305785,139.76364
20250211T1700,7.8702455,97.266716,6.193674,144.46231
20250211T1800,7.750245,97.32984,6.193674,144.46231
20250211T1900,7.610245,97.45957,6.9153743,141.34018
20250211T2000,7.3702455,98.05893,6.638072,139.3987
20250211T2100,7.110245,98.45926,7.2,143.1301
20250211T2200,7.3902454,96.449234,5.154415,155.22485
20250211T2300,7.3202453,96.71341,5.634891,153.43495
20250212T0000,7.2202454,97.111595,5.95906,154.98311
20250212T0100,7.0302453,97.57658,5.95906,154.98311
20250212T0200,6.9902453,97.238335,4.6800003,157.38013
20250212T0300,6.9502454,97.30435,4.5536795,161.56505
20250212T0400,6.9702454,96.90162,5.2416787,164.0546
20250212T0500,6.920245,96.96699,5.0142193,158.9625
20250212T0600,6.960245,96.49932,5.4833565,156.8014
20250212T0700,6.960245,96.633125,5.95906,154.98311
20250212T0800,7.540245,95.527596,6.6185193,157.61987
20250212T0900,8.760245,92.1101,6.9527545,158.7495
20250212T1000,10.020246,90.025986,6.924738,171.02737
20250212T1100,10.890245,85.80022,9.007196,177.7094
20250212T1200,11.600245,81.44899,9.779817,186.3402
20250212T1300,11.710245,80.63644,9.9571085,192.52881
20250212T1400,11.480246,83.85066,9.0645685,186.84277
20250212T1500,11.390245,84.46863,6.4799995,180.0
20250212T1600,10.980246,86.513214,6.162207,173.29016
20250212T1700,9.530245,94.45173,6.8399997,180.0
20250212T1800,9.420245,94.25335,5.4119864,183.81407
20250212T1900,9.170245,94.047356,5.0911684,188.1301
20250212T2000,8.920245,93.71252,5.8603754,190.61966
20250212T2100,8.790245,93.38455,6.2145634,190.00798
20250212T2200,8.390245,94.26294,8.161764,221.42366
20250212T2300,8.180245,94.57629,5.815978,201.8014
20250213T0000,8.120246,94.63826,6.489992,199.44003
20250213T0100,8.250245,94.061104,6.6185193,202.38013
20250213T0200,8.090245,93.9227,6.297428,210.96376
20250213T0300,7.980245,92.69326,5.692099,214.69516
20250213T0400,7.7602453,93.19272,5.1165614,219.28941
20250213T0500,7.5302453,93.30732,4.6102495,231.3402
20250213T0600,7.1802454,94.39242,3.671294,258.69006
20250213T0700,6.9702454,94.315315,2.9024127,277.125
20250213T0800,6.6402454,95.15424,3.6,306.8699
20250213T0900,6.1202455,96.33152,5.904439,322.43143
20250213T1000,5.1002455,97.9957,10.948973,350.5377
20250213T1100,4.2602453,97.97007,11.885453,1.7356873
20250213T1200,3.6902456,94.458405,9.114471,9.090271
20250213T1300,3.8302455,90.17843,7.208994,357.13757
20250213T1400,4.3502455,85.325676,7.69592,349.2157
20250213T1500,4.2902455,82.59833,7.2805495,351.46924
20250213T1600,4.2902455,81.6499,4.68,360.0
20250213T1700,3.6502452,83.105865,4.2136917,19.983109
20250213T1800,3.1602454,85.85668,2.968636,14.03624
20250213T1900,2.7202454,88.0752,1.1384199,288.43497
20250213T2000,2.5202456,89.276245,2.968636,255.96376
20250213T2100,2.3002453,88.09336,5.2416787,254.0546
20250213T2200,2.9302454,85.14497,5.0911684,225.0
20250213T2300,2.8802452,84.398476,4.3349743,265.23636
20250214T0000,2.6002455,84.36075,5.3999996,323.13013
20250214T0100,1.8702455,89.14536,7.24486,333.43497
20250214T0200,1.2902454,91.196724,7.6367526,351.8699
20250214T0300,0.5402454,92.88754,9.746631,355.7636
20250214T0400,0.11024541,93.7473,9.422101,353.41806
20250214T0500,-0.1297546,93.93772,9.0645685,353.15723
20250214T0600,-0.3697546,92.54234,9.779817,353.65985
20250214T0700,-0.60975456,91.09208,10.086427,357.9546
20250214T0800,-0.4397546,88.045845,11.570515,5.3558044
20250214T0900,0.13024542,83.51928,11.27553,16.69925
20250214T1000,0.4902454,77.909775,7.5170207,16.69925
20250214T1100,0.8202454,77.73667,10.163227,22.932098
20250214T1200,1.0802454,75.89024,12.074766,26.565033
20250214T1300,1.2002454,73.89571,11.923557,28.886566
20250214T1400,1.2802454,72.921616,10.685391,32.619232
20250214T1500,1.3702455,72.178665,9.585739,34.286865
20250214T1600,1.1902454,72.08601,9.085988,33.690063
20250214T1700,0.6002454,75.57017,7.628263,19.29004
20250214T1800,0.050245404,78.71223,5.506941,11.309921
20250214T1900,-0.4397546,81.21231,5.6920996,18.434952
20250214T2000,-1.0297546,82.225876,6.792466,32.005356
20250214T2100,-1.4197546,82.72601,7.2,36.86989
20250214T2200,-1.6297547,83.954926,6.1305785,49.76364
20250214T2300,-2.1197548,85.61882,5.6233797,39.805573
20250215T0000,-2.3297548,86.17684,6.3690495,42.70938
20250215T0100,-2.5097547,86.022354,7.145796,49.085617
20250215T0200,-2.6597548,85.41539,7.386582,43.025055
20250215T0300,-2.4597545,83.07003,7.127636,44.999985
20250215T0400,-2.4297547,82.19235,6.763786,64.79888
20250215T0500,-3.3997545,84.272804,5.4119864,86.18592
20250215T0600,-3.7897549,84.54005,4.73506,81.25384
20250215T0700,-3.8997545,85.30842,4.5536795,71.56504
20250215T0800,-1.2397546,77.17976,4.379589,80.537674
20250215T0900,-0.05975461,72.583176,5.0142193,68.96249
20250215T1000,0.9402454,70.847466,3.563818,44.999985
20250215T1100,1.8602453,68.89841,5.4477882,82.40536
20250215T1200,2.6902456,67.355515,6.849467,86.98721
20250215T1300,3.7202454,65.18006,7.5599995,89.99999
20250215T1400,4.130245,64.2699,6.489992,93.179825
20250215T1500,3.8002453,65.345375,5.0528407,94.08562
20250215T1600,2.6602454,78.98959,4.32,89.99999
20250215T1700,2.2302454,72.361,6.489992,86.82017
20250215T1800,1.6002454,76.386826,5.0911684,98.1301
20250215T1900,-0.22975457,84.97689,3.7585104,106.69924
20250215T2000,-0.89975464,88.388306,3.671294,101.30993
20250215T2100,-0.9697546,89.176445,4.73506,98.74616
20250215T2200,-0.5997546,86.98282,4.5536795,108.434944
20250215T2300,-0.8397546,89.39019,5.692099,124.69515
20250216T0000,-1.0797546,90.77711,5.3517847,132.27368
20250216T0100,-1.2597545,91.85061,4.510787,118.61046
20250216T0200,-1.4097546,92.18103,3.5455887,113.96249
20250216T0300,-1.2297546,90.35676,4.0249224,116.56505
20250216T0400,-1.4097546,92.45676,4.0249224,116.56505
20250216T0500,-1.4897546,93.49117,3.8268526,131.18591
20250216T0600,-1.5697545,92.99767,3.396233,122.00538
20250216T0700,-1.1397547,91.72429,4.1046314,105.25512
20250216T0800,-0.07975459,87.435165,4.73506,81.25384
20250216T0900,0.6202454,85.91458,4.0249224,79.695145
20250216T1000,1.5302454,80.32822,5.1919937,56.30993
20250216T1100,2.7902455,76.55246,4.6800003,112.61986
20250216T1200,3.8602452,72.914246,3.7585104,106.69924
20250216T1300,4.5602455,71.210884,5.6002855,44.999985
20250216T1400,5.0302453,69.71431,7.10031,30.465546
20250216T1500,4.9102454,68.977005,7.491114,35.217575
20250216T1600,4.3102455,73.811005,6.297428,30.963745
20250216T1700,2.6802454,81.22576,5.0142193,21.037506
20250216T1800,1.8102454,84.315094,5.815978,21.801407
20250216T1900,1.0402454,87.24437,5.634891,26.565033
20250216T2000,0.8202454,87.92863,5.8603754,42.510437
20250216T2100,0.6602454,87.780815,5.1919937,56.30993
20250216T2200,0.2802454,90.77092,4.8965297,53.97262
20250216T2300,-0.029754579,90.74189,5.0142193,68.96249
20250217T0000,-0.3797546,89.50491,4.3498964,65.55604
20250217T0100,-0.4397546,89.83181,4.6800003,67.380135
20250217T0200,-0.4597546,89.96336,4.6800003,67.380135
20250217T0300,-0.73975456,88.869156,4.2136917,70.016884
20250217T0400,-0.8497546,88.52608,4.802999,77.00538
20250217T0500,-0.76975465,87.87653,4.2136917,70.016884
20250217T0600,-0.8297546,87.869545,4.3498964,65.55604
20250217T0700,-0.5697546,87.70335,3.671294,78.69006
20250217T0800,0.5902454,82.475044,4.6938252,85.60129
20250217T0900,1.0702454,79.42141,5.4119864,86.18592
20250217T1000,1.7102454,78.36056,4.379589,80.537674
20250217T1100,2.4002454,77.44636,5.3517847,109.653824
20250217T1200,3.0202456,76.14561,4.5536795,108.434944
20250217T1300,3.7202454,73.9101,4.1046314,74.74488
20250217T1400,3.9502454,73.8475,4.510787,61.38954
20250217T1500,3.7502456,74.29664,5.3517847,70.346176
20250217T1600,3.1702452,77.4139,5.154415,65.224846
20250217T1700,1.5302454,83.966965,6.12,28.07248
20250217T1800,0.8602454,85.881714,6.439876,26.565033
20250217T1900,0.9602454,84.6974,5.6002855,44.999985
20250217T2000,0.77024543,84.67158,5.3517847,70.346176
20250217T2100,0.3702454,85.50107,4.452954,75.96376
20250217T2200,0.100245416,84.831955,3.6,89.99999
20250217T2300,-0.07975459,84.61787,3.096837,125.537674
20250218T0000,-0.16975462,84.98504,4.0249224,100.30484
20250218T0100,-0.46975458,85.70954,3.319036,102.52881
20250218T0200,-0.9397546,85.58332,3.319036,102.52881
20250218T0300,-0.8397546,86.43426,5.4119864,93.81408
20250218T0400,-0.60975456,85.81942,5.3999996,89.99999
20250218T0500,-1.0597546,86.40629,4.379589,99.46232
20250218T0600,-1.1397547,86.52588,4.802999,102.99461
20250218T0700,-0.77975464,86.24801,5.1544156,102.09476
20250218T0800,0.3202454,81.82151,5.0528407,94.08562
20250218T0900,1.0002453,78.00176,5.0528407,94.08562
20250218T1000,1.8002454,75.01676,7.2359104,95.71059
20250218T1100,2.6102452,72.98046,8.373386,115.46334
20250218T1200,3.5602455,69.79993,7.289444,110.22486
20250218T1300,4.2502456,67.97103,6.87779,96.009
20250218T1400,4.610245,66.61536,7.6367526,81.869896
20250218T1500,4.6002455,66.367714,8.209263,74.74488
20250218T1600,3.8102455,72.69005,5.6920996,71.56504
20250218T1700,0.9802454,83.08619,7.628263,70.70995
20250218T1800,0.11024541,85.276375,7.172949,72.47443
20250218T1900,0.010245383,85.07277,8.350138,82.56859
20250218T2000,-0.46975458,84.18488,7.92,89.99999
20250218T2100,-0.9397546,82.92415,7.2359104,95.71059
20250218T2200,-1.0697546,78.810356,7.289444,110.22486
20250218T2300,-1.4097546,78.57007,8.39657,120.96376
20250219T0000,-1.8797547,79.63082,6.9247384,117.89726
20250219T0100,-2.1097546,79.34769,5.4833565,113.19859
20250219T0200,-2.1197548,79.16421,5.4833565,113.19859
20250219T0300,-2.2897544,79.74167,4.8965297,126.027374
20250219T0400,-2.4197545,80.20857,5.3517847,132.27368
20250219T0500,-2.3297548,80.46972,5.6233797,140.19443
20250219T0600,-2.2797546,81.4673,6.1305785,139.76364
20250219T0700,-2.0197544,83.45339,5.8603754,137.48955
20250219T0800,-0.5597546,81.49879,6.1094027,135.0
20250219T0900,0.9102454,76.19905,6.1305785,139.76364
20250219T1000,2.3902454,74.798744,6.12,151.9275
20250219T1100,3.9902453,72.83386,8.39657,149.03624
20250219T1200,5.5802455,70.447044,9.0,143.1301
20250219T1300,6.920245,68.377594,8.404285,136.7357
20250219T1400,7.730245,67.09693,7.7043357,127.40535
20250219T1500,7.6602454,70.081276,5.991594,122.73523
20250219T1600,6.3502455,75.769844,5.95906,115.01689
20250219T1700,4.8402452,77.14888,6.12,118.07248
20250219T1800,2.9602456,86.08147,5.0911684,135.0
20250219T1900,2.1402454,90.544945,5.1919937,146.30994
20250219T2000,1.3202454,93.286255,5.315336,151.69923
20250219T2100,0.84024537,95.59718,5.3999996,143.1301
20250219T2200,1.1202455,93.68108,6.297428,149.03624
20250219T2300,0.89024544,94.97417,6.696387,143.74615
20250220T0000,0.5802454,96.284004,6.489992,146.30994
20250220T0100,0.84024537,96.22685,5.991594,147.26477
20250220T0200,1.0802454,95.40174,5.991594,147.26477
20250220T0300,1.5302454,94.25612,5.692099,145.30484
20250220T0400,1.9502454,94.078476,6.4096174,141.84277
20250220T0500,2.6702452,92.711365,5.991594,147.26477
20250220T0600,3.4202452,92.170074,5.904439,142.4314
20250220T0700,3.9202452,91.683,6.193674,144.46231
20250220T0800,4.4302454,92.90548,6.792466,147.99461
20250220T0900,6.0602455,92.43209,6.9527545,158.7495
20250220T1000,8.0602455,88.62199,7.072878,165.25644
20250220T1100,10.500245,83.5564,8.089993,159.14554
20250220T1200,12.400246,77.66991,7.42159,165.96376
20250220T1300,13.790245,72.50633,8.350138,172.56859
20250220T1400,14.940246,65.88238,8.287822,177.51045
20250220T1500,14.780245,67.022705,6.379216,163.61046
20250220T1600,14.420245,65.67693,5.3999996,143.1301
20250220T1700,12.490245,75.64759,5.8048253,150.25511
20250220T1800,10.860246,80.01706,5.00128,149.74356
20250220T1900,7.920245,90.59727,4.39436,145.00798
20250220T2000,7.6202455,91.33008,4.8433046,138.01279
20250220T2100,7.1402454,93.93282,5.1165614,140.71059
20250220T2200,6.150245,95.19613,5.692099,145.30484
20250220T2300,5.5902452,94.834236,5.95906,154.98311
20250221T0000,5.0102453,95.8783,6.28713,156.37062
20250221T0100,4.4602456,96.46477,5.8048253,150.25511
20250221T0200,4.2102456,96.72781,5.1165614,140.71059
20250221T0300,3.7202454,96.50119,5.1165614,140.71059
20250221T0400,3.2702456,96.13726,5.1165614,140.71059
20250221T0500,3.5102453,95.94302,5.3999996,143.1301
20250221T0600,3.5002456,95.32824,5.692099,145.30484
20250221T0700,3.6402454,95.67615,5.904439,142.4314
20250221T0800,4.790245,93.92297,6.696387,143.74615
20250221T0900,7.0802455,89.70993,6.1305785,139.76364
20250221T1000,9.110246,86.48904,5.8603754,137.48955
20250221T1100,10.940246,82.30852,7.7043357,142.59465
20250221T1200,12.910245,75.10455,9.021574,151.38954
20250221T1300,14.430245,67.496666,8.427383,160.01689
20250221T1400,15.150246,63.462044,6.830519,161.56505
20250221T1500,15.020246,63.258644,6.489992,146.30994
20250221T1600,13.630245,68.39343,4.8433046,131.98721
20250221T1700,11.190246,78.16752,6.3690495,137.2906
20250221T1800,9.910245,82.2251,5.315336,151.69923
20250221T1900,8.710245,86.80471,5.154415,155.22485
20250221T2000,7.5102453,90.31195,5.154415,155.22485
20250221T2100,7.1002455,91.79976,4.39436,145.00798
20250221T2200,7.0602455,94.124054,3.8773184,158.1986
20250221T2300,6.540245,95.14926,4.3498964,155.55605
20250222T0000,6.210245,95.7991,5.5887027,165.06857
20250222T0100,6.0702453,96.531395,4.0249224,153.43495
20250222T0200,6.1602454,95.86374,4.39436,145.00798
20250222T0300,5.750245,96.518524,4.6800003,157.38013
20250222T0400,4.9902453,96.827515,4.829907,153.43495
20250222T0500,4.7402453,96.47671,5.00128,149.74356
20250222T0600,5.0502453,94.67122,5.1919937,146.30994
20250222T0700,5.400245,93.762184,5.692099,145.30484
20250222T0800,6.3902454,91.297516,6.12,151.9275
20250222T0900,8.620245,86.435104,4.829907,153.43495
20250222T1000,10.550245,82.48179,6.5693827,170.53767
20250222T1100,12.070246,76.61564,6.924738,171.02737
20250222T1200,13.340245,71.48867,6.725354,164.47589
20250222T1300,14.190246,65.670425,5.4119864,176.18593
20250222T1400,14.800245,60.86601,5.04,180.0
20250222T1500,15.130245,58.563847,5.3999996,180.0
20250222T1600,14.190246,63.15067,6.297428,210.96376
20250222T1700,12.020246,77.92682,6.489992,213.69006
20250222T1800,12.360246,76.92619,6.725354,195.52411
20250222T1900,10.870245,85.21558,6.638072,192.52881
20250222T2000,10.580245,86.29377,7.172949,197.52557
20250222T2100,10.280245,87.26876,7.5685663,205.34618
20250222T2200,10.220245,87.203026,7.42159,202.83365
20250222T2300,9.770246,89.02637,6.6185193,202.38013
20250223T0000,,,,
20250223T0100,,,,
20250223T0200,,,,
20250223T0300,,,,
20250223T0400,,,,
20250223T0500,,,,
20250223T0600,,,,
20250223T0700,,,,
20250223T0800,,,,
20250223T0900,,,,
20250223T1000,,,,
20250223T1100,,,,
20250223T1200,,,,
20250223T1300,,,,
20250223T1400,,,,
20250223T1500,,,,
20250223T1600,,,,
20250223T1700,,,,
20250223T1800,,,,
20250223T1900,,,,
20250223T2000,,,,
20250223T2100,,,,
20250223T2200,,,,
20250223T2300,,,,
20250224T0000,4.1402454,96.930855,6.9527545,158.7495
20250224T0100,4.0802455,97.47977,6.12,151.9275
20250224T0200,4.1402454,97.27493,5.692099,145.30484
20250224T0300,3.9602456,97.821785,6.297428,149.03624
20250224T0400,4.2802453,97.83222,6.989936,145.49147
20250224T0500,4.2602453,97.555115,6.297428,149.03624
20250224T0600,4.2902455,97.55615,6.12,151.9275
20250224T0700,4.8102455,97.43646,6.6087217,150.64224
20250224T0800,5.8702455,96.4559,6.763786,154.79887
20250224T0900,7.210245,93.54661,7.289444,159.77515
20250224T1000,8.670245,91.09607,7.754637,158.1986
20250224T1100,10.250245,87.325294,8.557102,157.75098
20250224T1200,11.540245,82.05313,9.449572,162.25533
20250224T1300,12.570246,77.43366,9.0,163.73979
20250224T1400,12.990245,74.2038,9.360001,157.38013
20250224T1500,12.910245,75.10455,9.227524,159.44395
20250224T1600,12.250245,78.28293,6.763786,154.79887
20250224T1700,10.990245,84.76638,5.315336,151.69923
20250224T1800,10.200245,88.09865,5.00128,149.74356
20250224T1900,9.970245,88.49876,5.154415,155.22485
20250224T2000,9.600245,88.82823,5.2416787,164.0546
20250224T2100,9.080245,90.00881,5.506941,168.69006
20250224T2200,8.830245,88.94023,4.32,180.0
20250224T2300,8.100245,93.14981,5.4477882,172.40535
20250225T0000,8.010245,92.95153,3.8773184,158.1986
20250225T0100,8.250245,92.20138,3.5455887,156.0375
20250225T0200,8.320246,91.13175,4.2136917,160.01689
20250225T0300,8.340245,92.017235,3.219938,153.43495
20250225T0400,8.260245,93.7387,3.8939953,146.30994
20250225T0500,8.170245,95.42472,4.1046314,142.12502
20250225T0600,8.160246,95.68686,4.6102495,141.34018
20250225T0700,8.200246,96.2155,5.3999996,143.1301
20250225T0800,8.540245,95.11502,6.12,151.9275
20250225T0900,8.790245,94.348946,7.5170207,163.30075
20250225T1000,8.610246,96.09989,6.989936,145.49147
20250225T1100,8.920245,94.2913,9.47012,171.25385
20250225T1200,9.430245,91.4663,8.427383,160.01689
20250225T1300,9.980246,87.11865,10.383987,146.30994
20250225T1400,10.740245,81.887825,12.181624,145.8403
20250225T1500,11.230246,75.3748,11.983188,147.26477
20250225T1600,11.200245,72.65856,8.905908,165.96376
20250225T1700,9.910245,76.2454,9.007196,177.7094
20250225T1800,8.910245,78.72474,13.979872,214.50853
20250225T1900,8.630245,75.168915,15.408671,217.40535
20250225T2000,7.8302455,75.39475,17.373497,214.01935
20250225T2100,7.3902454,76.01297,20.08916,216.25385
20250225T2200,7.110245,77.32504,19.734436,218.33334
20250225T2300,6.710245,77.58679,22.725668,220.50285
20250226T0000,6.2802453,79.1347,22.183128,221.71077
20250226T0100,5.8202453,80.889336,22.657131,224.35626
20250226T0200,5.2402453,83.44705,23.199759,228.14496
20250226T0300,4.880245,84.90453,23.557316,231.20346
20250226T0400,4.4802456,87.44632,22.039528,231.63252
20250226T0500,4.2702456,88.68413,19.95972,230.85602
20250226T0600,4.2702456,90.54116,19.008545,232.69606
20250226T0700,4.4702454,90.752556,17.673029,236.63364
20250226T0800,4.790245,90.201256,16.75064,241.78264
20250226T0900,5.440245,87.551125,15.978484,247.47943
20250226T1000,5.5902452,87.81589,13.891522,238.7816
20250226T1100,6.3302455,83.772285,14.05845,256.67548
20250226T1200,7.1002455,79.323524,12.144331,258.02386
20250226T1300,7.860245,74.8679,11.013882,258.69006
20250226T1400,8.280246,70.16284,10.390226,255.96376
20250226T1500,8.330246,69.230354,10.137692,253.49564
20250226T1600,8.0602455,68.28751,8.891344,248.62938
20250226T1700,6.880245,69.51242,6.12,241.92752
20250226T1800,4.8202453,78.95085,7.4128532,209.05461
20250226T1900,3.7302456,82.87675,6.130579,183.36646
20250226T2000,2.5402455,85.65454,6.8399997,180.0
20250226T2100,2.2302454,86.55808,6.162207,173.29016
20250226T2200,2.1802454,88.33721,7.208994,182.86241
20250226T2300,2.3802454,87.59083,7.2359104,174.28941
20250227T0000,2.6902456,87.244804,7.9932976,172.23483
20250227T0100,3.0802455,85.04075,7.69592,169.2157
20250227T0200,3.7802453,81.632095,8.12197,167.19574
20250227T0300,3.9902453,84.24158,9.3669195,177.79741
20250227T0400,4.170245,86.849304,9.826088,188.42697
20250227T0500,4.5702453,87.76933,10.041354,194.53445
20250227T0600,4.6602454,88.155815,10.495713,202.16635
20250227T0700,4.8502455,88.99587,10.883676,214.2157
20250227T0800,5.250245,90.43432,11.200571,225.0
20250227T0900,6.0502453,90.82242,10.195057,227.86241
20250227T1000,7.110245,85.48193,9.449572,220.36453
20250227T1100,8.150246,79.49034,10.086427,214.8245
20250227T1200,8.680245,72.52181,9.220499,218.65982
20250227T1300,8.740245,67.18218,8.287822,235.61966
20250227T1400,8.850245,63.929306,8.905908,255.96376
20250227T1500,8.620245,61.61744,9.0645685,263.15723
20250227T1600,8.3102455,63.432175,6.849467,266.9872
20250227T1700,6.880245,71.18299,5.8048253,240.25513
20250227T1800,5.110245,79.97155,7.145796,220.91438
20250227T1900,4.0102453,85.16012,8.161764,221.42366
20250227T2000,3.5602455,86.34135,6.1094027,225.0
20250227T2100,3.6602454,86.9155,5.3517847,222.27368
20250227T2200,3.5702453,89.76673,7.7043357,232.59465
20250227T2300,3.3702455,89.94165,6.6087217,209.35776
20250228T0000,3.2002454,90.12019,5.6920996,198.43495
20250228T0100,2.2702456,90.95189,5.937272,194.03624
20250228T0200,1.3602455,91.603455,5.2416787,195.9454
20250228T0300,0.8702454,93.18518,5.2416787,195.9454
20250228T0400,0.88024545,93.52737,4.2136917,199.98311
20250228T0500,0.6602454,93.99231,5.3517847,199.65382
20250228T0600,0.6302454,94.47326,5.6920996,198.43495
20250228T0700,1.5902454,92.89943,4.0249224,206.56505
20250228T0800,2.8202453,89.30629,4.198285,210.96376
20250228T0900,4.0402455,85.22528,4.6102495,231.3402
20250228T1000,5.380245,80.64836,5.3517847,289.6538
20250228T1100,6.2402453,73.92241,5.692099,325.30484
20250228T1200,6.440245,68.270065,6.439876,333.43497
20250228T1300,6.520245,66.91561,7.754637,338.1986
20250228T1400,6.5302453,65.52232,8.557102,345.37915
20250228T1500,6.460245,68.07693,7.9526596,354.8056
20250228T1600,6.230245,70.382195,7.5599995,360.0
20250228T1700,5.0102453,78.01983,5.0528407,4.085617
20250228T1800,3.7402453,84.02567,7.9526596,5.194412
20250228T1900,3.2902455,84.76012,7.5685663,2.7262878
20250228T2000,3.4002452,85.63815,7.2805495,8.530762
20250228T2100,2.9202452,87.905754,7.8625183,15.945404
20250228T2200,2.4802454,87.85724,8.350138,7.431381
20250228T2300,1.9002454,87.66436,7.8625183,15.945404
20250301T0000,1.4602454,88.90766,8.854829,26.565033
20250301T0100,1.5102453,89.238754,8.39657,30.963745
20250301T0200,1.6202455,89.97002,8.39657,30.963745
20250301T0300,2.0302453,89.35677,7.42159,22.833649
20250301T0400,2.1702454,88.85216,6.9527545,21.250488
20250301T0500,2.2002454,88.27506,6.9527545,21.250488
20250301T0600,2.3602452,87.079834,7.42159,22.833649
20250301T0700,2.5302453,85.77818,8.854829,26.565033
20250301T0800,3.1402454,80.82396,12.819235,38.157227
20250301T0900,4.0802455,78.597984,16.78156,54.605194
20250301T1000,5.2402453,74.31684,18.075441,45.806915
20250301T1100,6.290245,68.18681,18.504139,52.907158
20250301T1200,7.190245,63.156334,18.171976,56.30993
20250301T1300,7.610245,59.90492,18.671474,56.00354
20250301T1400,7.9102454,57.79495,18.472595,56.929314
20250301T1500,7.9302454,57.800327,17.595861,59.237274
20250301T1600,7.4302454,59.335503,13.493999,46.080917
20250301T1700,6.4102454,61.63846,13.104198,37.184692
20250301T1800,5.2202454,65.97934,12.538134,39.173645
20250301T1900,4.2402453,70.93402,11.200571,44.999985
20250301T2000,3.3502455,76.20721,9.422101,43.451828
20250301T2100,2.8002453,80.06338,8.78872,34.99202
20250301T2200,3.1302452,78.090904,9.339208,27.552795
20250301T2300,2.4802454,81.25412,9.387651,32.47119
20250302T0000,2.0002456,82.99013,8.669949,41.63353
20250302T0100,1.4502454,84.63886,8.435069,39.805573
20250302T0200,1.3002454,85.307236,8.4963045,36.38434
20250302T0300,0.88024545,85.31507,7.9932966,35.837646
20250302T0400,0.5702454,85.65406,7.653705,41.18593
20250302T0500,0.2402454,86.95574,6.8777895,47.121094
20250302T0600,-0.2697546,87.282616,6.1305785,49.76364
20250302T0700,0.84024537,88.450554,5.815978,21.801407
20250302T0800,2.4202454,84.64502,8.557102,22.249008
20250302T0900,3.6802454,80.26425,11.384198,34.69516
20250302T1000,5.420245,72.858894,11.304229,37.234833
20250302T1100,7.1402454,67.10696,10.144082,62.52556
20250302T1200,8.470245,60.652573,9.0645685,83.15723
20250302T1300,9.400246,56.780945,8.209263,74.74488
20250302T1400,10.000245,53.629963,8.699793,65.55604
20250302T1500,10.300245,52.14267,7.5685663,64.65382
20250302T1600,9.770246,56.83962,4.39436,55.007973
20250302T1700,6.790245,68.844,5.4833565,23.198593
20250302T1800,4.400245,78.25415,6.193674,35.53766
20250302T1900,3.1102452,81.94736,5.8048253,60.25511
20250302T2000,2.0402455,86.53514,6.6185193,67.61986
20250302T2100,1.3202454,88.76272,6.151683,69.443954
20250302T2200,0.4002454,89.25515,5.0911684,81.869896
20250302T2300,-0.3697546,89.972404,3.2599385,96.34019
20250303T0000,-0.40975457,90.035225,4.379589,80.537674
20250303T0100,-0.8297546,90.86856,4.3349743,85.23635
20250303T0200,-1.1597546,91.040855,3.6,126.869896
20250303T0300,-1.2697546,90.89462,3.396233,147.99461
20250303T0400,-1.6497546,90.65419,3.8268526,138.81407
20250303T0500,-1.7897545,90.16536,3.6,143.1301
20250303T0600,-1.9797546,89.53752,3.8939953,146.30994
20250303T0700,-0.98975456,90.24573,4.39436,145.00798
20250303T0800,1.9202454,83.28399,3.8268526,131.18591
20250303T0900,4.4102454,77.69022,3.5455887,113.96249
20250303T1000,6.3502455,73.15059,3.219938,116.56505
20250303T1100,8.260245,67.26562,2.7416782,113.19859
20250303T1200,9.820246,62.450043,3.396233,122.00538
20250303T1300,11.130245,56.553707,3.096837,125.537674
20250303T1400,12.130245,51.761482,3.096837,125.537674
20250303T1500,12.430245,48.120506,2.4149535,116.56505
20250303T1600,11.990245,47.923103,1.8,36.86989
20250303T1700,9.660245,57.38656,4.3349743,4.7636414
20250303T1800,8.290245,64.069695,2.9024127,29.744873
20250303T1900,6.500245,72.551735,1.835647,78.69006
20250303T2000,3.3402452,82.64034,3.2599385,96.34019
20250303T2100,1.6502454,87.25175,3.9763298,84.805565
20250303T2200,0.3902454,90.513954,3.96,89.99999
20250303T2300,-0.3197546,92.88921,3.7585104,106.69924
20250304T0000,-0.5897546,92.79918,3.8939953,123.69006
20250304T0100,-0.46975458,91.172615,4.072935,135.0
20250304T0200,-0.76975465,91.009544,4.3349743,131.63353
20250304T0300,-0.8497546,90.39421,4.3349743,131.63353
20250304T0400,-0.90975463,89.98492,4.6102495,141.34018
20250304T0500,-0.86975455,89.52048,4.6938257,147.52881
20250304T0600,-1.0997546,91.72784,4.6102495,141.34018
20250304T0700,-0.10975462,90.26542,4.8965297,126.027374
20250304T0800,2.6402454,85.16946,4.0249224,116.56505
20250304T0900,5.8002453,76.10539,3.319036,102.52881
20250304T1000,8.430245,69.796295,2.6208394,105.9454
20250304T1100,10.280245,63.457172,2.8799999,89.99999
20250304T1200,11.950245,57.66378,2.1897945,80.537674
20250304T1300,13.100245,51.959473,2.2768397,71.56504
20250304T1400,13.910245,48.85951,3.7064266,60.945396
20250304T1500,14.110246,45.09838,4.1046314,52.125
20250304T1600,13.430245,49.84566,2.8799999,360.0
20250304T1700,11.700245,52.31164,2.5959969,326.30994
20250304T1800,8.530246,65.89836,0.5091169,315.0
20250304T1900,7.0302453,72.036224,2.5959969,123.69006
20250304T2000,3.8502455,79.65227,4.198285,120.96376
20250304T2100,2.7502456,80.88063,3.219938,116.56505
20250304T2200,1.6602454,84.35654,3.5455887,113.96249
20250304T2300,1.0602454,86.16093,3.6,126.869896
20250305T0000,0.7102454,87.141014,4.072935,135.0
20250305T0100,0.5002454,87.051544,4.5820518,135.0
20250305T0200,0.2602454,86.50796,4.3349743,131.63353
20250305T0300,0.100245416,86.68094,4.1046314,127.874985
20250305T0400,-0.23975462,87.8725,4.3349743,131.63353
20250305T0500,-0.60975456,88.81715,4.6102495,141.34018
20250305T0600,-0.6697546,89.67479,4.6102495,141.34018
20250305T0700,0.35024542,89.84492,5.3517847,137.72632
20250305T0800,3.6702452,82.448715,4.8433046,131.98721
20250305T0900,7.020245,74.07312,3.8268526,131.18591
20250305T1000,10.280245,67.43183,4.1046314,142.12502
20250305T1100,12.600245,60.491035,3.396233,147.99461
20250305T1200,14.530245,53.20703,3.0758414,159.44395
20250305T1300,15.880245,46.29577,3.319036,167.47119
20250305T1400,16.710245,41.427284,2.968636,165.96376
20250305T1500,17.030245,36.758198,2.0991426,149.03624
20250305T1600,16.340246,44.76071,1.4399999,89.99999
20250305T1700,13.410245,45.87174,3.4152596,108.434944
20250305T1800,9.870245,57.112774,4.39436,124.99202
20250305T1900,6.8502455,67.6249,4.39436,124.99202
20250305T2000,4.3302455,78.12865,3.8939953,123.69006
20250305T2100,3.2902455,82.81352,3.6,126.869896
20250305T2200,3.0802455,84.73251,4.072935,135.0
20250305T2300,2.3002453,86.946014,4.3349743,138.36646
20250306T0000,,,,
20250306T0100,,,,
20250306T0200,,,,
20250306T0300,,,,
20250306T0400,,,,
20250306T0500,,,,
20250306T0600,,,,
20250306T0700,,,,
20250306T0800,,,,
20250306T0900,,,,
20250306T1000,,,,
20250306T1100,,,,
20250306T1200,,,,
20250306T1300,,,,
20250306T1400,,,,
20250306T1500,,,,
20250306T1600,,,,
20250306T1700,,,,
20250306T1800,,,,
20250306T1900,,,,
20250306T2000,,,,
20250306T2100,,,,
20250306T2200,,,,
20250306T2300,,,,
20250307T0000,2.6302452,91.44516,1.8,143.1301
20250307T0100,2.3102455,92.34961,2.2768397,161.56505
20250307T0200,1.8102454,93.86485,3.671294,168.69006
20250307T0300,1.1302454,95.057785,3.6179552,174.28941
20250307T0400,0.97024536,94.97899,2.968636,165.96376
20250307T0500,0.7302454,96.08093,3.219938,153.43495
20250307T0600,0.8002454,95.24663,3.7064266,150.94539
20250307T0700,2.5102453,89.46972,4.198285,149.03624
20250307T0800,6.5302453,79.28812,4.198285,149.03624
20250307T0900,9.910245,68.162186,1.8,143.1301
20250307T1000,12.790245,59.11461,1.0182338,44.999985
20250307T1100,14.710245,51.784763,1.9386592,21.801407
20250307T1200,15.790245,46.959423,2.6208394,15.945404
20250307T1300,16.470245,43.58298,3.319036,12.528809
20250307T1400,16.830246,42.20309,3.671294,11.309921
20250307T1500,16.740246,41.28943,3.9763298,5.194412
20250307T1600,15.900246,44.474884,2.6208394,344.0546
20250307T1700,13.210245,55.13191,5.815978,338.1986
20250307T1800,12.140245,56.5016,6.130579,356.63354
20250307T1900,10.000245,64.79963,4.6938257,32.47119
20250307T2000,7.270245,73.38439,4.3498964,65.55604
20250307T2100,5.150245,79.920456,4.68,89.99999
20250307T2200,4.710245,77.237595,3.319036,102.52881
20250307T2300,4.0002456,81.13473,3.096837,125.537674
20250308T0000,3.3202453,83.17971,3.6,126.869896
20250308T0100,2.7302456,83.88758,4.1046314,127.874985
20250308T0200,2.2202454,85.86453,3.6,126.869896
20250308T0300,1.9702454,85.95885,4.198285,120.96376
20250308T0400,1.6802454,86.36469,4.6938257,122.47119
20250308T0500,1.2302454,86.691055,4.8965297,126.027374
20250308T0600,1.0002453,86.34422,5.1165614,129.2894
20250308T0700,2.2802453,84.87417,6.193674,125.537674
20250308T0800,5.8002453,75.179756,4.8965297,126.027374
20250308T0900,9.330245,65.1963,3.7064266,119.054596
20250308T1000,12.530245,55.33896,4.32,89.99999
20250308T1100,14.8102455,47.41045,5.4119864,93.81408
20250308T1200,16.390245,41.924423,5.815978,111.80141
20250308T1300,17.390245,37.610588,5.0142193,111.03751
20250308T1400,17.980246,34.832912,4.68,89.99999
20250308T1500,18.050245,33.818333,5.3517847,70.346176
20250308T1600,17.500246,35.37054,4.39436,55.007973
20250308T1700,15.290245,39.75738,7.491114,54.782394
20250308T1800,11.120245,55.47028,8.049845,63.43495
20250308T1900,8.650246,65.64399,7.072878,75.25644
20250308T2000,6.9302454,73.0034,5.4477882,82.40536
20250308T2100,5.6202455,77.397896,4.6938252,94.398705
20250308T2200,5.2002454,77.99623,4.802999,102.99461
20250308T2300,4.4402456,80.15323,4.2136917,109.9831
20250309T0000,4.170245,81.33721,4.3498964,114.44395
20250309T0100,3.7102456,81.62151,4.072935,135.0
20250309T0200,3.5302453,83.5722,3.8268526,138.81407
20250309T0300,3.5302453,83.93635,4.0249224,116.56505
20250309T0400,2.9502454,85.83064,4.3498964,114.44395
20250309T0500,2.1002455,86.416046,4.6102495,128.6598
20250309T0600,1.9502454,85.20427,4.8433046,131.98721
20250309T0700,3.3002453,84.76143,5.3517847,132.27368
20250309T0800,7.0702453,72.926704,3.8939953,123.69006
20250309T0900,10.610246,58.92947,3.0758414,110.556046
20250309T1000,13.660245,50.624527,3.0547013,44.999985
20250309T1100,15.5602455,44.723137,5.3517847,42.27368
20250309T1200,17.140245,40.565857,6.696387,36.25383
20250309T1300,18.020245,37.610058,5.4833565,23.198593
20250309T1400,18.310246,36.56229,6.151683,20.556046
20250309T1500,18.140245,37.1145,6.9247384,27.897263
20250309T1600,17.530245,43.555,4.6800003,22.619858
20250309T1700,14.200245,55.70724,8.427383,19.983109
20250309T1800,11.360246,65.16259,8.587338,33.023865
20250309T1900,9.660245,73.225815,6.8777895,47.121094
20250309T2000,8.120246,78.15562,5.1919937,56.30993
20250309T2100,7.250245,83.129776,4.3498964,65.55604
20250309T2200,6.860245,81.79545,5.991594,57.26477
20250309T2300,6.4702454,83.43585,4.829907,63.43495
20250310T0000,5.770245,84.896225,4.3498964,65.55604
20250310T0100,6.3302455,84.30777,3.6,89.99999
20250310T0200,6.520245,82.67825,3.319036,139.3987
20250310T0300,7.3502455,76.22203,2.5959969,213.69006
20250310T0400,8.480246,76.691666,4.896529,197.10272
20250310T0500,8.840245,82.70731,7.0911775,203.9625
20250310T0600,9.140245,84.894806,8.4963045,216.38435
20250310T0700,9.480246,85.22879,10.685391,237.38075
20250310T0800,9.750245,86.79655,11.269782,243.43495
20250310T0900,9.910245,88.13081,10.464797,243.43495
20250310T1000,10.000245,87.4193,7.4128532,240.9454
20250310T1100,10.170245,85.25092,4.452954,255.96376
20250310T1200,11.040245,79.55141,4.452954,255.96376
20250310T1300,11.880245,74.71637,4.6102495,231.3402
20250310T1400,12.610246,69.9853,4.6938257,237.52881
20250310T1500,13.150246,66.62052,2.1897945,260.5377
20250310T1600,13.210245,66.221794,3.396233,57.994614
20250310T1700,10.890245,79.96664,5.3999996,89.99999
20250310T1800,8.340245,86.9454,4.6938257,122.47119
20250310T1900,6.0802455,95.79319,4.072935,135.0
20250310T2000,4.8002453,99.72489,3.6,143.1301
20250310T2100,4.0202456,99.85279,3.4152596,161.56505
20250310T2200,4.0202456,99.85279,2.1897945,170.53767
20250310T2300,3.3202453,99.84092,3.0758414,159.44395
20250311T0000,,,,
20250311T0100,,,,
20250311T0200,,,,
20250311T0300,,,,
20250311T0400,,,,
20250311T0500,,,,
20250311T0600,,,,
20250311T0700,,,,
20250311T0800,,,,
20250311T0900,,,,
20250311T1000,,,,
20250311T1100,,,,
20250311T1200,,,,
20250311T1300,,,,
20250311T1400,,,,
20250311T1500,,,,
20250311T1600,,,,
20250311T1700,,,,
20250311T1800,,,,
20250311T1900,,,,
20250311T2000,,,,
20250311T2100,,,,
20250311T2200,,,,
20250311T2300,,,,
20250312T0000,,,,
20250312T0100,,,,
20250312T0200,,,,
20250312T0300,,,,
20250312T0400,,,,
20250312T0500,,,,
20250312T0600,,,,
20250312T0700,,,,
20250312T0800,,,,
20250312T0900,,,,
20250312T1000,,,,
20250312T1100,,,,
20250312T1200,,,,
20250312T1300,,,,
20250312T1400,,,,
20250312T1500,,,,
20250312T1600,,,,
20250312T1700,,,,
20250312T1800,,,,
20250312T1900,,,,
20250312T2000,,,,
20250312T2100,,,,
20250312T2200,,,,
20250312T2300,,,,
20250313T0000,5.520245,96.50916,6.0347,17.35402
20250313T0100,5.3402452,95.893585,4.198285,30.963745
20250313T0200,5.3702455,95.69304,3.8268526,41.18593
20250313T0300,5.4502454,94.62688,3.8268526,48.81407
20250313T0400,5.400245,93.96047,4.072935,44.999985
20250313T0500,5.270245,94.15139,4.510787,28.610443
20250313T0600,4.9102454,94.797165,4.6102495,38.659805
20250313T0700,5.0802455,93.8746,2.4149535,63.43495
20250313T0800,5.2802453,94.08566,0.35999998,270.0
20250313T0900,5.710245,92.667404,3.396233,122.00538
20250313T1000,7.130245,79.66602,6.8777895,137.1211
20250313T1100,8.040245,74.372856,8.766573,199.17902
20250313T1200,8.780245,72.49038,9.726664,231.009
20250313T1300,8.680245,69.75038,15.807239,239.93141
20250313T1400,7.9102454,68.646324,14.917212,250.25317
20250313T1500,7.170245,68.630745,13.276144,257.4712
20250313T1600,6.360245,68.69884,12.620554,266.7295
20250313T1700,5.4702454,71.247665,10.594036,279.7824
20250313T1800,4.860245,72.53361,8.654986,286.92752
20250313T1900,4.3402452,75.12116,7.0911775,293.9625
20250313T2000,4.150245,74.97527,5.4833565,293.1986
20250313T2100,3.7902455,76.90445,4.379589,279.46234
20250313T2200,3.1702452,81.06495,5.506941,281.30994
20250313T2300,2.8702455,82.51146,4.6800003,292.61987
20250314T0000,3.0102453,81.21772,4.3349743,265.23636
20250314T0100,3.3402452,80.50259,4.2136917,289.98312
20250314T0200,3.0102453,82.05194,4.1046314,322.12503
20250314T0300,2.8502455,83.11276,5.0911684,351.8699
20250314T0400,2.5902452,84.605934,5.1544156,12.094757
20250314T0500,2.2902455,86.628456,4.5536795,18.434952
20250314T0600,1.6402454,90.895615,4.452954,14.03624
20250314T0700,2.6402454,90.00247,6.162207,6.7098236
20250314T0800,3.7802453,85.130806,9.693296,21.801407
20250314T0900,4.920245,75.77887,11.113451,24.904755
20250314T1000,5.3202453,71.57961,10.495713,22.166351
20250314T1100,6.1202455,68.34681,10.630672,28.30075
20250314T1200,6.630245,66.60196,10.685391,32.619232
20250314T1300,6.9502454,65.28977,10.948973,27.407562
20250314T1400,6.880245,66.563576,11.620809,16.189209
20250314T1500,6.4902453,70.437744,13.363711,4.6354523
20250314T1600,6.1402454,71.85387,13.722565,4.513962
20250314T1700,5.5802455,73.52707,13.039754,6.340164
20250314T1800,5.1202455,74.6716,11.720751,10.619659
20250314T1900,4.8302455,75.43303,10.661107,11.689362
20250314T2000,4.610245,76.384,9.178235,11.309921
20250314T2100,4.0802455,78.712296,8.557102,14.620865
20250314T2200,4.2002454,78.10617,9.178235,11.309921
20250314T2300,4.0702453,79.28441,7.771331,13.392487
20250315T0000,3.8702455,80.93833,7.42159,14.03624
20250315T0100,3.9202452,80.88742,9.793058,17.102722
20250315T0200,4.0802455,80.61979,11.043261,19.025604
20250315T0300,4.0102453,82.141,11.165805,20.772247
20250315T0400,3.9402456,83.81028,10.587917,17.818878
20250315T0500,3.8902454,84.716,10.137692,16.504364
20250315T0600,3.7602453,85.68294,10.739833,13.570435
20250315T0700,3.9502454,86.077515,11.874544,14.03624
20250315T0800,4.380245,84.051285,12.074766,10.30484
20250315T0900,4.880245,84.48022,14.118243,19.358978
20250315T1000,5.5902452,84.15166,15.175612,22.306198
20250315T1100,6.130245,79.84771,16.179985,20.854446
20250315T1200,6.420245,78.31552,15.042659,21.037506
20250315T1300,6.540245,79.12062,15.192682,13.706955
20250315T1400,6.630245,78.01658,15.978486,14.349319
20250315T1500,6.8002453,77.547005,14.917212,19.746826
20250315T1600,6.860245,77.88909,14.021525,29.19748
20250315T1700,6.7002454,78.362404,13.779114,33.274887
20250315T1800,6.500245,79.0578,12.4811535,33.231705
20250315T1900,6.150245,81.28603,10.144082,27.474426
20250315T2000,5.9502454,82.89259,8.557102,22.249008
20250315T2100,5.7402453,84.4111,7.771331,13.392487
20250315T2200,5.500245,85.58989,5.8048253,7.125
20250315T2300,5.400245,86.55731,7.928178,2.6025543
20250316T0000,4.9302454,89.00375,6.849467,356.98724
20250316T0100,4.960245,89.0067,9.114471,350.90973
20250316T0200,4.9102454,89.57324,7.69592,349.2157
20250316T0300,4.690245,89.87185,6.162207,353.29016
20250316T0400,4.6402454,89.93124,6.849467,356.98724
20250316T0500,4.5802455,90.24656,6.489992,356.8202
20250316T0600,4.4602456,90.10718,6.489992,356.8202
20250316T0700,4.4102454,89.398056,6.8399997,360.0
20250316T0800,4.380245,89.012825,7.9526596,5.194412
20250316T0900,4.5802455,90.31086,8.707238,7.125
20250316T1000,4.900245,89.3179,9.3876505,4.398697
20250316T1100,5.150245,88.583855,7.9526596,5.194412
20250316T1200,5.3102455,86.17821,7.928178,2.6025543
20250316T1300,5.3002453,86.85416,7.92,360.0
20250316T1400,4.9902453,89.83567,7.5942073,354.5597
20250316T1500,4.750245,91.814125,6.162207,353.29016
20250316T1600,4.7202454,90.90323,6.5693827,350.5377
20250316T1700,4.5402455,91.01739,5.2416787,344.0546
20250316T1800,4.400245,92.04835,4.198285,329.03625
20250316T1900,4.2102456,93.420334,2.8116899,320.19443
20250316T2000,4.1902456,94.08587,3.563818,315.0
20250316T2100,4.2902455,94.29276,2.4149535,296.56506
20250316T2200,4.360245,93.896095,2.52,270.0
20250316T2300,4.2702456,94.62698,1.1384199,288.43497
20250317T0000,4.4502454,93.835144,0.71999997,360.0
20250317T0100,4.4902453,93.83766,1.484318,345.96375
20250317T0200,4.3402452,94.228836,2.4149535,26.565033
20250317T0300,3.9102454,94.20265,2.0364676,44.999985
20250317T0400,3.9402456,94.00335,3.6,36.86989
20250317T0500,3.0502453,95.440765,4.510787,28.610443
20250317T0600,3.0402455,94.894455,5.0142193,21.037506
20250317T0700,3.4102454,92.56675,8.049845,26.565033
20250317T0800,4.4902453,86.94823,8.287822,34.380325
20250317T0900,5.9902453,79.0308,10.703569,42.27368
20250317T1000,7.290245,70.40518,11.304229,52.76516
20250317T1100,8.330246,61.990303,13.089354,58.495735
20250317T1200,9.280245,54.766823,13.891522,58.781593
20250317T1300,9.830245,50.14578,15.379206,57.425934
20250317T1400,10.3102455,48.23528,16.375053,56.659294
20250317T1500,10.180245,47.356197,14.693999,59.036255
20250317T1600,9.780245,48.11444,13.584932,57.994614
20250317T1700,8.580245,51.423294,11.525623,51.34018
20250317T1800,6.9502454,55.657166,9.686609,48.01277
20250317T1900,5.790245,58.811787,9.957108,49.398697
20250317T2000,4.880245,62.62197,10.685391,57.380745
20250317T2100,4.3002453,65.85613,11.592895,64.23067
20250317T2200,3.8002453,67.41589,10.966713,66.8014
20250317T2300,3.0702453,69.58721,11.384199,71.56504
20250318T0000,2.2502456,71.40087,9.504273,65.37643
20250318T0100,1.3002454,74.19328,7.0911775,66.037506
20250318T0200,0.3202454,76.48757,5.634891,63.43495
20250318T0300,-0.49975455,78.31829,5.95906,64.98311
20250318T0400,-0.88975465,79.26114,6.489992,70.55996
20250318T0500,-1.3397546,80.88152,5.0911684,81.869896
20250318T0600,-1.2597545,81.140045,4.1046314,74.74488
20250318T0700,1.3002454,70.98041,4.73506,81.25384
20250318T0800,3.2302456,61.964184,6.5693827,80.537674
20250318T0900,4.730245,58.35022,7.9526596,84.805565
20250318T1000,6.690245,53.241837,7.208994,87.137596
20250318T1100,8.110246,50.721348,6.924738,98.97262
20250318T1200,9.380245,49.032413,6.725354,105.5241
20250318T1300,10.390245,47.41836,6.725354,105.5241
20250318T1400,11.220245,45.189888,6.379216,106.38954
20250318T1500,11.700245,43.738663,6.0347,107.35402
20250318T1600,11.650246,43.182148,5.937272,104.03624
20250318T1700,10.200245,49.021046,5.7599998,89.99999
20250318T1800,9.230246,47.353035,6.8399997,89.99999
20250318T1900,5.360245,64.14707,6.162207,96.70984
20250318T2000,4.0202456,70.26323,4.802999,102.99461
20250318T2100,2.6102452,76.06861,4.6800003,112.61986
20250318T2200,1.7302454,77.43969,4.3349743,131.63353
20250318T2300,1.0602454,79.89373,4.6102495,141.34018
20250319T0000,,,,
20250319T0100,,,,
20250319T0200,,,,
20250319T0300,,,,
20250319T0400,,,,
20250319T0500,,,,
20250319T0600,,,,
20250319T0700,,,,
20250319T0800,,,,
20250319T0900,,,,
20250319T1000,,,,
20250319T1100,,,,
20250319T1200,,,,
20250319T1300,,,,
20250319T1400,,,,
20250319T1500,,,,
20250319T1600,,,,
20250319T1700,,,,
20250319T1800,,,,
20250319T1900,,,,
20250319T2000,,,,
20250319T2100,,,,
20250319T2200,,,,
20250319T2300,,,,
20250320T0000,2.9902453,86.39793,4.510787,151.38954
20250320T0100,2.5202456,88.695145,4.6938257,147.52881
20250320T0200,2.1502454,90.74336,4.8433046,138.01279
20250320T0300,2.2402453,90.029655,4.8433046,138.01279
20250320T0400,2.3702455,89.84625,5.1165614,140.71059
20250320T0500,3.0502453,90.82371,5.1165614,140.71059
20250320T0600,3.6802454,89.19875,5.6233797,140.19443
20250320T0700,5.3002453,84.29377,6.1305785,139.76364
20250320T0800,7.770245,75.81228,4.8965297,143.97263
20250320T0900,11.400246,65.1262,4.6102495,141.34018
20250320T1000,14.210245,56.571465,4.39436,124.99202
20250320T1100,16.260246,48.16143,4.3349743,138.36646
20250320T1200,17.830246,43.429028,6.696387,143.74615
20250320T1300,19.090246,39.19993,7.4128532,150.94539
20250320T1400,19.900246,36.105618,6.6087217,150.64224
20250320T1500,19.890245,35.347054,6.1094027,135.0
20250320T1600,19.090246,39.144966,4.198285,120.96376
20250320T1700,16.740246,40.50508,5.815978,111.80141
20250320T1800,14.080245,47.435513,6.725354,105.5241
20250320T1900,11.260245,59.51814,4.39436,124.99202
20250320T2000,9.580245,66.0473,3.6,126.869896
20250320T2100,8.700245,69.60622,4.198285,120.96376
20250320T2200,7.3502455,77.80634,4.510787,118.61046
20250320T2300,6.8402452,79.22549,5.495161,121.6075
20250321T0000,6.5902452,78.96001,5.692099,124.69515
20250321T0100,6.270245,80.67018,5.991594,122.73523
20250321T0200,6.0702453,81.38992,5.1919937,123.69006
20250321T0300,5.7602453,80.64933,5.692099,124.69515
20250321T0400,5.5602455,80.15789,6.989936,124.508514
20250321T0500,5.790245,79.281296,7.10031,120.465546
20250321T0600,6.400245,77.64425,6.9247384,117.89726
20250321T0700,7.6202455,80.703896,6.792466,122.00538
20250321T0800,9.5602455,73.61819,6.297428,120.963745
20250321T0900,11.600245,64.26632,6.763786,115.20112
20250321T1000,13.590245,57.16367,5.7599998,89.99999
20250321T1100,15.720245,49.408123,6.489992,109.44003
20250321T1200,17.560246,44.147167,6.9247384,117.89726
20250321T1300,18.590246,41.13606,8.759178,99.46232
20250321T1400,19.010244,40.34661,11.570515,95.35582
20250321T1500,19.070246,42.530453,12.015589,98.61565
20250321T1600,18.430244,45.710712,9.531505,100.88553
20250321T1700,16.800245,50.93119,9.9571085,102.52881
20250321T1800,15.130245,55.875217,9.531505,100.88553
20250321T1900,14.110246,58.344875,9.114471,99.09027
20250321T2000,13.220245,60.22419,7.5170207,106.69924
20250321T2100,12.510245,62.707363,6.9899354,101.88866
20250321T2200,11.550245,66.35586,5.154415,65.224846
20250321T2300,11.230246,69.89416,2.7416782,113.19859
20250322T0000,,,,
20250322T0100,,,,
20250322T0200,,,,
20250322T0300,,,,
20250322T0400,,,,
20250322T0500,,,,
20250322T0600,,,,
20250322T0700,,,,
20250322T0800,,,,
20250322T0900,,,,
20250322T1000,,,,
20250322T1100,,,,
20250322T1200,,,,
20250322T1300,,,,
20250322T1400,,,,
20250322T1500,,,,
20250322T1600,,,,
20250322T1700,,,,
20250322T1800,,,,
20250322T1900,,,,
20250322T2000,,,,
20250322T2100,,,,
20250322T2200,,,,
20250322T2300,,,,
20250323T0000,10.780245,79.84033,8.350138,277.4314
20250323T0100,10.180245,83.975555,5.904439,232.43141
20250323T0200,9.940246,85.869804,6.3690495,227.29062
20250323T0300,10.230246,82.4954,6.489992,236.30994
20250323T0400,10.460245,77.72667,6.9153743,231.3402
20250323T0500,10.460245,77.03103,5.6002855,225.0
20250323T0600,9.900246,82.28044,4.2136917,199.98311
20250323T0700,9.820246,86.2698,3.9763298,185.19443
20250323T0800,10.390245,85.86148,4.1046314,164.74487
20250323T0900,11.520246,78.86553,6.725354,195.52411
20250323T1000,12.190246,76.21816,6.519877,173.6598
20250323T1100,13.430245,68.72689,8.854829,206.56505
20250323T1200,14.400246,62.594913,10.514218,218.04704
20250323T1300,15.0602455,57.38557,9.422101,226.54816
20250323T1400,15.570246,54.841267,5.692099,235.30484
20250323T1500,15.790245,51.937668,1.484318,194.03624
20250323T1600,15.630245,52.65762,2.6208394,105.9454
20250323T1700,15.150246,52.820477,4.1046314,74.74488
20250323T1800,14.230246,55.288795,2.52,270.0
20250323T1900,12.040245,66.05098,7.072878,255.25644
20250323T2000,10.670245,72.859406,5.8048253,262.875
20250323T2100,9.270246,81.90944,3.8773184,291.8014
20250323T2200,10.380245,81.61331,5.937272,345.96375
20250323T2300,9.230246,86.20454,4.5536795,341.56506
20250324T0000,8.170245,89.248764,1.2979984,146.30994
20250324T0100,8.140245,90.24001,1.4399999,180.0
20250324T0200,7.770245,92.29533,0.8049845,333.43497
20250324T0300,7.7202454,93.8366,0.8049845,26.565033
20250324T0400,7.360245,94.926506,1.0182338,44.999985
20250324T0500,7.2002454,95.18183,1.2979984,56.30993
20250324T0600,7.690245,93.89972,0.8049845,116.56505
20250324T0700,8.630245,92.29113,0.35999998,89.99999
20250324T0800,10.130245,88.09188,2.3051248,38.659805
20250324T0900,11.470245,83.792465,4.0249224,26.565033
20250324T1000,12.870245,76.54135,2.0991426,59.036232
20250324T1100,13.8102455,71.385895,3.319036,12.528809
20250324T1200,14.660245,66.54205,5.04,360.0
20250324T1300,15.020246,63.258644,6.2145634,349.992
20250324T1400,14.650246,59.54291,8.089993,339.14557
20250324T1500,14.420245,60.31328,8.350138,7.431381
20250324T1600,14.540245,61.391605,7.289445,32.905228
20250324T1700,13.680245,65.781654,3.396233,302.00537
20250324T1800,12.480246,70.636154,6.9899354,11.888657
20250324T1900,11.490245,78.376465,5.0142193,21.037506
20250324T2000,12.070246,75.93744,1.5273507,44.999985
20250324T2100,11.610246,78.93349,0.35999998,270.0
20250324T2200,9.640245,87.14303,6.725354,74.47588
20250324T2300,8.650246,90.969215,4.8433046,138.01279
20250325T0000,8.400246,91.70508,3.0758414,159.44395
20250325T0100,7.7802453,92.74405,0.8049845,153.43495
20250325T0200,7.5102453,93.954285,0.0,180.0
20250325T0300,7.290245,93.74635,1.1384199,108.434944
20250325T0400,6.8302455,94.11088,1.2979984,146.30994
20250325T0500,6.230245,95.33315,1.2979984,123.69006
20250325T0600,6.3502455,95.33902,1.9386592,111.80141
20250325T0700,7.920245,91.98725,2.9024127,82.874985
20250325T0800,10.540245,85.00291,1.0182338,44.999985
20250325T0900,12.580245,76.962685,2.6208394,15.945404
20250325T1000,14.040245,72.40624,5.8048253,352.875
20250325T1100,14.990245,66.6594,7.4128532,330.94543
20250325T1200,14.960245,64.07104,8.311245,342.34988
20250325T1300,15.170245,62.905853,9.255571,346.50427
20250325T1400,15.0602455,62.45135,9.3669195,357.79742
20250325T1500,15.120245,61.447556,8.209263,15.255127
20250325T1600,14.620245,61.368767,9.028754,4.573929
20250325T1700,13.490245,69.16429,5.3517847,340.3462
20250325T1800,11.790245,79.447815,7.5942073,354.5597
20250325T1900,10.770246,82.56776,4.32,360.0
20250325T2000,11.380245,79.82113,1.2979984,236.30994
20250325T2100,11.500245,79.18682,3.396233,237.99463
20250325T2200,10.170245,84.43657,3.0547013,225.0
20250325T2300,10.090245,84.25312,3.096837,215.53769
20250326T0000,9.460245,85.81556,3.096837,215.53769
20250326T0100,9.670245,84.20115,1.2979984,236.30994
20250326T0200,9.630245,85.3638,1.484318,345.96375
20250326T0300,9.420245,86.10699,1.8,360.0
20250326T0400,9.190246,87.09595,2.3051248,38.659805
20250326T0500,7.9902453,89.23226,4.379589,9.462311
20250326T0600,7.650245,90.38655,3.671294,11.309921
20250326T0700,9.150246,84.36935,3.8773184,338.1986
20250326T0800,10.280245,78.23648,5.5887027,345.0686
20250326T0900,11.280245,70.14798,7.2359104,354.28943
20250326T1000,11.970245,68.60726,6.489992,3.1798248
20250326T1100,12.530245,66.06959,9.007196,357.7094
20250326T1200,12.300245,66.017815,9.3876505,4.398697
20250326T1300,11.840245,69.82672,10.594036,9.782394
20250326T1400,11.380245,72.69322,11.440978,12.724335
20250326T1500,11.040245,76.493385,11.620809,16.189209
20250326T1600,10.640245,79.27169,10.661107,11.689362
20250326T1700,10.120245,82.70789,10.1376915,6.1154785
20250326T1800,9.690246,85.13622,9.3669195,2.202591
20250326T1900,9.400246,86.87864,9.3876505,4.398697
20250326T2000,9.150246,87.875,9.3669195,2.202591
20250326T2100,8.950245,88.219124,9.726665,2.1210938
20250326T2200,8.730246,89.60791,7.2359104,354.28943
20250326T2300,8.580245,88.24383,7.208994,357.13757
20250327T0000,8.400246,86.710976,8.287822,2.4895477
20250327T0100,8.140245,86.021965,8.669949,4.7636414
20250327T0200,7.7002454,85.85144,8.350138,7.431381
20250327T0300,7.2602453,85.86025,6.924738,8.972626
20250327T0400,6.920245,85.27902,6.924738,8.972626
20250327T0500,6.7402453,86.22283,7.342588,11.309921
20250327T0600,6.9302454,86.18413,7.42159,14.03624
20250327T0700,7.940245,83.455765,8.766573,19.179016
20250327T0800,9.180245,76.544716,11.592894,36.158173
20250327T0900,10.270246,69.69342,13.004922,48.366455
20250327T1000,11.160245,63.757774,11.808878,52.431404
20250327T1100,12.120245,59.77934,12.88981,54.09027
20250327T1200,12.710245,57.456497,14.4,53.130096
20250327T1300,13.300245,55.702057,13.684735,54.637527
20250327T1400,13.710245,53.96153,13.684735,54.637527
20250327T1500,13.890245,51.958817,13.479583,55.885513
20250327T1600,13.550245,52.6029,12.413477,60.46122
20250327T1700,12.430245,57.545296,9.178235,64.440025
20250327T1800,9.650246,68.20144,6.297428,59.036255
20250327T1900,8.390245,71.443825,7.0911775,66.037506
20250327T2000,7.6602454,73.4082,7.628263,70.70995
20250327T2100,6.6002455,76.08706,8.217153,61.18921
20250327T2200,5.730245,78.4238,9.957108,49.398697
20250327T2300,5.8702455,77.998886,7.42159,50.906143
20250328T0000,4.900245,81.976295,6.1305785,49.76364
20250328T0100,4.3902454,83.75083,4.510787,28.610443
20250328T0200,4.1902456,84.694,3.563818,44.999985
20250328T0300,4.0802455,85.29173,3.8773184,68.19859
20250328T0400,4.0202456,85.90035,4.32,89.99999
20250328T0500,3.0802455,88.49724,2.9024127,119.74488
20250328T0600,2.9502454,90.74939,2.3051248,141.34018
20250328T0700,5.610245,84.69509,2.0991426,149.03624
20250328T0800,8.010245,76.33949,1.484318,104.03624
20250328T0900,9.770246,69.29439,1.2979984,56.30993
20250328T1000,11.190246,65.214714,1.8,360.0
20250328T1100,12.080245,62.82323,1.835647,11.309921
20250328T1200,13.300245,58.3814,2.2768397,18.434952
20250328T1300,14.020246,56.838024,1.835647,11.309921
20250328T1400,14.530245,55.600636,1.609969,296.56506
20250328T1500,14.870245,53.56078,3.219938,243.43495
20250328T1600,14.720245,52.776676,3.6,216.8699
20250328T1700,14.020246,67.50068,3.396233,212.00539
20250328T1800,14.000245,51.007915,6.9247384,207.89728
20250328T1900,11.020246,67.54808,6.763786,205.20113
20250328T2000,10.180245,70.90631,5.991594,212.73523
20250328T2100,9.740245,71.91872,7.2,233.1301
20250328T2200,9.640245,76.464325,7.771331,256.6075
20250328T2300,9.500245,77.513504,7.5599995,270.0
20250329T0000,9.260245,80.052284,7.9526596,264.80557
20250329T0100,8.850245,81.90736,7.2359104,264.28943
20250329T0200,8.630245,83.25623,7.172949,252.47443
20250329T0300,8.380245,83.74668,5.4833565,246.8014
20250329T0400,8.300245,84.851845,4.802999,257.00537
20250329T0500,8.240246,86.212975,5.0142193,291.0375
20250329T0600,8.410246,86.53181,5.3517847,317.72632
20250329T0700,8.540245,87.208084,8.699793,335.55603
20250329T0800,8.390245,88.71495,14.417988,357.13757
20250329T0900,8.490246,90.02064,15.124284,358.63608
20250329T1000,9.200245,84.90203,12.324414,6.7098236
20250329T1100,10.080245,80.065384,12.24,360.0
20250329T1200,10.600245,76.20668,14.044615,1.4687958
20250329T1300,10.990245,72.66843,15.876775,3.9004822
20250329T1400,11.320246,71.533,14.830076,354.4278
20250329T1500,11.190246,72.104866,15.328561,350.5377
20250329T1600,11.120245,71.94124,14.512064,352.875
20250329T1700,10.910245,71.00516,11.542478,356.42368
20250329T1800,10.540245,68.63564,7.208994,357.13757
20250329T1900,9.580245,70.83314,6.28713,346.7595
20250329T2000,8.260245,75.41991,6.618519,315.0
20250329T2100,7.1202455,79.43916,6.297428,300.96375
20250329T2200,6.110245,86.45489,6.618519,315.0
20250329T2300,5.250245,87.530556,7.729527,332.24146
20250330T0000,5.920245,85.27723,5.0911684,315.0
20250330T0100,5.650245,85.425835,2.1897945,260.5377
20250330T0200,5.250245,85.92597,3.6179552,275.7106
20250330T0300,5.0602455,86.518036,2.5455842,261.8699
20250330T0400,4.7002454,87.6581,1.609969,243.43495
20250330T0500,3.1802454,90.96603,2.8116899,219.80557
20250330T0600,2.7402453,93.38705,2.0991426,210.96376
20250330T0700,5.7802453,86.478195,3.7064266,209.05461
20250330T0800,8.8102455,75.99859,5.1165614,230.7106
20250330T0900,11.160245,64.47919,8.825508,258.23172
20250330T1000,12.760245,55.283527,9.793058,252.89728
20250330T1100,13.940246,48.315308,11.966954,254.29138
20250330T1200,14.540245,45.09563,13.441071,262.30396
20250330T1300,14.530245,44.803738,14.494192,255.61862
20250330T1400,14.380245,45.958492,15.517629,273.9909
20250330T1500,13.750245,48.883213,14.404499,268.5679
20250330T1600,13.110246,53.64593,14.044615,268.5312
20250330T1700,12.5602455,58.108704,12.605142,271.6366
20250330T1800,11.890245,62.207718,12.979984,273.17984
20250330T1900,10.860246,67.13536,12.015589,278.61566
20250330T2000,9.980246,71.916115,10.538843,277.85333
20250330T2100,9.570246,73.671684,8.669949,274.76364
20250330T2200,9.530245,74.49412,8.4042845,279.8658
20250330T2300,8.970245,76.50817,8.225035,293.1986
20250331T0000,8.660245,75.91851,7.10031,300.46555
20250331T0100,8.510245,75.57173,6.6185193,292.38013
20250331T0200,7.750245,76.998314,7.0911775,293.9625
20250331T0300,7.3402452,77.20027,8.473393,282.26477
20250331T0400,7.4702454,75.81178,9.028754,274.5739
20250331T0500,7.3402452,76.16612,8.287822,267.51044
20250331T0600,7.3902454,76.33751,5.937272,255.96376
20250331T0700,8.410246,71.75267,5.0142193,291.0375
20250331T0800,9.5602455,62.252327,9.779817,353.65985
20250331T0900,10.120245,58.424007,11.570515,5.3558044
20250331T1000,10.570246,57.42272,7.968939,18.434952
20250331T1100,11.050245,55.65007,9.9571085,12.528793
20250331T1200,11.370245,54.476482,12.849528,11.309921
20250331T1300,11.610246,53.003674,13.556282,10.713104
20250331T1400,11.770246,51.73419,13.556282,10.713104
20250331T1500,11.860246,51.095222,15.629971,14.676376
20250331T1600,11.450245,50.466534,14.917212,19.746826
20250331T1700,10.670245,50.53509,11.384199,18.434952
20250331T1800,9.360246,53.723648,8.049845,10.30484
20250331T1900,8.260245,57.552563,6.924738,8.972626
20250331T2000,7.750245,60.511173,6.725354,15.524109
20250331T2100,7.110245,63.551014,7.289444,20.224854
20250331T2200,5.670245,71.54879,8.435069,39.805573
20250331T2300,4.8702455,74.19094,8.209263,37.87497
20250401T0000,,,,
20250401T0100,,,,
20250401T0200,,,,
20250401T0300,,,,
20250401T0400,,,,
20250401T0500,,,,
20250401T0600,,,,
20250401T0700,,,,
20250401T0800,,,,
20250401T0900,,,,
20250401T1000,,,,
20250401T1100,,,,
20250401T1200,,,,
20250401T1300,,,,
20250401T1400,,,,
20250401T1500,,,,
20250401T1600,,,,
20250401T1700,,,,
20250401T1800,,,,
20250401T1900,,,,
20250401T2000,,,,
20250401T2100,,,,
20250401T2200,,,,
20250401T2300,,,,
20250402T0000,,,,
20250402T0100,,,,
20250402T0200,,,,
20250402T0300,,,,
20250402T0400,,,,
20250402T0500,,,,
20250402T0600,,,,
20250402T0700,,,,
20250402T0800,,,,
20250402T0900,,,,
20250402T1000,,,,
20250402T1100,,,,
20250402T1200,,,,
20250402T1300,,,,
20250402T1400,,,,
20250402T1500,,,,
20250402T1600,,,,
20250402T1700,,,,
20250402T1800,,,,
20250402T1900,,,,
20250402T2000,,,,
20250402T2100,,,,
20250402T2200,,,,
20250402T2300,,,,
20250403T0000,,,,
20250403T0100,,,,
20250403T0200,,,,
20250403T0300,,,,
20250403T0400,,,,
20250403T0500,,,,
20250403T0600,,,,
20250403T0700,,,,
20250403T0800,,,,
20250403T0900,,,,
20250403T1000,,,,
20250403T1100,,,,
20250403T1200,,,,
20250403T1300,,,,
20250403T1400,,,,
20250403T1500,,,,
20250403T1600,,,,
20250403T1700,,,,
20250403T1800,,,,
20250403T1900,,,,
20250403T2000,,,,
20250403T2100,,,,
20250403T2200,,,,
20250403T2300,,,,
20250404T0000,,,,
20250404T0100,,,,
20250404T0200,,,,
20250404T0300,,,,
20250404T0400,,,,
20250404T0500,,,,
20250404T0600,,,,
20250404T0700,,,,
20250404T0800,,,,
20250404T0900,,,,
20250404T1000,,,,
20250404T1100,,,,
20250404T1200,,,,
20250404T1300,,,,
20250404T1400,,,,
20250404T1500,,,,
20250404T1600,,,,
20250404T1700,,,,
20250404T1800,,,,
20250404T1900,,,,
20250404T2000,,,,
20250404T2100,,,,
20250404T2200,,,,
20250404T2300,,,,
20250405T0000,,,,
20250405T0100,,,,
20250405T0200,,,,
20250405T0300,,,,
20250405T0400,,,,
20250405T0500,,,,
20250405T0600,,,,
20250405T0700,,,,
20250405T0800,,,,
20250405T0900,,,,
20250405T1000,,,,
20250405T1100,,,,
20250405T1200,,,,
20250405T1300,,,,
20250405T1400,,,,
20250405T1500,,,,
20250405T1600,,,,
20250405T1700,,,,
20250405T1800,,,,
20250405T1900,,,,
20250405T2000,,,,
20250405T2100,,,,
20250405T2200,,,,
20250405T2300,,,,
20250406T0000,,,,
20250406T0100,,,,
20250406T0200,,,,
20250406T0300,,,,
20250406T0400,,,,
20250406T0500,,,,
20250406T0600,,,,
20250406T0700,,,,
20250406T0800,,,,
20250406T0900,,,,
20250406T1000,,,,
20250406T1100,,,,
20250406T1200,,,,
20250406T1300,,,,
20250406T1400,,,,
20250406T1500,,,,
20250406T1600,,,,
20250406T1700,,,,
20250406T1800,,,,
20250406T1900,,,,
20250406T2000,,,,
20250406T2100,,,,
20250406T2200,,,,
20250406T2300,,,,
20250407T0000,,,,
20250407T0100,,,,
20250407T0200,,,,
20250407T0300,,,,
20250407T0400,,,,
20250407T0500,,,,
20250407T0600,,,,
20250407T0700,,,,
20250407T0800,,,,
20250407T0900,,,,
20250407T1000,,,,
20250407T1100,,,,
20250407T1200,,,,
20250407T1300,,,,
20250407T1400,,,,
20250407T1500,,,,
20250407T1600,,,,
20250407T1700,,,,
20250407T1800,,,,
20250407T1900,,,,
20250407T2000,,,,
20250407T2100,,,,
20250407T2200,,,,
20250407T2300,,,,
20250408T0000,,,,
20250408T0100,,,,
20250408T0200,,,,
20250408T0300,,,,
20250408T0400,,,,
20250408T0500,,,,
20250408T0600,,,,
20250408T0700,,,,
20250408T0800,,,,
20250408T0900,,,,
20250408T1000,,,,
20250408T1100,,,,
20250408T1200,,,,
20250408T1300,,,,
20250408T1400,,,,
20250408T1500,,,,
20250408T1600,,,,
20250408T1700,,,,
20250408T1800,,,,
20250408T1900,,,,
20250408T2000,,,,
20250408T2100,,,,
20250408T2200,,,,
20250408T2300,,,,